,Do not Touch This Cell,,,,,,,,,,,,,,,,,,,,,,,,,JP Server Start,2021-02-24,,,,,Today's Date UTC,,Whale,Huge Spender,,,WATCH MY BANNER PREVIEW VIDEO,,,,,,,5.2,,Misc,1800,,,,,,,Date Mult,0.7,,,k1,,,,,,,,,,,,,,
,,,,,,,,,,,,,,,,,,,,,,,,,,,,,,,,2026-06-27 21:25:13,,Dolphin,Purchase Non Discounted Carats,,,,,,,,,,,,,,,,,,,,Date Offset,0,,,n/a,,,,,,,,,,,,,,
2026-07-01,Banner 1,Banner 2,Banner 3,Banner 4,Banner 5,Banner 6,Banner 7,Banner 8,Banner 9,Banner 10,Banner 11,Banner 12,Banner 13,Banner 14,Banner 15,Banner 16,Banner 17,Banner 18,Banner 19,Banner 20,Banner 21,Banner 22,Banner 23,Banner 24,Banner 25,,,,,,,2026-06-27,,Must Pull,FTP+Low Spender,,,,,,,,,,,,,,,,,,,,Incomplete Banner Trimmer,,,,k3,,,,,,,,,,,,,,
2026-07-20,Support,Support,Uma,Uma,Support,Support,Uma,Support,Support,Uma,Support,Uma,Uma,Uma,Uma,Uma,Uma,Uma,Uma,Uma,Uma,Uma,Uma,Uma,Uma,JP,,Global,,,,,,Recommended,,,,,,,,,,,,,,,,,,,,,Cutoff Date,2029-02-15,,,Concatenate Names for Dropdowns,,,True False Check for Dropdowns,,,Pull Tickets,,Limit Break Crystals,,,Champion Meeting,,League of Heroes,
2026-11-01,N/A,N/A,N/A,N/A,N/A,N/A,N/A,N/A,N/A,N/A,N/A,N/A,N/A,N/A,N/A,N/A,N/A,N/A,N/A,N/A,N/A,N/A,N/A,N/A,N/A,Start Date,End Date,Start Date,End Date,,Releases In,,,,,,,,,Event,,Story,,,ImportRange Columns must be kept empty,,,,,,,,,,,,,,Uma Banner,Support Card,Anniversaries,Uma Banner,Support Card,Anniversaries,Uma Sum,Support Sum,SSR Shard Sum,SR Shard Sum,End Date,CM Sum,End Date,LoH Sum,End Date
2026-11-08,Air Groove,Air Groove,Air Shakur,Air Shakur,Air Groove,Air Groove,Air Shakur,Air Groove,Air Groove,Air Shakur,Air Groove,Air Shakur,Air Shakur,Air Shakur,Air Shakur,Air Shakur,Air Shakur,Air Shakur,Air Shakur,Air Shakur,Air Shakur,Air Shakur,Air Shakur,Air Shakur,Air Shakur,2021-02-24,2021-03-02,2025-06-26,2025-07-02,,-365 Days,,,,,,,,,,,,,,,,,,,,,,,,,,,,,,,,,,,,,,,,,,
2026-11-25,The Throne's Assemblage,The Throne's Assemblage,Seiun Sky (Rerun) + Narita Brian (Rerun),Seiun Sky (Rerun) + Narita Brian (Rerun),The Throne's Assemblage,The Throne's Assemblage,Seiun Sky (Rerun) + Narita Brian (Rerun),The Throne's Assemblage,The Throne's Assemblage,Seiun Sky (Rerun) + Narita Brian (Rerun),The Throne's Assemblage,Seiun Sky (Rerun) + Narita Brian (Rerun),Seiun Sky (Rerun) + Narita Brian (Rerun),Seiun Sky (Rerun) + Narita Brian (Rerun),Seiun Sky (Rerun) + Narita Brian (Rerun),Seiun Sky (Rerun) + Narita Brian (Rerun),Seiun Sky (Rerun) + Narita Brian (Rerun),Seiun Sky (Rerun) + Narita Brian (Rerun),Seiun Sky (Rerun) + Narita Brian (Rerun),Seiun Sky (Rerun) + Narita Brian (Rerun),Seiun Sky (Rerun) + Narita Brian (Rerun),Seiun Sky (Rerun) + Narita Brian (Rerun),Seiun Sky (Rerun) + Narita Brian (Rerun),Seiun Sky (Rerun) + Narita Brian (Rerun),Seiun Sky (Rerun) + Narita Brian (Rerun),,,,,,,,,,,,,,,,,,,,,,,,,,,,,,,,,,,,,,,,,,,,,,,,
2027-01-08,Maruzensky + Nakayama Festa,Maruzensky + Nakayama Festa,Mejiro McQueen (Summer) + Gold Ship (Summer),Mejiro McQueen (Summer) + Gold Ship (Summer),Maruzensky + Nakayama Festa,Maruzensky + Nakayama Festa,Mejiro McQueen (Summer) + Gold Ship (Summer),Maruzensky + Nakayama Festa,Maruzensky + Nakayama Festa,Mejiro McQueen (Summer) + Gold Ship (Summer),Maruzensky + Nakayama Festa,Mejiro McQueen (Summer) + Gold Ship (Summer),Mejiro McQueen (Summer) + Gold Ship (Summer),Mejiro McQueen (Summer) + Gold Ship (Summer),Mejiro McQueen (Summer) + Gold Ship (Summer),Mejiro McQueen (Summer) + Gold Ship (Summer),Mejiro McQueen (Summer) + Gold Ship (Summer),Mejiro McQueen (Summer) + Gold Ship (Summer),Mejiro McQueen (Summer) + Gold Ship (Summer),Mejiro McQueen (Summer) + Gold Ship (Summer),Mejiro McQueen (Summer) + Gold Ship (Summer),Mejiro McQueen (Summer) + Gold Ship (Summer),Mejiro McQueen (Summer) + Gold Ship (Summer),Mejiro McQueen (Summer) + Gold Ship (Summer),Mejiro McQueen (Summer) + Gold Ship (Summer),,,,,,,,,,,,,,,,,,,,,,,,,,,,,,,,,,,,,,,,,,,,,,,,
2027-04-01,Ikuno Dictus + Yukino Bijin,Ikuno Dictus + Yukino Bijin,Bamboo Memory,Bamboo Memory,Ikuno Dictus + Yukino Bijin,Ikuno Dictus + Yukino Bijin,Bamboo Memory,Ikuno Dictus + Yukino Bijin,Ikuno Dictus + Yukino Bijin,Bamboo Memory,Ikuno Dictus + Yukino Bijin,Bamboo Memory,Bamboo Memory,Bamboo Memory,Bamboo Memory,Bamboo Memory,Bamboo Memory,Bamboo Memory,Bamboo Memory,Bamboo Memory,Bamboo Memory,Bamboo Memory,Bamboo Memory,Bamboo Memory,Bamboo Memory,,,,,,,,,,,,,,,,,,,,,,,,,,,,,,,,,,,,,,,,,,,,,,,,
2027-06-02,Manhattan Cafe,Manhattan Cafe,Copano Rickey,Copano Rickey,Manhattan Cafe,Manhattan Cafe,Copano Rickey,Manhattan Cafe,Manhattan Cafe,Copano Rickey,Manhattan Cafe,Copano Rickey,Copano Rickey,Copano Rickey,Copano Rickey,Copano Rickey,Copano Rickey,Copano Rickey,Copano Rickey,Copano Rickey,Copano Rickey,Copano Rickey,Copano Rickey,Copano Rickey,Copano Rickey,,,,,,,,,,,,,,,,,,,,,,,,,,,,,,,,,,,,,,,,,,,,,,,,
2027-12-13,Light Hello + Agnes Tachyon,Light Hello + Agnes Tachyon,Smart Falcon (Grand Live),Smart Falcon (Grand Live),Light Hello + Agnes Tachyon,Light Hello + Agnes Tachyon,Smart Falcon (Grand Live),Light Hello + Agnes Tachyon,Light Hello + Agnes Tachyon,Smart Falcon (Grand Live),Light Hello + Agnes Tachyon,Smart Falcon (Grand Live),Smart Falcon (Grand Live),Smart Falcon (Grand Live),Smart Falcon (Grand Live),Smart Falcon (Grand Live),Smart Falcon (Grand Live),Smart Falcon (Grand Live),Smart Falcon (Grand Live),Smart Falcon (Grand Live),Smart Falcon (Grand Live),Smart Falcon (Grand Live),Smart Falcon (Grand Live),Smart Falcon (Grand Live),Smart Falcon (Grand Live),,,,,,Special Week,Silence Suzuka,Tokai Teio,Maruzensky,Oguri Cap,Taiki Shuttle,Mejiro McQueen,Symboli Rudolf,Rice Shower,,,,,,,,,,,,,,,,,,,,,,,,,,,,,,,,,,
2028-04-20,Tokai Teio + Twin Turbo,Tokai Teio + Twin Turbo,Winning Ticket (Steampunk) + Narita Taishin (Steampunk),Winning Ticket (Steampunk) + Narita Taishin (Steampunk),Tokai Teio + Twin Turbo,Tokai Teio + Twin Turbo,Winning Ticket (Steampunk) + Narita Taishin (Steampunk),Tokai Teio + Twin Turbo,Tokai Teio + Twin Turbo,Winning Ticket (Steampunk) + Narita Taishin (Steampunk),Tokai Teio + Twin Turbo,Winning Ticket (Steampunk) + Narita Taishin (Steampunk),Winning Ticket (Steampunk) + Narita Taishin (Steampunk),Winning Ticket (Steampunk) + Narita Taishin (Steampunk),Winning Ticket (Steampunk) + Narita Taishin (Steampunk),Winning Ticket (Steampunk) + Narita Taishin (Steampunk),Winning Ticket (Steampunk) + Narita Taishin (Steampunk),Winning Ticket (Steampunk) + Narita Taishin (Steampunk),Winning Ticket (Steampunk) + Narita Taishin (Steampunk),Winning Ticket (Steampunk) + Narita Taishin (Steampunk),Winning Ticket (Steampunk) + Narita Taishin (Steampunk),Winning Ticket (Steampunk) + Narita Taishin (Steampunk),Winning Ticket (Steampunk) + Narita Taishin (Steampunk),Winning Ticket (Steampunk) + Narita Taishin (Steampunk),Winning Ticket (Steampunk) + Narita Taishin (Steampunk),,,,,,,,,,,,,,,,,,,,,,,,,,,,,,Date Override,,Start Date,End Date,,,,,,,,,,,,,,,
2028-08-08,Smart Falcon + Silence Suzuka,Smart Falcon + Silence Suzuka,Yukino Bijin,Yukino Bijin,Smart Falcon + Silence Suzuka,Smart Falcon + Silence Suzuka,Yukino Bijin,Smart Falcon + Silence Suzuka,Smart Falcon + Silence Suzuka,Yukino Bijin,Smart Falcon + Silence Suzuka,Yukino Bijin,Yukino Bijin,Yukino Bijin,Yukino Bijin,Yukino Bijin,Yukino Bijin,Yukino Bijin,Yukino Bijin,Yukino Bijin,Yukino Bijin,Yukino Bijin,Yukino Bijin,Yukino Bijin,Yukino Bijin,,,,,,,,,,,,,,,,,,,,,,,,,,,,,,2025-06-26,,2025-06-26,2025-07-02,,,,,,,,,,,,,,,
2028-10-02,Daiichi Ruby,Daiichi Ruby,Seeking the Pearl,Seeking the Pearl,Daiichi Ruby,Daiichi Ruby,Seeking the Pearl,Daiichi Ruby,Daiichi Ruby,Seeking the Pearl,Daiichi Ruby,Seeking the Pearl,Seeking the Pearl,Seeking the Pearl,Seeking the Pearl,Seeking the Pearl,Seeking the Pearl,Seeking the Pearl,Seeking the Pearl,Seeking the Pearl,Seeking the Pearl,Seeking the Pearl,Seeking the Pearl,Seeking the Pearl,Seeking the Pearl,,,,,,,,,,,,,,,,,,,,,,,,,,,,,,Banner Type,-2,2025-06-26 22:00:00,2025-07-02 21:59:59,Special Week + Silence Suzuka + Tokai Teio + Maruzensky + Oguri Cap + Taiki Shuttle + Mejiro McQueen + Symboli Rudolf + Rice Shower,Special Week + Silence Suzuka + Tokai Teio + Gold Ship + Vodka + Grass Wonder + El Condor Pasa + Seiun Sky + Tamamo Cross + Fine Motion + Ines Fujin + Winning Ticket + Air Shakur + Gold City + Sakura Bakushin O + Super Creek + Smart Falcon + Nishino Flower + Biko Pegasus + Tazuna,,,,,,,,,,,,,
2028-10-25,Mejiro Palmer + Daitaku Helios,Mejiro Palmer + Daitaku Helios,Agnes Digital (Halloween) + Meisho Doto (Halloween),Agnes Digital (Halloween) + Meisho Doto (Halloween),Mejiro Palmer + Daitaku Helios,Mejiro Palmer + Daitaku Helios,Agnes Digital (Halloween) + Meisho Doto (Halloween),Mejiro Palmer + Daitaku Helios,Mejiro Palmer + Daitaku Helios,Agnes Digital (Halloween) + Meisho Doto (Halloween),Mejiro Palmer + Daitaku Helios,Agnes Digital (Halloween) + Meisho Doto (Halloween),Agnes Digital (Halloween) + Meisho Doto (Halloween),Agnes Digital (Halloween) + Meisho Doto (Halloween),Agnes Digital (Halloween) + Meisho Doto (Halloween),Agnes Digital (Halloween) + Meisho Doto (Halloween),Agnes Digital (Halloween) + Meisho Doto (Halloween),Agnes Digital (Halloween) + Meisho Doto (Halloween),Agnes Digital (Halloween) + Meisho Doto (Halloween),Agnes Digital (Halloween) + Meisho Doto (Halloween),Agnes Digital (Halloween) + Meisho Doto (Halloween),Agnes Digital (Halloween) + Meisho Doto (Halloween),Agnes Digital (Halloween) + Meisho Doto (Halloween),Agnes Digital (Halloween) + Meisho Doto (Halloween),Agnes Digital (Halloween) + Meisho Doto (Halloween),,,,,,,,,,,,,,,,,,,,,,,,,,,,,,JP,,JP Datedif,0,,,,,,,,,,,,,,,
2029-01-01,Maruzensky + Fine Motion,Maruzensky + Fine Motion,Aston Machan,Aston Machan,Maruzensky + Fine Motion,Maruzensky + Fine Motion,Aston Machan,Maruzensky + Fine Motion,Maruzensky + Fine Motion,Aston Machan,Maruzensky + Fine Motion,Aston Machan,Aston Machan,Aston Machan,Aston Machan,Aston Machan,Aston Machan,Aston Machan,Aston Machan,Aston Machan,Aston Machan,Aston Machan,Aston Machan,Aston Machan,Aston Machan,,,,,,,,,,,,,,,,,,,,,,,,,,,,,,Start Date,End Date,Global Datedif,0,,,,,,,,,,,,,,,
2029-02-01,Daiichi Ruby (Rerun),Daiichi Ruby (Rerun),Seeking the Pearl (Rerun),Seeking the Pearl (Rerun),Daiichi Ruby (Rerun),Daiichi Ruby (Rerun),Seeking the Pearl (Rerun),Daiichi Ruby (Rerun),Daiichi Ruby (Rerun),Seeking the Pearl (Rerun),Daiichi Ruby (Rerun),Seeking the Pearl (Rerun),Seeking the Pearl (Rerun),Seeking the Pearl (Rerun),Seeking the Pearl (Rerun),Seeking the Pearl (Rerun),Seeking the Pearl (Rerun),Seeking the Pearl (Rerun),Seeking the Pearl (Rerun),Seeking the Pearl (Rerun),Seeking the Pearl (Rerun),Seeking the Pearl (Rerun),Seeking the Pearl (Rerun),Seeking the Pearl (Rerun),Seeking the Pearl (Rerun),,,,,,,,,,,,,,,,,,,,,,,,,,,,,,2021-02-24,2021-03-02,D-Day,-365,,,,,,,,,,,,,,,
,Symboli Kris S Stamina,Symboli Kris S Stamina,Yamanin Zephyr,Yamanin Zephyr,Symboli Kris S Stamina,Symboli Kris S Stamina,Yamanin Zephyr,Symboli Kris S Stamina,Symboli Kris S Stamina,Yamanin Zephyr,Symboli Kris S Stamina,Yamanin Zephyr,Yamanin Zephyr,Yamanin Zephyr,Yamanin Zephyr,Yamanin Zephyr,Yamanin Zephyr,Yamanin Zephyr,Yamanin Zephyr,Yamanin Zephyr,Yamanin Zephyr,Yamanin Zephyr,Yamanin Zephyr,Yamanin Zephyr,Yamanin Zephyr,,,,,,Special Week,Silence Suzuka,Tokai Teio,Gold Ship,Vodka,Grass Wonder,El Condor Pasa,Seiun Sky,Tamamo Cross,Fine Motion,,Mejiro McQueen,,,,,,,,,,,,,Pull Tickets,,Finals Day,-360,,,,,,,,,,,,,,,
,Oguri Cap + Yaeno Muteki,Oguri Cap + Yaeno Muteki,Tamamo Cross (Festival) + Inari One (Festival),Tamamo Cross (Festival) + Inari One (Festival),Oguri Cap + Yaeno Muteki,Oguri Cap + Yaeno Muteki,Tamamo Cross (Festival) + Inari One (Festival),Oguri Cap + Yaeno Muteki,Oguri Cap + Yaeno Muteki,Tamamo Cross (Festival) + Inari One (Festival),Oguri Cap + Yaeno Muteki,Tamamo Cross (Festival) + Inari One (Festival),Tamamo Cross (Festival) + Inari One (Festival),Tamamo Cross (Festival) + Inari One (Festival),Tamamo Cross (Festival) + Inari One (Festival),Tamamo Cross (Festival) + Inari One (Festival),Tamamo Cross (Festival) + Inari One (Festival),Tamamo Cross (Festival) + Inari One (Festival),Tamamo Cross (Festival) + Inari One (Festival),Tamamo Cross (Festival) + Inari One (Festival),Tamamo Cross (Festival) + Inari One (Festival),Tamamo Cross (Festival) + Inari One (Festival),Tamamo Cross (Festival) + Inari One (Festival),Tamamo Cross (Festival) + Inari One (Festival),Tamamo Cross (Festival) + Inari One (Festival),,,,,,,,,,,,,,,,,,,,,,,,,,,,,,Uma,Support,Length,6,,,,,,,,,,,,,,,
,Mr. C.B. + Super Creek,Mr. C.B. + Super Creek,Nakayama Festa,Nakayama Festa,Mr. C.B. + Super Creek,Mr. C.B. + Super Creek,Nakayama Festa,Mr. C.B. + Super Creek,Mr. C.B. + Super Creek,Nakayama Festa,Mr. C.B. + Super Creek,Nakayama Festa,Nakayama Festa,Nakayama Festa,Nakayama Festa,Nakayama Festa,Nakayama Festa,Nakayama Festa,Nakayama Festa,Nakayama Festa,Nakayama Festa,Nakayama Festa,Nakayama Festa,Nakayama Festa,Nakayama Festa,,,,,,,,,,,,,,,,,,,,,,,,,,,,,,,,Dropdown,TRUE,,,,,,,,,,,,,,,
,Eishin Flash,Eishin Flash,Wonder Acute,Wonder Acute,Eishin Flash,Eishin Flash,Wonder Acute,Eishin Flash,Eishin Flash,Wonder Acute,Eishin Flash,Wonder Acute,Wonder Acute,Wonder Acute,Wonder Acute,Wonder Acute,Wonder Acute,Wonder Acute,Wonder Acute,Wonder Acute,Wonder Acute,Wonder Acute,Wonder Acute,Wonder Acute,Wonder Acute,,,,,,,,,,,,,,,,,,,,,,,,,,,,,,Limit Break Crystals,,,,,,,,,,,,,,,,,,
,Narita Brian + Air Groove,Narita Brian + Air Groove,Vodka (Christmas) + Daiwa Scarlet (Christmas),Vodka (Christmas) + Daiwa Scarlet (Christmas),Narita Brian + Air Groove,Narita Brian + Air Groove,Vodka (Christmas) + Daiwa Scarlet (Christmas),Narita Brian + Air Groove,Narita Brian + Air Groove,Vodka (Christmas) + Daiwa Scarlet (Christmas),Narita Brian + Air Groove,Vodka (Christmas) + Daiwa Scarlet (Christmas),Vodka (Christmas) + Daiwa Scarlet (Christmas),Vodka (Christmas) + Daiwa Scarlet (Christmas),Vodka (Christmas) + Daiwa Scarlet (Christmas),Vodka (Christmas) + Daiwa Scarlet (Christmas),Vodka (Christmas) + Daiwa Scarlet (Christmas),Vodka (Christmas) + Daiwa Scarlet (Christmas),Vodka (Christmas) + Daiwa Scarlet (Christmas),Vodka (Christmas) + Daiwa Scarlet (Christmas),Vodka (Christmas) + Daiwa Scarlet (Christmas),Vodka (Christmas) + Daiwa Scarlet (Christmas),Vodka (Christmas) + Daiwa Scarlet (Christmas),Vodka (Christmas) + Daiwa Scarlet (Christmas),Vodka (Christmas) + Daiwa Scarlet (Christmas),,,,,,,,,,,,,,,,,,,,,,,,,,,,,,SSR,SR,,,,,,,,,,,,,,,,,
,Light Hello + Mayano Top Gun,Light Hello + Mayano Top Gun,Zenno Rob Roy,Zenno Rob Roy,Light Hello + Mayano Top Gun,Light Hello + Mayano Top Gun,Zenno Rob Roy,Light Hello + Mayano Top Gun,Light Hello + Mayano Top Gun,Zenno Rob Roy,Light Hello + Mayano Top Gun,Zenno Rob Roy,Zenno Rob Roy,Zenno Rob Roy,Zenno Rob Roy,Zenno Rob Roy,Zenno Rob Roy,Zenno Rob Roy,Zenno Rob Roy,Zenno Rob Roy,Zenno Rob Roy,Zenno Rob Roy,Zenno Rob Roy,Zenno Rob Roy,Zenno Rob Roy,,,,,,,,,,,,,,,,,,,,,,,,,,,,,,,,,,,,,,,,,,,,,,,,
,Yamanin Zephyr,Yamanin Zephyr,Narita Brian (Blaze),Narita Brian (Blaze),Yamanin Zephyr,Yamanin Zephyr,Narita Brian (Blaze),Yamanin Zephyr,Yamanin Zephyr,Narita Brian (Blaze),Yamanin Zephyr,Narita Brian (Blaze),Narita Brian (Blaze),Narita Brian (Blaze),Narita Brian (Blaze),Narita Brian (Blaze),Narita Brian (Blaze),Narita Brian (Blaze),Narita Brian (Blaze),Narita Brian (Blaze),Narita Brian (Blaze),Narita Brian (Blaze),Narita Brian (Blaze),Narita Brian (Blaze),Narita Brian (Blaze),JP,,Global,,,,,,,,,,,,,,,,,,,,,,,,,,,Date Override,,Start Date,End Date,,,,,,,,,,,,,,,
,Special Week + Sweep Tosho,Special Week + Sweep Tosho,Kitasan Black (New Year) + Satono Diamond (New Year),Kitasan Black (New Year) + Satono Diamond (New Year),Special Week + Sweep Tosho,Special Week + Sweep Tosho,Kitasan Black (New Year) + Satono Diamond (New Year),Special Week + Sweep Tosho,Special Week + Sweep Tosho,Kitasan Black (New Year) + Satono Diamond (New Year),Special Week + Sweep Tosho,Kitasan Black (New Year) + Satono Diamond (New Year),Kitasan Black (New Year) + Satono Diamond (New Year),Kitasan Black (New Year) + Satono Diamond (New Year),Kitasan Black (New Year) + Satono Diamond (New Year),Kitasan Black (New Year) + Satono Diamond (New Year),Kitasan Black (New Year) + Satono Diamond (New Year),Kitasan Black (New Year) + Satono Diamond (New Year),Kitasan Black (New Year) + Satono Diamond (New Year),Kitasan Black (New Year) + Satono Diamond (New Year),Kitasan Black (New Year) + Satono Diamond (New Year),Kitasan Black (New Year) + Satono Diamond (New Year),Kitasan Black (New Year) + Satono Diamond (New Year),Kitasan Black (New Year) + Satono Diamond (New Year),Kitasan Black (New Year) + Satono Diamond (New Year),Start Date,End Date,Start Date,End Date,,Ines Fujin,Winning Ticket,Air Shakur,Gold City,Sakura Bakushin O,Super Creek,Smart Falcon,Nishino Flower,Biko Pegasus,Tazuna,,Rice Shower,,,,,,,,,,,,,2025-06-26,,2025-06-26,2025-07-03,,,,,,,,,,,,,,,
,Agnes Tachyon + Tokai Teio,Agnes Tachyon + Tokai Teio,Hokko Tarumae,Hokko Tarumae,Agnes Tachyon + Tokai Teio,Agnes Tachyon + Tokai Teio,Hokko Tarumae,Agnes Tachyon + Tokai Teio,Agnes Tachyon + Tokai Teio,Hokko Tarumae,Agnes Tachyon + Tokai Teio,Hokko Tarumae,Hokko Tarumae,Hokko Tarumae,Hokko Tarumae,Hokko Tarumae,Hokko Tarumae,Hokko Tarumae,Hokko Tarumae,Hokko Tarumae,Hokko Tarumae,Hokko Tarumae,Hokko Tarumae,Hokko Tarumae,Hokko Tarumae,2021-03-02,2021-03-09,2025-06-26,2025-07-03,,,,,,,,,,,,,,,,,,,,,,,,,,Banner Type,1,2025-06-26 22:00:00,2025-07-03 21:59:59,T.M. Opera,Oguri Cap,,,,,,,,,,,,,
,K.S.Miracle,K.S.Miracle,Daitaku Helios,Daitaku Helios,K.S.Miracle,K.S.Miracle,Daitaku Helios,K.S.Miracle,K.S.Miracle,Daitaku Helios,K.S.Miracle,Daitaku Helios,Daitaku Helios,Daitaku Helios,Daitaku Helios,Daitaku Helios,Daitaku Helios,Daitaku Helios,Daitaku Helios,Daitaku Helios,Daitaku Helios,Daitaku Helios,Daitaku Helios,Daitaku Helios,Daitaku Helios,,,,,,,,,,,,,,,,,,,,,,,,,,,,,,JP,,JP Datedif,6,,,,,,,,,,,,,,,
,Taiki Shuttle + Matikanefukukitaru,Taiki Shuttle + Matikanefukukitaru,Rice Shower (Halloween) + Haru Urara (New Year),Rice Shower (Halloween) + Haru Urara (New Year),Taiki Shuttle + Matikanefukukitaru,Taiki Shuttle + Matikanefukukitaru,Rice Shower (Halloween) + Haru Urara (New Year),Taiki Shuttle + Matikanefukukitaru,Taiki Shuttle + Matikanefukukitaru,Rice Shower (Halloween) + Haru Urara (New Year),Taiki Shuttle + Matikanefukukitaru,Rice Shower (Halloween) + Haru Urara (New Year),Rice Shower (Halloween) + Haru Urara (New Year),Rice Shower (Halloween) + Haru Urara (New Year),Rice Shower (Halloween) + Haru Urara (New Year),Rice Shower (Halloween) + Haru Urara (New Year),Rice Shower (Halloween) + Haru Urara (New Year),Rice Shower (Halloween) + Haru Urara (New Year),Rice Shower (Halloween) + Haru Urara (New Year),Rice Shower (Halloween) + Haru Urara (New Year),Rice Shower (Halloween) + Haru Urara (New Year),Rice Shower (Halloween) + Haru Urara (New Year),Rice Shower (Halloween) + Haru Urara (New Year),Rice Shower (Halloween) + Haru Urara (New Year),Rice Shower (Halloween) + Haru Urara (New Year),,,,,,,,,,,,,,,,,,,,,,,,,,,,,,Start Date,End Date,Global Datedif,0,,,,,,,,,,,,,,,
,Marvelous Sunday + Biko Pegasus,Marvelous Sunday + Biko Pegasus,Ines Fujin (Valentine) + Mejiro Ryan (Valentine),Ines Fujin (Valentine) + Mejiro Ryan (Valentine),Marvelous Sunday + Biko Pegasus,Marvelous Sunday + Biko Pegasus,Ines Fujin (Valentine) + Mejiro Ryan (Valentine),Marvelous Sunday + Biko Pegasus,Marvelous Sunday + Biko Pegasus,Ines Fujin (Valentine) + Mejiro Ryan (Valentine),Marvelous Sunday + Biko Pegasus,Ines Fujin (Valentine) + Mejiro Ryan (Valentine),Ines Fujin (Valentine) + Mejiro Ryan (Valentine),Ines Fujin (Valentine) + Mejiro Ryan (Valentine),Ines Fujin (Valentine) + Mejiro Ryan (Valentine),Ines Fujin (Valentine) + Mejiro Ryan (Valentine),Ines Fujin (Valentine) + Mejiro Ryan (Valentine),Ines Fujin (Valentine) + Mejiro Ryan (Valentine),Ines Fujin (Valentine) + Mejiro Ryan (Valentine),Ines Fujin (Valentine) + Mejiro Ryan (Valentine),Ines Fujin (Valentine) + Mejiro Ryan (Valentine),Ines Fujin (Valentine) + Mejiro Ryan (Valentine),Ines Fujin (Valentine) + Mejiro Ryan (Valentine),Ines Fujin (Valentine) + Mejiro Ryan (Valentine),Ines Fujin (Valentine) + Mejiro Ryan (Valentine),,,,,,,,,,,,,,,,,,,,,,,,,,,,,,2021-03-02,2021-03-09,D-Day,-365,,,,,,,,,,,,,,,
,Maruzensky + Nishino Flower,Maruzensky + Nishino Flower,Shinko Windy,Shinko Windy,Maruzensky + Nishino Flower,Maruzensky + Nishino Flower,Shinko Windy,Maruzensky + Nishino Flower,Maruzensky + Nishino Flower,Shinko Windy,Maruzensky + Nishino Flower,Shinko Windy,Shinko Windy,Shinko Windy,Shinko Windy,Shinko Windy,Shinko Windy,Shinko Windy,Shinko Windy,Shinko Windy,Shinko Windy,Shinko Windy,Shinko Windy,Shinko Windy,Shinko Windy,,,,,,,,,,,,,,,,,,,,,,,,,,,,,,Pull Tickets,,Finals Day,-359,,,,,,,,,,,,,,,
,Mejiro Ramonu,Mejiro Ramonu,Mr. C.B. + Twin Turbo,Mr. C.B. + Twin Turbo,Mejiro Ramonu,Mejiro Ramonu,Mr. C.B. + Twin Turbo,Mejiro Ramonu,Mejiro Ramonu,Mr. C.B. + Twin Turbo,Mejiro Ramonu,Mr. C.B. + Twin Turbo,Mr. C.B. + Twin Turbo,Mr. C.B. + Twin Turbo,Mr. C.B. + Twin Turbo,Mr. C.B. + Twin Turbo,Mr. C.B. + Twin Turbo,Mr. C.B. + Twin Turbo,Mr. C.B. + Twin Turbo,Mr. C.B. + Twin Turbo,Mr. C.B. + Twin Turbo,Mr. C.B. + Twin Turbo,Mr. C.B. + Twin Turbo,Mr. C.B. + Twin Turbo,Mr. C.B. + Twin Turbo,,,,,,,,,,,,,,,,,,,,,,,,,,,,,,Uma,Support,Length,7,,,,,,,,,,,,,,,
,Oguri Cap + Sirius Symboli,Oguri Cap + Sirius Symboli,Daiichi Ruby,Daiichi Ruby,Oguri Cap + Sirius Symboli,Oguri Cap + Sirius Symboli,Daiichi Ruby,Oguri Cap + Sirius Symboli,Oguri Cap + Sirius Symboli,Daiichi Ruby,Oguri Cap + Sirius Symboli,Daiichi Ruby,Daiichi Ruby,Daiichi Ruby,Daiichi Ruby,Daiichi Ruby,Daiichi Ruby,Daiichi Ruby,Daiichi Ruby,Daiichi Ruby,Daiichi Ruby,Daiichi Ruby,Daiichi Ruby,Daiichi Ruby,Daiichi Ruby,,,,,,,,,,,,,,,,,,,,,,,,,,,,,,0,0,Dropdown,TRUE,,,,,,,,,,,,,,,
,Ancestors & Guides,Ancestors & Guides,Symboli Kris S,Symboli Kris S,Ancestors & Guides,Ancestors & Guides,Symboli Kris S,Ancestors & Guides,Ancestors & Guides,Symboli Kris S,Ancestors & Guides,Symboli Kris S,Symboli Kris S,Symboli Kris S,Symboli Kris S,Symboli Kris S,Symboli Kris S,Symboli Kris S,Symboli Kris S,Symboli Kris S,Symboli Kris S,Symboli Kris S,Symboli Kris S,Symboli Kris S,Symboli Kris S,,,,,,T.M. Opera,,Oguri Cap,,Sweep Tosho,,,,,Special Week,,,,,,,,,,,,,,,Limit Break Crystals,,,,,,,,,,,,,,,,,,
,Nice Nature + Mejiro McQueen,Nice Nature + Mejiro McQueen,Mejiro Ardan (Ballroom) + Sakura Chiyono O (Ballroom),Mejiro Ardan (Ballroom) + Sakura Chiyono O (Ballroom),Nice Nature + Mejiro McQueen,Nice Nature + Mejiro McQueen,Mejiro Ardan (Ballroom) + Sakura Chiyono O (Ballroom),Nice Nature + Mejiro McQueen,Nice Nature + Mejiro McQueen,Mejiro Ardan (Ballroom) + Sakura Chiyono O (Ballroom),Nice Nature + Mejiro McQueen,Mejiro Ardan (Ballroom) + Sakura Chiyono O (Ballroom),Mejiro Ardan (Ballroom) + Sakura Chiyono O (Ballroom),Mejiro Ardan (Ballroom) + Sakura Chiyono O (Ballroom),Mejiro Ardan (Ballroom) + Sakura Chiyono O (Ballroom),Mejiro Ardan (Ballroom) + Sakura Chiyono O (Ballroom),Mejiro Ardan (Ballroom) + Sakura Chiyono O (Ballroom),Mejiro Ardan (Ballroom) + Sakura Chiyono O (Ballroom),Mejiro Ardan (Ballroom) + Sakura Chiyono O (Ballroom),Mejiro Ardan (Ballroom) + Sakura Chiyono O (Ballroom),Mejiro Ardan (Ballroom) + Sakura Chiyono O (Ballroom),Mejiro Ardan (Ballroom) + Sakura Chiyono O (Ballroom),Mejiro Ardan (Ballroom) + Sakura Chiyono O (Ballroom),Mejiro Ardan (Ballroom) + Sakura Chiyono O (Ballroom),Mejiro Ardan (Ballroom) + Sakura Chiyono O (Ballroom),,,,,,,,,,,,,,,,,,,,,,,,,,,,,,SSR,SR,,,,,,,,,,,,,,,,,
,Air Groove + Eishin Flash,Air Groove + Eishin Flash,Sakura Laurel,Sakura Laurel,Air Groove + Eishin Flash,Air Groove + Eishin Flash,Sakura Laurel,Air Groove + Eishin Flash,Air Groove + Eishin Flash,Sakura Laurel,Air Groove + Eishin Flash,Sakura Laurel,Sakura Laurel,Sakura Laurel,Sakura Laurel,Sakura Laurel,Sakura Laurel,Sakura Laurel,Sakura Laurel,Sakura Laurel,Sakura Laurel,Sakura Laurel,Sakura Laurel,Sakura Laurel,Sakura Laurel,,,,,,,,,,,,,,,,,,,,,,,,,,,,,,,,,,,,,,,,,,,,,,,,
,Symboli Rudolf,Symboli Rudolf,Neo Universe,Neo Universe,Symboli Rudolf,Symboli Rudolf,Neo Universe,Symboli Rudolf,Symboli Rudolf,Neo Universe,Symboli Rudolf,Neo Universe,Neo Universe,Neo Universe,Neo Universe,Neo Universe,Neo Universe,Neo Universe,Neo Universe,Neo Universe,Neo Universe,Neo Universe,Neo Universe,Neo Universe,Neo Universe,JP,,Global,,,,,,,,,,,,,,,,,,,,,,,,,,,Date Override,,Start Date,End Date,,,,,,,,,,,,,,,
,Mihono Bourbon + Sakura Laurel,Mihono Bourbon + Sakura Laurel,Matikanetannhauser (Sports Festival) + Sakura Bakushin O (Sports Festival),Matikanetannhauser (Sports Festival) + Sakura Bakushin O (Sports Festival),Mihono Bourbon + Sakura Laurel,Mihono Bourbon + Sakura Laurel,Matikanetannhauser (Sports Festival) + Sakura Bakushin O (Sports Festival),Mihono Bourbon + Sakura Laurel,Mihono Bourbon + Sakura Laurel,Matikanetannhauser (Sports Festival) + Sakura Bakushin O (Sports Festival),Mihono Bourbon + Sakura Laurel,Matikanetannhauser (Sports Festival) + Sakura Bakushin O (Sports Festival),Matikanetannhauser (Sports Festival) + Sakura Bakushin O (Sports Festival),Matikanetannhauser (Sports Festival) + Sakura Bakushin O (Sports Festival),Matikanetannhauser (Sports Festival) + Sakura Bakushin O (Sports Festival),Matikanetannhauser (Sports Festival) + Sakura Bakushin O (Sports Festival),Matikanetannhauser (Sports Festival) + Sakura Bakushin O (Sports Festival),Matikanetannhauser (Sports Festival) + Sakura Bakushin O (Sports Festival),Matikanetannhauser (Sports Festival) + Sakura Bakushin O (Sports Festival),Matikanetannhauser (Sports Festival) + Sakura Bakushin O (Sports Festival),Matikanetannhauser (Sports Festival) + Sakura Bakushin O (Sports Festival),Matikanetannhauser (Sports Festival) + Sakura Bakushin O (Sports Festival),Matikanetannhauser (Sports Festival) + Sakura Bakushin O (Sports Festival),Matikanetannhauser (Sports Festival) + Sakura Bakushin O (Sports Festival),Matikanetannhauser (Sports Festival) + Sakura Bakushin O (Sports Festival),Start Date,End Date,Start Date,End Date,,Releases In,,,,,,,,,,,,,,,,,,,,,,,,2025-07-02,,2025-07-02,2025-07-11,,,,,,,,,,,,,,,
,K.S.Miracle + Yamanin Zephyr,K.S.Miracle + Yamanin Zephyr,Gold City + Tosen Jordan + Mejiro Palmer + Daitaku Helios,Gold City + Tosen Jordan + Mejiro Palmer + Daitaku Helios,K.S.Miracle + Yamanin Zephyr,K.S.Miracle + Yamanin Zephyr,Gold City + Tosen Jordan + Mejiro Palmer + Daitaku Helios,K.S.Miracle + Yamanin Zephyr,K.S.Miracle + Yamanin Zephyr,Gold City + Tosen Jordan + Mejiro Palmer + Daitaku Helios,K.S.Miracle + Yamanin Zephyr,Gold City + Tosen Jordan + Mejiro Palmer + Daitaku Helios,Gold City + Tosen Jordan + Mejiro Palmer + Daitaku Helios,Gold City + Tosen Jordan + Mejiro Palmer + Daitaku Helios,Gold City + Tosen Jordan + Mejiro Palmer + Daitaku Helios,Gold City + Tosen Jordan + Mejiro Palmer + Daitaku Helios,Gold City + Tosen Jordan + Mejiro Palmer + Daitaku Helios,Gold City + Tosen Jordan + Mejiro Palmer + Daitaku Helios,Gold City + Tosen Jordan + Mejiro Palmer + Daitaku Helios,Gold City + Tosen Jordan + Mejiro Palmer + Daitaku Helios,Gold City + Tosen Jordan + Mejiro Palmer + Daitaku Helios,Gold City + Tosen Jordan + Mejiro Palmer + Daitaku Helios,Gold City + Tosen Jordan + Mejiro Palmer + Daitaku Helios,Gold City + Tosen Jordan + Mejiro Palmer + Daitaku Helios,Gold City + Tosen Jordan + Mejiro Palmer + Daitaku Helios,2021-03-09,2021-03-18,2025-07-02,2025-07-11,,-359 Days,,,,,,,,,,,,,,,,,,,,,,,,Banner Type,1,2025-07-02 22:00:00,2025-07-11 21:59:59,Mihono Bourbon,Twin Turbo,,,,,,,,,,,,,
,Jungle Pocket,Jungle Pocket,Hishi Miracle,Hishi Miracle,Jungle Pocket,Jungle Pocket,Hishi Miracle,Jungle Pocket,Jungle Pocket,Hishi Miracle,Jungle Pocket,Hishi Miracle,Hishi Miracle,Hishi Miracle,Hishi Miracle,Hishi Miracle,Hishi Miracle,Hishi Miracle,Hishi Miracle,Hishi Miracle,Hishi Miracle,Hishi Miracle,Hishi Miracle,Hishi Miracle,Hishi Miracle,,,,,,,,,,,,,,,,,,,,,,,,,,,,,,JP,,JP Datedif,13,,,,,,,0,0,0,0,2025-07-02 22:00:00,,,,
,Daiwa Scarlet + Aston Machan,Daiwa Scarlet + Aston Machan,Tanino Gimlet,Tanino Gimlet,Daiwa Scarlet + Aston Machan,Daiwa Scarlet + Aston Machan,Tanino Gimlet,Daiwa Scarlet + Aston Machan,Daiwa Scarlet + Aston Machan,Tanino Gimlet,Daiwa Scarlet + Aston Machan,Tanino Gimlet,Tanino Gimlet,Tanino Gimlet,Tanino Gimlet,Tanino Gimlet,Tanino Gimlet,Tanino Gimlet,Tanino Gimlet,Tanino Gimlet,Tanino Gimlet,Tanino Gimlet,Tanino Gimlet,Tanino Gimlet,Tanino Gimlet,,,,,,,,,,,,,,,,,,,,,,,,,,,,,,Start Date,End Date,Global Datedif,6,,,,,,,,,,,,,,,
,TM Opera O,TM Opera O,Hishi Amazon (Wedding) + Nishino Flower (Wedding),Hishi Amazon (Wedding) + Nishino Flower (Wedding),TM Opera O,TM Opera O,Hishi Amazon (Wedding) + Nishino Flower (Wedding),TM Opera O,TM Opera O,Hishi Amazon (Wedding) + Nishino Flower (Wedding),TM Opera O,Hishi Amazon (Wedding) + Nishino Flower (Wedding),Hishi Amazon (Wedding) + Nishino Flower (Wedding),Hishi Amazon (Wedding) + Nishino Flower (Wedding),Hishi Amazon (Wedding) + Nishino Flower (Wedding),Hishi Amazon (Wedding) + Nishino Flower (Wedding),Hishi Amazon (Wedding) + Nishino Flower (Wedding),Hishi Amazon (Wedding) + Nishino Flower (Wedding),Hishi Amazon (Wedding) + Nishino Flower (Wedding),Hishi Amazon (Wedding) + Nishino Flower (Wedding),Hishi Amazon (Wedding) + Nishino Flower (Wedding),Hishi Amazon (Wedding) + Nishino Flower (Wedding),Hishi Amazon (Wedding) + Nishino Flower (Wedding),Hishi Amazon (Wedding) + Nishino Flower (Wedding),Hishi Amazon (Wedding) + Nishino Flower (Wedding),,,,,,,,,,,,,,,,,,,,,,,,,,,,,,2021-03-09,2021-03-18,D-Day,-359,,,,,,,,,,,,,,,
,Mayano Top Gun,Mayano Top Gun,Taiki Shuttle (Camping) + Yamanin Zephyr (Rerun),Taiki Shuttle (Camping) + Yamanin Zephyr (Rerun),Mayano Top Gun,Mayano Top Gun,Taiki Shuttle (Camping) + Yamanin Zephyr (Rerun),Mayano Top Gun,Mayano Top Gun,Taiki Shuttle (Camping) + Yamanin Zephyr (Rerun),Mayano Top Gun,Taiki Shuttle (Camping) + Yamanin Zephyr (Rerun),Taiki Shuttle (Camping) + Yamanin Zephyr (Rerun),Taiki Shuttle (Camping) + Yamanin Zephyr (Rerun),Taiki Shuttle (Camping) + Yamanin Zephyr (Rerun),Taiki Shuttle (Camping) + Yamanin Zephyr (Rerun),Taiki Shuttle (Camping) + Yamanin Zephyr (Rerun),Taiki Shuttle (Camping) + Yamanin Zephyr (Rerun),Taiki Shuttle (Camping) + Yamanin Zephyr (Rerun),Taiki Shuttle (Camping) + Yamanin Zephyr (Rerun),Taiki Shuttle (Camping) + Yamanin Zephyr (Rerun),Taiki Shuttle (Camping) + Yamanin Zephyr (Rerun),Taiki Shuttle (Camping) + Yamanin Zephyr (Rerun),Taiki Shuttle (Camping) + Yamanin Zephyr (Rerun),Taiki Shuttle (Camping) + Yamanin Zephyr (Rerun),,,,,,,,,,,,,,,,,,,,,,,,,,,,,,Pull Tickets,,Finals Day,-351,,,,,,,,,,,,,,,
,Gold City + Mejiro Palmer,Gold City + Mejiro Palmer,Marvelous Sunday,Marvelous Sunday,Gold City + Mejiro Palmer,Gold City + Mejiro Palmer,Marvelous Sunday,Gold City + Mejiro Palmer,Gold City + Mejiro Palmer,Marvelous Sunday,Gold City + Mejiro Palmer,Marvelous Sunday,Marvelous Sunday,Marvelous Sunday,Marvelous Sunday,Marvelous Sunday,Marvelous Sunday,Marvelous Sunday,Marvelous Sunday,Marvelous Sunday,Marvelous Sunday,Marvelous Sunday,Marvelous Sunday,Marvelous Sunday,Marvelous Sunday,,,,,,,,,,,,,,,,,,,,,,,,,,,,,,Uma,Support,Length,9,,,,,,,,,,,,,,,
,Daiichi Ruby + Twin Turbo,Daiichi Ruby + Twin Turbo,Bamboo Memory (Summer Trip) + Tosen Jordan (Summer Trip),Bamboo Memory (Summer Trip) + Tosen Jordan (Summer Trip),Daiichi Ruby + Twin Turbo,Daiichi Ruby + Twin Turbo,Bamboo Memory (Summer Trip) + Tosen Jordan (Summer Trip),Daiichi Ruby + Twin Turbo,Daiichi Ruby + Twin Turbo,Bamboo Memory (Summer Trip) + Tosen Jordan (Summer Trip),Daiichi Ruby + Twin Turbo,Bamboo Memory (Summer Trip) + Tosen Jordan (Summer Trip),Bamboo Memory (Summer Trip) + Tosen Jordan (Summer Trip),Bamboo Memory (Summer Trip) + Tosen Jordan (Summer Trip),Bamboo Memory (Summer Trip) + Tosen Jordan (Summer Trip),Bamboo Memory (Summer Trip) + Tosen Jordan (Summer Trip),Bamboo Memory (Summer Trip) + Tosen Jordan (Summer Trip),Bamboo Memory (Summer Trip) + Tosen Jordan (Summer Trip),Bamboo Memory (Summer Trip) + Tosen Jordan (Summer Trip),Bamboo Memory (Summer Trip) + Tosen Jordan (Summer Trip),Bamboo Memory (Summer Trip) + Tosen Jordan (Summer Trip),Bamboo Memory (Summer Trip) + Tosen Jordan (Summer Trip),Bamboo Memory (Summer Trip) + Tosen Jordan (Summer Trip),Bamboo Memory (Summer Trip) + Tosen Jordan (Summer Trip),Bamboo Memory (Summer Trip) + Tosen Jordan (Summer Trip),,,,,,,,,,,,,,,,,,,,,,,,,,,,,,,,Dropdown,TRUE,,,,,,,,,,,,,,,
,Wonder Acute,Wonder Acute,Katsuragi Ace,Katsuragi Ace,Wonder Acute,Wonder Acute,Katsuragi Ace,Wonder Acute,Wonder Acute,Katsuragi Ace,Wonder Acute,Katsuragi Ace,Katsuragi Ace,Katsuragi Ace,Katsuragi Ace,Katsuragi Ace,Katsuragi Ace,Katsuragi Ace,Katsuragi Ace,Katsuragi Ace,Katsuragi Ace,Katsuragi Ace,Katsuragi Ace,Katsuragi Ace,Katsuragi Ace,,,,,,Mihono Bourbon,,Twin Turbo,,Daitaku Helios,,,,,,,,,,,,,,,,,,,,Limit Break Crystals,,,,,,,,,,,,,,,,,,
,Manhattan Cafe + Jungle Pocket,Manhattan Cafe + Jungle Pocket,Sirius Symboli,Sirius Symboli,Manhattan Cafe + Jungle Pocket,Manhattan Cafe + Jungle Pocket,Sirius Symboli,Manhattan Cafe + Jungle Pocket,Manhattan Cafe + Jungle Pocket,Sirius Symboli,Manhattan Cafe + Jungle Pocket,Sirius Symboli,Sirius Symboli,Sirius Symboli,Sirius Symboli,Sirius Symboli,Sirius Symboli,Sirius Symboli,Sirius Symboli,Sirius Symboli,Sirius Symboli,Sirius Symboli,Sirius Symboli,Sirius Symboli,Sirius Symboli,,,,,,,,,,,,,,,,,,,,,,,,,,,,,,SSR,SR,,,,,,,,,,,,,,,,,
,Mejiro Ramonu + Maruzensky,Mejiro Ramonu + Maruzensky,Agnes Tachyon (Summer) + Silence Suzuka (Summer),Agnes Tachyon (Summer) + Silence Suzuka (Summer),Mejiro Ramonu + Maruzensky,Mejiro Ramonu + Maruzensky,Agnes Tachyon (Summer) + Silence Suzuka (Summer),Mejiro Ramonu + Maruzensky,Mejiro Ramonu + Maruzensky,Agnes Tachyon (Summer) + Silence Suzuka (Summer),Mejiro Ramonu + Maruzensky,Agnes Tachyon (Summer) + Silence Suzuka (Summer),Agnes Tachyon (Summer) + Silence Suzuka (Summer),Agnes Tachyon (Summer) + Silence Suzuka (Summer),Agnes Tachyon (Summer) + Silence Suzuka (Summer),Agnes Tachyon (Summer) + Silence Suzuka (Summer),Agnes Tachyon (Summer) + Silence Suzuka (Summer),Agnes Tachyon (Summer) + Silence Suzuka (Summer),Agnes Tachyon (Summer) + Silence Suzuka (Summer),Agnes Tachyon (Summer) + Silence Suzuka (Summer),Agnes Tachyon (Summer) + Silence Suzuka (Summer),Agnes Tachyon (Summer) + Silence Suzuka (Summer),Agnes Tachyon (Summer) + Silence Suzuka (Summer),Agnes Tachyon (Summer) + Silence Suzuka (Summer),Agnes Tachyon (Summer) + Silence Suzuka (Summer),,,,,,,,,,,,,,,,,,,,,,,,,,,,,,,,,,,,,,,,,,,,,,,,
,Mei Satake + El Condor Pasa,Mei Satake + El Condor Pasa,Copano Rickey (Rerun) + Hokko Tarumae (Rerun),Copano Rickey (Rerun) + Hokko Tarumae (Rerun),Mei Satake + El Condor Pasa,Mei Satake + El Condor Pasa,Copano Rickey (Rerun) + Hokko Tarumae (Rerun),Mei Satake + El Condor Pasa,Mei Satake + El Condor Pasa,Copano Rickey (Rerun) + Hokko Tarumae (Rerun),Mei Satake + El Condor Pasa,Copano Rickey (Rerun) + Hokko Tarumae (Rerun),Copano Rickey (Rerun) + Hokko Tarumae (Rerun),Copano Rickey (Rerun) + Hokko Tarumae (Rerun),Copano Rickey (Rerun) + Hokko Tarumae (Rerun),Copano Rickey (Rerun) + Hokko Tarumae (Rerun),Copano Rickey (Rerun) + Hokko Tarumae (Rerun),Copano Rickey (Rerun) + Hokko Tarumae (Rerun),Copano Rickey (Rerun) + Hokko Tarumae (Rerun),Copano Rickey (Rerun) + Hokko Tarumae (Rerun),Copano Rickey (Rerun) + Hokko Tarumae (Rerun),Copano Rickey (Rerun) + Hokko Tarumae (Rerun),Copano Rickey (Rerun) + Hokko Tarumae (Rerun),Copano Rickey (Rerun) + Hokko Tarumae (Rerun),Copano Rickey (Rerun) + Hokko Tarumae (Rerun),JP,,Global,,,,,,,,,,,,,,,,,,,,,,,,,,,Date Override,,Start Date,End Date,,,,,,,,,,,,,,,
,Nakayama Festa Wit,Nakayama Festa Wit,Narita Top Road,Narita Top Road,Nakayama Festa Wit,Nakayama Festa Wit,Narita Top Road,Nakayama Festa Wit,Nakayama Festa Wit,Narita Top Road,Nakayama Festa Wit,Narita Top Road,Narita Top Road,Narita Top Road,Narita Top Road,Narita Top Road,Narita Top Road,Narita Top Road,Narita Top Road,Narita Top Road,Narita Top Road,Narita Top Road,Narita Top Road,Narita Top Road,Narita Top Road,Start Date,End Date,Start Date,End Date,,Releases In,,,,,,,,,,,,,,,,,,,,,,,,2025-07-10,,2025-07-10,2025-07-22,,,,,,,,,,,,,,,
,Mejiro McQueen + Special Week,Mejiro McQueen + Special Week,Gold Ship (Project L'Arc),Gold Ship (Project L'Arc),Mejiro McQueen + Special Week,Mejiro McQueen + Special Week,Gold Ship (Project L'Arc),Mejiro McQueen + Special Week,Mejiro McQueen + Special Week,Gold Ship (Project L'Arc),Mejiro McQueen + Special Week,Gold Ship (Project L'Arc),Gold Ship (Project L'Arc),Gold Ship (Project L'Arc),Gold Ship (Project L'Arc),Gold Ship (Project L'Arc),Gold Ship (Project L'Arc),Gold Ship (Project L'Arc),Gold Ship (Project L'Arc),Gold Ship (Project L'Arc),Gold Ship (Project L'Arc),Gold Ship (Project L'Arc),Gold Ship (Project L'Arc),Gold Ship (Project L'Arc),Gold Ship (Project L'Arc),2021-03-18,2021-03-30,2025-07-10,2025-07-22,,-351 Days,,,,,,,,,,,,,,,,,,,,,,,,Banner Type,1,2025-07-10 22:00:00,2025-07-22 21:59:59,Biwa Hayahide,Mejiro Palmer,,,,,,,,,,,,,
,Hishi Amazon,Hishi Amazon,Satono Diamond (Project L'Arc),Satono Diamond (Project L'Arc),Hishi Amazon,Hishi Amazon,Satono Diamond (Project L'Arc),Hishi Amazon,Hishi Amazon,Satono Diamond (Project L'Arc),Hishi Amazon,Satono Diamond (Project L'Arc),Satono Diamond (Project L'Arc),Satono Diamond (Project L'Arc),Satono Diamond (Project L'Arc),Satono Diamond (Project L'Arc),Satono Diamond (Project L'Arc),Satono Diamond (Project L'Arc),Satono Diamond (Project L'Arc),Satono Diamond (Project L'Arc),Satono Diamond (Project L'Arc),Satono Diamond (Project L'Arc),Satono Diamond (Project L'Arc),Satono Diamond (Project L'Arc),Satono Diamond (Project L'Arc),,,,,,,,,,,,,,,,,,,,,,,,,,,,,,JP,,JP Datedif,22,,,,,,,0,0,0,0,2025-07-10 22:00:00,,,,
,Tanino Gimlet + Tap Dance City,Tanino Gimlet + Tap Dance City,K.S.Miracle,K.S.Miracle,Tanino Gimlet + Tap Dance City,Tanino Gimlet + Tap Dance City,K.S.Miracle,Tanino Gimlet + Tap Dance City,Tanino Gimlet + Tap Dance City,K.S.Miracle,Tanino Gimlet + Tap Dance City,K.S.Miracle,K.S.Miracle,K.S.Miracle,K.S.Miracle,K.S.Miracle,K.S.Miracle,K.S.Miracle,K.S.Miracle,K.S.Miracle,K.S.Miracle,K.S.Miracle,K.S.Miracle,K.S.Miracle,K.S.Miracle,,,,,,,,,,,,,,,,,,,,,,,,,,,,,,Start Date,End Date,Global Datedif,14,,,,,,,,,,,,,,,
,Jungle Pocket + Maruzensky + Super Creek + Mejiro Palmer + Rice Shower + Nice Nature + Symboli Rudolf + Ines Fujin + Mejiro Ramonu + Oguri Cap,Jungle Pocket + Maruzensky + Super Creek + Mejiro Palmer + Rice Shower + Nice Nature + Symboli Rudolf + Ines Fujin + Mejiro Ramonu + Oguri Cap,Air Shakur (Halloween) + Symboli Kris S (Halloween),Air Shakur (Halloween) + Symboli Kris S (Halloween),Jungle Pocket + Maruzensky + Super Creek + Mejiro Palmer + Rice Shower + Nice Nature + Symboli Rudolf + Ines Fujin + Mejiro Ramonu + Oguri Cap,Jungle Pocket + Maruzensky + Super Creek + Mejiro Palmer + Rice Shower + Nice Nature + Symboli Rudolf + Ines Fujin + Mejiro Ramonu + Oguri Cap,Air Shakur (Halloween) + Symboli Kris S (Halloween),Jungle Pocket + Maruzensky + Super Creek + Mejiro Palmer + Rice Shower + Nice Nature + Symboli Rudolf + Ines Fujin + Mejiro Ramonu + Oguri Cap,Jungle Pocket + Maruzensky + Super Creek + Mejiro Palmer + Rice Shower + Nice Nature + Symboli Rudolf + Ines Fujin + Mejiro Ramonu + Oguri Cap,Air Shakur (Halloween) + Symboli Kris S (Halloween),Jungle Pocket + Maruzensky + Super Creek + Mejiro Palmer + Rice Shower + Nice Nature + Symboli Rudolf + Ines Fujin + Mejiro Ramonu + Oguri Cap,Air Shakur (Halloween) + Symboli Kris S (Halloween),Air Shakur (Halloween) + Symboli Kris S (Halloween),Air Shakur (Halloween) + Symboli Kris S (Halloween),Air Shakur (Halloween) + Symboli Kris S (Halloween),Air Shakur (Halloween) + Symboli Kris S (Halloween),Air Shakur (Halloween) + Symboli Kris S (Halloween),Air Shakur (Halloween) + Symboli Kris S (Halloween),Air Shakur (Halloween) + Symboli Kris S (Halloween),Air Shakur (Halloween) + Symboli Kris S (Halloween),Air Shakur (Halloween) + Symboli Kris S (Halloween),Air Shakur (Halloween) + Symboli Kris S (Halloween),Air Shakur (Halloween) + Symboli Kris S (Halloween),Air Shakur (Halloween) + Symboli Kris S (Halloween),Air Shakur (Halloween) + Symboli Kris S (Halloween),,,,,,,,,,,,,,,,,,,,,,,,,,,,,,2021-03-18,2021-03-30,D-Day,-351,,,,,,,,,,,,,,,
,Gold Ship,Gold Ship,Mejiro Ramonu,Mejiro Ramonu,Gold Ship,Gold Ship,Mejiro Ramonu,Gold Ship,Gold Ship,Mejiro Ramonu,Gold Ship,Mejiro Ramonu,Mejiro Ramonu,Mejiro Ramonu,Mejiro Ramonu,Mejiro Ramonu,Mejiro Ramonu,Mejiro Ramonu,Mejiro Ramonu,Mejiro Ramonu,Mejiro Ramonu,Mejiro Ramonu,Mejiro Ramonu,Mejiro Ramonu,Mejiro Ramonu,,,,,,,,,,,,,,,,,,,,,,,,,,,,,,Pull Tickets,,Finals Day,-340,,,,,,,,,,,,,,,
,King Halo + Tsurumaru Tsuyoshi,King Halo + Tsurumaru Tsuyoshi,Kawakami Princess (Festival) + Tokai Teio (Festival),Kawakami Princess (Festival) + Tokai Teio (Festival),King Halo + Tsurumaru Tsuyoshi,King Halo + Tsurumaru Tsuyoshi,Kawakami Princess (Festival) + Tokai Teio (Festival),King Halo + Tsurumaru Tsuyoshi,King Halo + Tsurumaru Tsuyoshi,Kawakami Princess (Festival) + Tokai Teio (Festival),King Halo + Tsurumaru Tsuyoshi,Kawakami Princess (Festival) + Tokai Teio (Festival),Kawakami Princess (Festival) + Tokai Teio (Festival),Kawakami Princess (Festival) + Tokai Teio (Festival),Kawakami Princess (Festival) + Tokai Teio (Festival),Kawakami Princess (Festival) + Tokai Teio (Festival),Kawakami Princess (Festival) + Tokai Teio (Festival),Kawakami Princess (Festival) + Tokai Teio (Festival),Kawakami Princess (Festival) + Tokai Teio (Festival),Kawakami Princess (Festival) + Tokai Teio (Festival),Kawakami Princess (Festival) + Tokai Teio (Festival),Kawakami Princess (Festival) + Tokai Teio (Festival),Kawakami Princess (Festival) + Tokai Teio (Festival),Kawakami Princess (Festival) + Tokai Teio (Festival),Kawakami Princess (Festival) + Tokai Teio (Festival),,,,,,,,,,,,,,,,,,,,,,,,,,,,,,Uma,Support,Length,12,,,,,,,,,,,,,,,
,Mejiro McQueen,Mejiro McQueen,Tap Dance City,Tap Dance City,Mejiro McQueen,Mejiro McQueen,Tap Dance City,Mejiro McQueen,Mejiro McQueen,Tap Dance City,Mejiro McQueen,Tap Dance City,Tap Dance City,Tap Dance City,Tap Dance City,Tap Dance City,Tap Dance City,Tap Dance City,Tap Dance City,Tap Dance City,Tap Dance City,Tap Dance City,Tap Dance City,Tap Dance City,Tap Dance City,,,,,,,,,,,,,,,,,,,,,,,,,,,,,,,,Dropdown,TRUE,,,,,,,,,,,,,,,
,Sounds of Earth,Sounds of Earth,Mejiro Palmer (Christmas) + Mejiro Bright (Christmas),Mejiro Palmer (Christmas) + Mejiro Bright (Christmas),Sounds of Earth,Sounds of Earth,Mejiro Palmer (Christmas) + Mejiro Bright (Christmas),Sounds of Earth,Sounds of Earth,Mejiro Palmer (Christmas) + Mejiro Bright (Christmas),Sounds of Earth,Mejiro Palmer (Christmas) + Mejiro Bright (Christmas),Mejiro Palmer (Christmas) + Mejiro Bright (Christmas),Mejiro Palmer (Christmas) + Mejiro Bright (Christmas),Mejiro Palmer (Christmas) + Mejiro Bright (Christmas),Mejiro Palmer (Christmas) + Mejiro Bright (Christmas),Mejiro Palmer (Christmas) + Mejiro Bright (Christmas),Mejiro Palmer (Christmas) + Mejiro Bright (Christmas),Mejiro Palmer (Christmas) + Mejiro Bright (Christmas),Mejiro Palmer (Christmas) + Mejiro Bright (Christmas),Mejiro Palmer (Christmas) + Mejiro Bright (Christmas),Mejiro Palmer (Christmas) + Mejiro Bright (Christmas),Mejiro Palmer (Christmas) + Mejiro Bright (Christmas),Mejiro Palmer (Christmas) + Mejiro Bright (Christmas),Mejiro Palmer (Christmas) + Mejiro Bright (Christmas),,,,,,Biwa Hayahide,,Mejiro Palmer,,Ikuno Dictus,,,,,,,,,,,,,,,,,,,,Limit Break Crystals,,,,,,,,,,,,,,,,,,
,Mejiro Dober + Mejiro Ramonu,Mejiro Dober + Mejiro Ramonu,Satono Crown,Satono Crown,Mejiro Dober + Mejiro Ramonu,Mejiro Dober + Mejiro Ramonu,Satono Crown,Mejiro Dober + Mejiro Ramonu,Mejiro Dober + Mejiro Ramonu,Satono Crown,Mejiro Dober + Mejiro Ramonu,Satono Crown,Satono Crown,Satono Crown,Satono Crown,Satono Crown,Satono Crown,Satono Crown,Satono Crown,Satono Crown,Satono Crown,Satono Crown,Satono Crown,Satono Crown,Satono Crown,,,,,,,,,,,,,,,,,,,,,,,,,,,,,,SSR,SR,,,,,,,,,,,,,,,,,
,Marvelous Sunday + Jungle Pocket + Mejiro McQueen + Manhattan Cafe + Super Creek + Narita Brian + Mayano Top Gun + Tokai Teio + TM Opera O + Mei Satake,Marvelous Sunday + Jungle Pocket + Mejiro McQueen + Manhattan Cafe + Super Creek + Narita Brian + Mayano Top Gun + Tokai Teio + TM Opera O + Mei Satake,Cheval Grand,Cheval Grand,Marvelous Sunday + Jungle Pocket + Mejiro McQueen + Manhattan Cafe + Super Creek + Narita Brian + Mayano Top Gun + Tokai Teio + TM Opera O + Mei Satake,Marvelous Sunday + Jungle Pocket + Mejiro McQueen + Manhattan Cafe + Super Creek + Narita Brian + Mayano Top Gun + Tokai Teio + TM Opera O + Mei Satake,Cheval Grand,Marvelous Sunday + Jungle Pocket + Mejiro McQueen + Manhattan Cafe + Super Creek + Narita Brian + Mayano Top Gun + Tokai Teio + TM Opera O + Mei Satake,Marvelous Sunday + Jungle Pocket + Mejiro McQueen + Manhattan Cafe + Super Creek + Narita Brian + Mayano Top Gun + Tokai Teio + TM Opera O + Mei Satake,Cheval Grand,Marvelous Sunday + Jungle Pocket + Mejiro McQueen + Manhattan Cafe + Super Creek + Narita Brian + Mayano Top Gun + Tokai Teio + TM Opera O + Mei Satake,Cheval Grand,Cheval Grand,Cheval Grand,Cheval Grand,Cheval Grand,Cheval Grand,Cheval Grand,Cheval Grand,Cheval Grand,Cheval Grand,Cheval Grand,Cheval Grand,Cheval Grand,Cheval Grand,,,,,,,,,,,,,,,,,,,,,,,,,,,,,,,,,,,,,,,,,,,,,,,,
,Vivlos,Vivlos,Kitasan Black (Anime Collab),Kitasan Black (Anime Collab),Vivlos,Vivlos,Kitasan Black (Anime Collab),Vivlos,Vivlos,Kitasan Black (Anime Collab),Vivlos,Kitasan Black (Anime Collab),Kitasan Black (Anime Collab),Kitasan Black (Anime Collab),Kitasan Black (Anime Collab),Kitasan Black (Anime Collab),Kitasan Black (Anime Collab),Kitasan Black (Anime Collab),Kitasan Black (Anime Collab),Kitasan Black (Anime Collab),Kitasan Black (Anime Collab),Kitasan Black (Anime Collab),Kitasan Black (Anime Collab),Kitasan Black (Anime Collab),Kitasan Black (Anime Collab),JP,,Global,,,,,,,,,,,,,,,,,,,,,,,,,,,Date Override,,Start Date,End Date,,,,,,,,,,,,,,,
,Duramente + Satono Diamond,Duramente + Satono Diamond,Nice Nature (New Year),Nice Nature (New Year),Duramente + Satono Diamond,Duramente + Satono Diamond,Nice Nature (New Year),Duramente + Satono Diamond,Duramente + Satono Diamond,Nice Nature (New Year),Duramente + Satono Diamond,Nice Nature (New Year),Nice Nature (New Year),Nice Nature (New Year),Nice Nature (New Year),Nice Nature (New Year),Nice Nature (New Year),Nice Nature (New Year),Nice Nature (New Year),Nice Nature (New Year),Nice Nature (New Year),Nice Nature (New Year),Nice Nature (New Year),Nice Nature (New Year),Nice Nature (New Year),Start Date,End Date,Start Date,End Date,,Releases In,,,,,,,,,,,,,,,,,,,,,,,,2025-07-16,,2025-07-16,2025-08-01,,,,,,,,,,,,,,,
,El Condor Pasa + Wonder Acute + K.S. Miracle + Daiwa Scarlet + Symboli Rudolf + Agnes Tachyon + Mejiro Ramonu + Mihono Bourbon + Aston Machan + Mei Satake,El Condor Pasa + Wonder Acute + K.S. Miracle + Daiwa Scarlet + Symboli Rudolf + Agnes Tachyon + Mejiro Ramonu + Mihono Bourbon + Aston Machan + Mei Satake,Vivlos,Vivlos,El Condor Pasa + Wonder Acute + K.S. Miracle + Daiwa Scarlet + Symboli Rudolf + Agnes Tachyon + Mejiro Ramonu + Mihono Bourbon + Aston Machan + Mei Satake,El Condor Pasa + Wonder Acute + K.S. Miracle + Daiwa Scarlet + Symboli Rudolf + Agnes Tachyon + Mejiro Ramonu + Mihono Bourbon + Aston Machan + Mei Satake,Vivlos,El Condor Pasa + Wonder Acute + K.S. Miracle + Daiwa Scarlet + Symboli Rudolf + Agnes Tachyon + Mejiro Ramonu + Mihono Bourbon + Aston Machan + Mei Satake,El Condor Pasa + Wonder Acute + K.S. Miracle + Daiwa Scarlet + Symboli Rudolf + Agnes Tachyon + Mejiro Ramonu + Mihono Bourbon + Aston Machan + Mei Satake,Vivlos,El Condor Pasa + Wonder Acute + K.S. Miracle + Daiwa Scarlet + Symboli Rudolf + Agnes Tachyon + Mejiro Ramonu + Mihono Bourbon + Aston Machan + Mei Satake,Vivlos,Vivlos,Vivlos,Vivlos,Vivlos,Vivlos,Vivlos,Vivlos,Vivlos,Vivlos,Vivlos,Vivlos,Vivlos,Vivlos,2021-03-30,2021-04-15,2025-07-16,2025-08-01,,-345 Days,,,,,,,,,,,,,,,,,,,,,,,,Banner Type,1,2025-07-16 22:00:00,2025-08-01 21:59:59,Tokai Teio (Anime) + Mejiro Mcqueen (Anime),Kitasan Black + Satono Diamond,,,,,,,,,,,,,
,Hokko Tarumae,Hokko Tarumae,Yukino Bijin (Valentine) + Manhattan Cafe (Valentine),Yukino Bijin (Valentine) + Manhattan Cafe (Valentine),Hokko Tarumae,Hokko Tarumae,Yukino Bijin (Valentine) + Manhattan Cafe (Valentine),Hokko Tarumae,Hokko Tarumae,Yukino Bijin (Valentine) + Manhattan Cafe (Valentine),Hokko Tarumae,Yukino Bijin (Valentine) + Manhattan Cafe (Valentine),Yukino Bijin (Valentine) + Manhattan Cafe (Valentine),Yukino Bijin (Valentine) + Manhattan Cafe (Valentine),Yukino Bijin (Valentine) + Manhattan Cafe (Valentine),Yukino Bijin (Valentine) + Manhattan Cafe (Valentine),Yukino Bijin (Valentine) + Manhattan Cafe (Valentine),Yukino Bijin (Valentine) + Manhattan Cafe (Valentine),Yukino Bijin (Valentine) + Manhattan Cafe (Valentine),Yukino Bijin (Valentine) + Manhattan Cafe (Valentine),Yukino Bijin (Valentine) + Manhattan Cafe (Valentine),Yukino Bijin (Valentine) + Manhattan Cafe (Valentine),Yukino Bijin (Valentine) + Manhattan Cafe (Valentine),Yukino Bijin (Valentine) + Manhattan Cafe (Valentine),Yukino Bijin (Valentine) + Manhattan Cafe (Valentine),,,,,,,,,,,,,,,,,,,,,,,,,,,,,,JP,,JP Datedif,34,,,,,,,0,0,0,0,2025-07-16 22:00:00,,,,
,Winning Ticket + Sakura Bakushin O,Winning Ticket + Sakura Bakushin O,Biko Pegasus,Biko Pegasus,Winning Ticket + Sakura Bakushin O,Winning Ticket + Sakura Bakushin O,Biko Pegasus,Winning Ticket + Sakura Bakushin O,Winning Ticket + Sakura Bakushin O,Biko Pegasus,Winning Ticket + Sakura Bakushin O,Biko Pegasus,Biko Pegasus,Biko Pegasus,Biko Pegasus,Biko Pegasus,Biko Pegasus,Biko Pegasus,Biko Pegasus,Biko Pegasus,Biko Pegasus,Biko Pegasus,Biko Pegasus,Biko Pegasus,Biko Pegasus,,,,,,,,,,,,,,,,,,,,,,,,,,,,,,Start Date,End Date,Global Datedif,20,,,,,,,,,,,,,,,
,El Condor Pasa + Jungle Pocket + Taiki Shuttle + Daiichi Ruby + Gold City + Manhattan Cafe + Mejiro Ramonu + Nakayama Festa + Twin Turbo + K.S. Miracle,El Condor Pasa + Jungle Pocket + Taiki Shuttle + Daiichi Ruby + Gold City + Manhattan Cafe + Mejiro Ramonu + Nakayama Festa + Twin Turbo + K.S. Miracle,Duramente + Ikuno Dictus,Duramente + Ikuno Dictus,El Condor Pasa + Jungle Pocket + Taiki Shuttle + Daiichi Ruby + Gold City + Manhattan Cafe + Mejiro Ramonu + Nakayama Festa + Twin Turbo + K.S. Miracle,El Condor Pasa + Jungle Pocket + Taiki Shuttle + Daiichi Ruby + Gold City + Manhattan Cafe + Mejiro Ramonu + Nakayama Festa + Twin Turbo + K.S. Miracle,Duramente + Ikuno Dictus,El Condor Pasa + Jungle Pocket + Taiki Shuttle + Daiichi Ruby + Gold City + Manhattan Cafe + Mejiro Ramonu + Nakayama Festa + Twin Turbo + K.S. Miracle,El Condor Pasa + Jungle Pocket + Taiki Shuttle + Daiichi Ruby + Gold City + Manhattan Cafe + Mejiro Ramonu + Nakayama Festa + Twin Turbo + K.S. Miracle,Duramente + Ikuno Dictus,El Condor Pasa + Jungle Pocket + Taiki Shuttle + Daiichi Ruby + Gold City + Manhattan Cafe + Mejiro Ramonu + Nakayama Festa + Twin Turbo + K.S. Miracle,Duramente + Ikuno Dictus,Duramente + Ikuno Dictus,Duramente + Ikuno Dictus,Duramente + Ikuno Dictus,Duramente + Ikuno Dictus,Duramente + Ikuno Dictus,Duramente + Ikuno Dictus,Duramente + Ikuno Dictus,Duramente + Ikuno Dictus,Duramente + Ikuno Dictus,Duramente + Ikuno Dictus,Duramente + Ikuno Dictus,Duramente + Ikuno Dictus,Duramente + Ikuno Dictus,,,,,,,,,,,,,,,,,,,,,,,,,,,,,,2021-03-30,2021-04-15,D-Day,-345,,,,,,,,,,,,,,,
,Orfevre + Ryoka Tsurugi,Orfevre + Ryoka Tsurugi,Transcend,Transcend,Orfevre + Ryoka Tsurugi,Orfevre + Ryoka Tsurugi,Transcend,Orfevre + Ryoka Tsurugi,Orfevre + Ryoka Tsurugi,Transcend,Orfevre + Ryoka Tsurugi,Transcend,Transcend,Transcend,Transcend,Transcend,Transcend,Transcend,Transcend,Transcend,Transcend,Transcend,Transcend,Transcend,Transcend,,,,,,,,,,,,,,,,,,,,,,,,,,,,,,Pull Tickets,,Finals Day,-330,,,,,,,,,,,,,,,
,El Condor Pasa + Sounds of Earth + Tanino Gimlet + Hishi Amazon + Nice Nature + Duramente + Gold City + Mejiro McQueen + Mihono Bourbon + Manhattan Cafe,El Condor Pasa + Sounds of Earth + Tanino Gimlet + Hishi Amazon + Nice Nature + Duramente + Gold City + Mejiro McQueen + Mihono Bourbon + Manhattan Cafe,Rhein Kraft,Rhein Kraft,El Condor Pasa + Sounds of Earth + Tanino Gimlet + Hishi Amazon + Nice Nature + Duramente + Gold City + Mejiro McQueen + Mihono Bourbon + Manhattan Cafe,El Condor Pasa + Sounds of Earth + Tanino Gimlet + Hishi Amazon + Nice Nature + Duramente + Gold City + Mejiro McQueen + Mihono Bourbon + Manhattan Cafe,Rhein Kraft,El Condor Pasa + Sounds of Earth + Tanino Gimlet + Hishi Amazon + Nice Nature + Duramente + Gold City + Mejiro McQueen + Mihono Bourbon + Manhattan Cafe,El Condor Pasa + Sounds of Earth + Tanino Gimlet + Hishi Amazon + Nice Nature + Duramente + Gold City + Mejiro McQueen + Mihono Bourbon + Manhattan Cafe,Rhein Kraft,El Condor Pasa + Sounds of Earth + Tanino Gimlet + Hishi Amazon + Nice Nature + Duramente + Gold City + Mejiro McQueen + Mihono Bourbon + Manhattan Cafe,Rhein Kraft,Rhein Kraft,Rhein Kraft,Rhein Kraft,Rhein Kraft,Rhein Kraft,Rhein Kraft,Rhein Kraft,Rhein Kraft,Rhein Kraft,Rhein Kraft,Rhein Kraft,Rhein Kraft,Rhein Kraft,,,,,,,,,,,,,,,,,,,,,,,,,,,,,,Uma,Support,Length,16,,,,,,,,,,,,,,,
,Cheval Grand,Cheval Grand,Daiichi Ruby (Ballroom) + Daitaku Helios (Ballroom),Daiichi Ruby (Ballroom) + Daitaku Helios (Ballroom),Cheval Grand,Cheval Grand,Daiichi Ruby (Ballroom) + Daitaku Helios (Ballroom),Cheval Grand,Cheval Grand,Daiichi Ruby (Ballroom) + Daitaku Helios (Ballroom),Cheval Grand,Daiichi Ruby (Ballroom) + Daitaku Helios (Ballroom),Daiichi Ruby (Ballroom) + Daitaku Helios (Ballroom),Daiichi Ruby (Ballroom) + Daitaku Helios (Ballroom),Daiichi Ruby (Ballroom) + Daitaku Helios (Ballroom),Daiichi Ruby (Ballroom) + Daitaku Helios (Ballroom),Daiichi Ruby (Ballroom) + Daitaku Helios (Ballroom),Daiichi Ruby (Ballroom) + Daitaku Helios (Ballroom),Daiichi Ruby (Ballroom) + Daitaku Helios (Ballroom),Daiichi Ruby (Ballroom) + Daitaku Helios (Ballroom),Daiichi Ruby (Ballroom) + Daitaku Helios (Ballroom),Daiichi Ruby (Ballroom) + Daitaku Helios (Ballroom),Daiichi Ruby (Ballroom) + Daitaku Helios (Ballroom),Daiichi Ruby (Ballroom) + Daitaku Helios (Ballroom),Daiichi Ruby (Ballroom) + Daitaku Helios (Ballroom),,,,,,,,,,,,,,,,,,,,,,,,,,,,,,,,Dropdown,TRUE,,,,,,,,,,,,,,,
,K.S.Miracle 30195 + Yamanin Zephyr 30196,K.S.Miracle 30195 + Yamanin Zephyr 30196,Winning Ticket (U.A.F.),Winning Ticket (U.A.F.),K.S.Miracle 30195 + Yamanin Zephyr 30196,K.S.Miracle 30195 + Yamanin Zephyr 30196,Winning Ticket (U.A.F.),K.S.Miracle 30195 + Yamanin Zephyr 30196,K.S.Miracle 30195 + Yamanin Zephyr 30196,Winning Ticket (U.A.F.),K.S.Miracle 30195 + Yamanin Zephyr 30196,Winning Ticket (U.A.F.),Winning Ticket (U.A.F.),Winning Ticket (U.A.F.),Winning Ticket (U.A.F.),Winning Ticket (U.A.F.),Winning Ticket (U.A.F.),Winning Ticket (U.A.F.),Winning Ticket (U.A.F.),Winning Ticket (U.A.F.),Winning Ticket (U.A.F.),Winning Ticket (U.A.F.),Winning Ticket (U.A.F.),Winning Ticket (U.A.F.),Winning Ticket (U.A.F.),,,,,,Tokai Teio,Mejiro Mcqueen,Kitasan Black,Satono Diamond,,,,,,Nice Nature,Matikanetannhauser,,,,,,,,,,,,,,Limit Break Crystals,,,,,,,,,,,,,,,,,,
,Neo Universe,Neo Universe,Sounds of Earth,Sounds of Earth,Neo Universe,Neo Universe,Sounds of Earth,Neo Universe,Neo Universe,Sounds of Earth,Neo Universe,Sounds of Earth,Sounds of Earth,Sounds of Earth,Sounds of Earth,Sounds of Earth,Sounds of Earth,Sounds of Earth,Sounds of Earth,Sounds of Earth,Sounds of Earth,Sounds of Earth,Sounds of Earth,Sounds of Earth,Sounds of Earth,,,,,,(Anime),(Anime),Must Pull,,,,,,,,,,,,,,,,,,,,,,SSR,SR,,,,,,,,,,,,,,,,,
,El Condor Pasa + Jungle Pocket + Mejiro Palmer + Mejiro McQueen + Winning Ticket + Nice Nature + Narita Brian + Symboli Rudolf + Mejiro McQueen + Manhattan Cafe,El Condor Pasa + Jungle Pocket + Mejiro Palmer + Mejiro McQueen + Winning Ticket + Nice Nature + Narita Brian + Symboli Rudolf + Mejiro McQueen + Manhattan Cafe,Super Creek (Warfare) + Yaeno Muteki (Warfare),Super Creek (Warfare) + Yaeno Muteki (Warfare),El Condor Pasa + Jungle Pocket + Mejiro Palmer + Mejiro McQueen + Winning Ticket + Nice Nature + Narita Brian + Symboli Rudolf + Mejiro McQueen + Manhattan Cafe,El Condor Pasa + Jungle Pocket + Mejiro Palmer + Mejiro McQueen + Winning Ticket + Nice Nature + Narita Brian + Symboli Rudolf + Mejiro McQueen + Manhattan Cafe,Super Creek (Warfare) + Yaeno Muteki (Warfare),El Condor Pasa + Jungle Pocket + Mejiro Palmer + Mejiro McQueen + Winning Ticket + Nice Nature + Narita Brian + Symboli Rudolf + Mejiro McQueen + Manhattan Cafe,El Condor Pasa + Jungle Pocket + Mejiro Palmer + Mejiro McQueen + Winning Ticket + Nice Nature + Narita Brian + Symboli Rudolf + Mejiro McQueen + Manhattan Cafe,Super Creek (Warfare) + Yaeno Muteki (Warfare),El Condor Pasa + Jungle Pocket + Mejiro Palmer + Mejiro McQueen + Winning Ticket + Nice Nature + Narita Brian + Symboli Rudolf + Mejiro McQueen + Manhattan Cafe,Super Creek (Warfare) + Yaeno Muteki (Warfare),Super Creek (Warfare) + Yaeno Muteki (Warfare),Super Creek (Warfare) + Yaeno Muteki (Warfare),Super Creek (Warfare) + Yaeno Muteki (Warfare),Super Creek (Warfare) + Yaeno Muteki (Warfare),Super Creek (Warfare) + Yaeno Muteki (Warfare),Super Creek (Warfare) + Yaeno Muteki (Warfare),Super Creek (Warfare) + Yaeno Muteki (Warfare),Super Creek (Warfare) + Yaeno Muteki (Warfare),Super Creek (Warfare) + Yaeno Muteki (Warfare),Super Creek (Warfare) + Yaeno Muteki (Warfare),Super Creek (Warfare) + Yaeno Muteki (Warfare),Super Creek (Warfare) + Yaeno Muteki (Warfare),Super Creek (Warfare) + Yaeno Muteki (Warfare),,,,,,,,,,,,,,,,,,,,,,,,,,,,,,,,,,,,,,,,,,,,,,,,
,Hishi Miracle + Narita Taishin,Hishi Miracle + Narita Taishin,Katsuragi Ace + Sakura Chiyono O + (Ballroom) + Hishi Amazon + (Wedding),Katsuragi Ace + Sakura Chiyono O + (Ballroom) + Hishi Amazon + (Wedding),Hishi Miracle + Narita Taishin,Hishi Miracle + Narita Taishin,Katsuragi Ace + Sakura Chiyono O + (Ballroom) + Hishi Amazon + (Wedding),Hishi Miracle + Narita Taishin,Hishi Miracle + Narita Taishin,Katsuragi Ace + Sakura Chiyono O + (Ballroom) + Hishi Amazon + (Wedding),Hishi Miracle + Narita Taishin,Katsuragi Ace + Sakura Chiyono O + (Ballroom) + Hishi Amazon + (Wedding),Katsuragi Ace + Sakura Chiyono O + (Ballroom) + Hishi Amazon + (Wedding),Katsuragi Ace + Sakura Chiyono O + (Ballroom) + Hishi Amazon + (Wedding),Katsuragi Ace + Sakura Chiyono O + (Ballroom) + Hishi Amazon + (Wedding),Katsuragi Ace + Sakura Chiyono O + (Ballroom) + Hishi Amazon + (Wedding),Katsuragi Ace + Sakura Chiyono O + (Ballroom) + Hishi Amazon + (Wedding),Katsuragi Ace + Sakura Chiyono O + (Ballroom) + Hishi Amazon + (Wedding),Katsuragi Ace + Sakura Chiyono O + (Ballroom) + Hishi Amazon + (Wedding),Katsuragi Ace + Sakura Chiyono O + (Ballroom) + Hishi Amazon + (Wedding),Katsuragi Ace + Sakura Chiyono O + (Ballroom) + Hishi Amazon + (Wedding),Katsuragi Ace + Sakura Chiyono O + (Ballroom) + Hishi Amazon + (Wedding),Katsuragi Ace + Sakura Chiyono O + (Ballroom) + Hishi Amazon + (Wedding),Katsuragi Ace + Sakura Chiyono O + (Ballroom) + Hishi Amazon + (Wedding),Katsuragi Ace + Sakura Chiyono O + (Ballroom) + Hishi Amazon + (Wedding),JP,,Global,,,,,,,,,,,,,,,,,,,,,,,,,,,Date Override,,Start Date,End Date,,,,,,,,,,,,,,,
,Vodka,Vodka,Agnes Tachyon (Alt Version),Agnes Tachyon (Alt Version),Vodka,Vodka,Agnes Tachyon (Alt Version),Vodka,Vodka,Agnes Tachyon (Alt Version),Vodka,Agnes Tachyon (Alt Version),Agnes Tachyon (Alt Version),Agnes Tachyon (Alt Version),Agnes Tachyon (Alt Version),Agnes Tachyon (Alt Version),Agnes Tachyon (Alt Version),Agnes Tachyon (Alt Version),Agnes Tachyon (Alt Version),Agnes Tachyon (Alt Version),Agnes Tachyon (Alt Version),Agnes Tachyon (Alt Version),Agnes Tachyon (Alt Version),Agnes Tachyon (Alt Version),Agnes Tachyon (Alt Version),Start Date,End Date,Start Date,End Date,,Releases In,,,,,,,,,,,,,,,,,,,,,,,,2025-07-27,,2025-07-27,2025-08-07,,,,,,,,,,,,,,,
,El Condor Pasa + Maruzensky + Gold Ship + Sounds of Earth + Mejiro Ramonu + Mejiro Ramonu + Mihono Bourbon + Mejiro McQueen + K.S. Miracle + Mayano Top Gun,El Condor Pasa + Maruzensky + Gold Ship + Sounds of Earth + Mejiro Ramonu + Mejiro Ramonu + Mihono Bourbon + Mejiro McQueen + K.S. Miracle + Mayano Top Gun,North Flight,North Flight,El Condor Pasa + Maruzensky + Gold Ship + Sounds of Earth + Mejiro Ramonu + Mejiro Ramonu + Mihono Bourbon + Mejiro McQueen + K.S. Miracle + Mayano Top Gun,El Condor Pasa + Maruzensky + Gold Ship + Sounds of Earth + Mejiro Ramonu + Mejiro Ramonu + Mihono Bourbon + Mejiro McQueen + K.S. Miracle + Mayano Top Gun,North Flight,El Condor Pasa + Maruzensky + Gold Ship + Sounds of Earth + Mejiro Ramonu + Mejiro Ramonu + Mihono Bourbon + Mejiro McQueen + K.S. Miracle + Mayano Top Gun,El Condor Pasa + Maruzensky + Gold Ship + Sounds of Earth + Mejiro Ramonu + Mejiro Ramonu + Mihono Bourbon + Mejiro McQueen + K.S. Miracle + Mayano Top Gun,North Flight,El Condor Pasa + Maruzensky + Gold Ship + Sounds of Earth + Mejiro Ramonu + Mejiro Ramonu + Mihono Bourbon + Mejiro McQueen + K.S. Miracle + Mayano Top Gun,North Flight,North Flight,North Flight,North Flight,North Flight,North Flight,North Flight,North Flight,North Flight,North Flight,North Flight,North Flight,North Flight,North Flight,2021-04-15,2021-04-26,2025-07-27,2025-08-07,,-334 Days,,,,,,,,,,,,,,,,,,,,,,,,Banner Type,1,2025-07-27 22:00:00,2025-08-07 21:59:59,Curren Chan,Yukino Bijin,,,,,,,,,,,,,
,Vivlos + Seiun Sky,Vivlos + Seiun Sky,King Halo (Wedding) + Sweep Tosho (Wedding),King Halo (Wedding) + Sweep Tosho (Wedding),Vivlos + Seiun Sky,Vivlos + Seiun Sky,King Halo (Wedding) + Sweep Tosho (Wedding),Vivlos + Seiun Sky,Vivlos + Seiun Sky,King Halo (Wedding) + Sweep Tosho (Wedding),Vivlos + Seiun Sky,King Halo (Wedding) + Sweep Tosho (Wedding),King Halo (Wedding) + Sweep Tosho (Wedding),King Halo (Wedding) + Sweep Tosho (Wedding),King Halo (Wedding) + Sweep Tosho (Wedding),King Halo (Wedding) + Sweep Tosho (Wedding),King Halo (Wedding) + Sweep Tosho (Wedding),King Halo (Wedding) + Sweep Tosho (Wedding),King Halo (Wedding) + Sweep Tosho (Wedding),King Halo (Wedding) + Sweep Tosho (Wedding),King Halo (Wedding) + Sweep Tosho (Wedding),King Halo (Wedding) + Sweep Tosho (Wedding),King Halo (Wedding) + Sweep Tosho (Wedding),King Halo (Wedding) + Sweep Tosho (Wedding),King Halo (Wedding) + Sweep Tosho (Wedding),,,,,,,,,,,,,,,,,,,,,,,,,,,,,,JP,,JP Datedif,50,,,,,,,0,0,0,0,2025-07-27 22:00:00,,,,
,El Condor Pasa + Duramente + Narita Brian + Winning Ticket + King Halo + Vivlos + Tap Dance City + Satono Diamond + Mejiro Ramonu + Aston Machan,El Condor Pasa + Duramente + Narita Brian + Winning Ticket + King Halo + Vivlos + Tap Dance City + Satono Diamond + Mejiro Ramonu + Aston Machan,Jungle Pocket,Jungle Pocket,El Condor Pasa + Duramente + Narita Brian + Winning Ticket + King Halo + Vivlos + Tap Dance City + Satono Diamond + Mejiro Ramonu + Aston Machan,El Condor Pasa + Duramente + Narita Brian + Winning Ticket + King Halo + Vivlos + Tap Dance City + Satono Diamond + Mejiro Ramonu + Aston Machan,Jungle Pocket,El Condor Pasa + Duramente + Narita Brian + Winning Ticket + King Halo + Vivlos + Tap Dance City + Satono Diamond + Mejiro Ramonu + Aston Machan,El Condor Pasa + Duramente + Narita Brian + Winning Ticket + King Halo + Vivlos + Tap Dance City + Satono Diamond + Mejiro Ramonu + Aston Machan,Jungle Pocket,El Condor Pasa + Duramente + Narita Brian + Winning Ticket + King Halo + Vivlos + Tap Dance City + Satono Diamond + Mejiro Ramonu + Aston Machan,Jungle Pocket,Jungle Pocket,Jungle Pocket,Jungle Pocket,Jungle Pocket,Jungle Pocket,Jungle Pocket,Jungle Pocket,Jungle Pocket,Jungle Pocket,Jungle Pocket,Jungle Pocket,Jungle Pocket,Jungle Pocket,,,,,,,,,,,,,,,,,,,,,,,,,,,,,,Start Date,End Date,Global Datedif,31,,,,,,,,,,,,,,,
,Yayoi Akikawa + Nishino Flower,Yayoi Akikawa + Nishino Flower,Dream Journey,Dream Journey,Yayoi Akikawa + Nishino Flower,Yayoi Akikawa + Nishino Flower,Dream Journey,Yayoi Akikawa + Nishino Flower,Yayoi Akikawa + Nishino Flower,Dream Journey,Yayoi Akikawa + Nishino Flower,Dream Journey,Dream Journey,Dream Journey,Dream Journey,Dream Journey,Dream Journey,Dream Journey,Dream Journey,Dream Journey,Dream Journey,Dream Journey,Dream Journey,Dream Journey,Dream Journey,,,,,,,,,,,,,,,,,,,,,,,,,,,,,,2021-04-15,2021-04-26,D-Day,-334,,,,,,,,,,,,,,,
,Dantsu Flame,Dantsu Flame,Rice Shower (Great Food Festival),Rice Shower (Great Food Festival),Dantsu Flame,Dantsu Flame,Rice Shower (Great Food Festival),Dantsu Flame,Dantsu Flame,Rice Shower (Great Food Festival),Dantsu Flame,Rice Shower (Great Food Festival),Rice Shower (Great Food Festival),Rice Shower (Great Food Festival),Rice Shower (Great Food Festival),Rice Shower (Great Food Festival),Rice Shower (Great Food Festival),Rice Shower (Great Food Festival),Rice Shower (Great Food Festival),Rice Shower (Great Food Festival),Rice Shower (Great Food Festival),Rice Shower (Great Food Festival),Rice Shower (Great Food Festival),Rice Shower (Great Food Festival),Rice Shower (Great Food Festival),,,,,,,,,,,,,,,,,,,,,,,,,,,,,,Pull Tickets,,Finals Day,-324,,,,,,,,,,,,,,,
,Duramente + Taiki Shuttle + Sakura Bakushin O + Hokko Tarumae + King Halo + Gold City + K.S. Miracle + Mejiro McQueen + Mihono Bourbon + Aston Machan,Duramente + Taiki Shuttle + Sakura Bakushin O + Hokko Tarumae + King Halo + Gold City + K.S. Miracle + Mejiro McQueen + Mihono Bourbon + Aston Machan,Calstone Light O,Calstone Light O,Duramente + Taiki Shuttle + Sakura Bakushin O + Hokko Tarumae + King Halo + Gold City + K.S. Miracle + Mejiro McQueen + Mihono Bourbon + Aston Machan,Duramente + Taiki Shuttle + Sakura Bakushin O + Hokko Tarumae + King Halo + Gold City + K.S. Miracle + Mejiro McQueen + Mihono Bourbon + Aston Machan,Calstone Light O,Duramente + Taiki Shuttle + Sakura Bakushin O + Hokko Tarumae + King Halo + Gold City + K.S. Miracle + Mejiro McQueen + Mihono Bourbon + Aston Machan,Duramente + Taiki Shuttle + Sakura Bakushin O + Hokko Tarumae + King Halo + Gold City + K.S. Miracle + Mejiro McQueen + Mihono Bourbon + Aston Machan,Calstone Light O,Duramente + Taiki Shuttle + Sakura Bakushin O + Hokko Tarumae + King Halo + Gold City + K.S. Miracle + Mejiro McQueen + Mihono Bourbon + Aston Machan,Calstone Light O,Calstone Light O,Calstone Light O,Calstone Light O,Calstone Light O,Calstone Light O,Calstone Light O,Calstone Light O,Calstone Light O,Calstone Light O,Calstone Light O,Calstone Light O,Calstone Light O,Calstone Light O,,,,,,,,,,,,,,,,,,,,,,,,,,,,,,Uma,Support,Length,11,,,,,,,,,,,,,,,
,Smart Falcon + Copano Rickey,Smart Falcon + Copano Rickey,Eishin Flash (Summer Trip) + Hokko Tarumae (Summer Trip),Eishin Flash (Summer Trip) + Hokko Tarumae (Summer Trip),Smart Falcon + Copano Rickey,Smart Falcon + Copano Rickey,Eishin Flash (Summer Trip) + Hokko Tarumae (Summer Trip),Smart Falcon + Copano Rickey,Smart Falcon + Copano Rickey,Eishin Flash (Summer Trip) + Hokko Tarumae (Summer Trip),Smart Falcon + Copano Rickey,Eishin Flash (Summer Trip) + Hokko Tarumae (Summer Trip),Eishin Flash (Summer Trip) + Hokko Tarumae (Summer Trip),Eishin Flash (Summer Trip) + Hokko Tarumae (Summer Trip),Eishin Flash (Summer Trip) + Hokko Tarumae (Summer Trip),Eishin Flash (Summer Trip) + Hokko Tarumae (Summer Trip),Eishin Flash (Summer Trip) + Hokko Tarumae (Summer Trip),Eishin Flash (Summer Trip) + Hokko Tarumae (Summer Trip),Eishin Flash (Summer Trip) + Hokko Tarumae (Summer Trip),Eishin Flash (Summer Trip) + Hokko Tarumae (Summer Trip),Eishin Flash (Summer Trip) + Hokko Tarumae (Summer Trip),Eishin Flash (Summer Trip) + Hokko Tarumae (Summer Trip),Eishin Flash (Summer Trip) + Hokko Tarumae (Summer Trip),Eishin Flash (Summer Trip) + Hokko Tarumae (Summer Trip),Eishin Flash (Summer Trip) + Hokko Tarumae (Summer Trip),,,,,,,,,,,,,,,,,,,,,,,,,,,,,,,,Dropdown,TRUE,,,,,,,,,,,,,,,
,Fine Motion,Fine Motion,(All) 2,(All) 2,Fine Motion,Fine Motion,(All) 2,Fine Motion,Fine Motion,(All) 2,Fine Motion,(All) 2,(All) 2,(All) 2,(All) 2,(All) 2,(All) 2,(All) 2,(All) 2,(All) 2,(All) 2,(All) 2,(All) 2,(All) 2,(All) 2,,,,,,Curren Chan,,Yukino Bijin,,Nishino Flower,,,,,,,,,,,,,,,,,,,,Limit Break Crystals,,,,,,,,,,,,,,,,,,
,Still in Love,Still in Love,Gentildonna,Gentildonna,Still in Love,Still in Love,Gentildonna,Still in Love,Still in Love,Gentildonna,Still in Love,Gentildonna,Gentildonna,Gentildonna,Gentildonna,Gentildonna,Gentildonna,Gentildonna,Gentildonna,Gentildonna,Gentildonna,Gentildonna,Gentildonna,Gentildonna,Gentildonna,,,,,,♡ Cute ♡,,Whale,,,,,,,,,,,,,,,,,,,,,,SSR,SR,,,,,,,,,,,,,,,,,
,Taiki Shuttle + Fuji Kiseki,Taiki Shuttle + Fuji Kiseki,Neo Universe (Autumn) + Zenno Rob Roy (Autumn),Neo Universe (Autumn) + Zenno Rob Roy (Autumn),Taiki Shuttle + Fuji Kiseki,Taiki Shuttle + Fuji Kiseki,Neo Universe (Autumn) + Zenno Rob Roy (Autumn),Taiki Shuttle + Fuji Kiseki,Taiki Shuttle + Fuji Kiseki,Neo Universe (Autumn) + Zenno Rob Roy (Autumn),Taiki Shuttle + Fuji Kiseki,Neo Universe (Autumn) + Zenno Rob Roy (Autumn),Neo Universe (Autumn) + Zenno Rob Roy (Autumn),Neo Universe (Autumn) + Zenno Rob Roy (Autumn),Neo Universe (Autumn) + Zenno Rob Roy (Autumn),Neo Universe (Autumn) + Zenno Rob Roy (Autumn),Neo Universe (Autumn) + Zenno Rob Roy (Autumn),Neo Universe (Autumn) + Zenno Rob Roy (Autumn),Neo Universe (Autumn) + Zenno Rob Roy (Autumn),Neo Universe (Autumn) + Zenno Rob Roy (Autumn),Neo Universe (Autumn) + Zenno Rob Roy (Autumn),Neo Universe (Autumn) + Zenno Rob Roy (Autumn),Neo Universe (Autumn) + Zenno Rob Roy (Autumn),Neo Universe (Autumn) + Zenno Rob Roy (Autumn),Neo Universe (Autumn) + Zenno Rob Roy (Autumn),,,,,,,,,,,,,,,,,,,,,,,,,,,,,,,,,,,,,,,,,,,,,,,,
,Espoir City,Espoir City,Cesario,Cesario,Espoir City,Espoir City,Cesario,Espoir City,Espoir City,Cesario,Espoir City,Cesario,Cesario,Cesario,Cesario,Cesario,Cesario,Cesario,Cesario,Cesario,Cesario,Cesario,Cesario,Cesario,Cesario,JP,,Global,,,,,,,,,,,,,,,,,,,,,,,,,,,Date Override,,Start Date,End Date,,,,,,,,,,,,,,,
,El Condor Pasa + Yamanin Zephyr + Mejiro Ramonu + Winning Ticket + Gold City + Orfevre + K.S. Miracle + Mejiro McQueen + Mejiro Ramonu + Satono Diamond,El Condor Pasa + Yamanin Zephyr + Mejiro Ramonu + Winning Ticket + Gold City + Orfevre + K.S. Miracle + Mejiro McQueen + Mejiro Ramonu + Satono Diamond,Durandal,Durandal,El Condor Pasa + Yamanin Zephyr + Mejiro Ramonu + Winning Ticket + Gold City + Orfevre + K.S. Miracle + Mejiro McQueen + Mejiro Ramonu + Satono Diamond,El Condor Pasa + Yamanin Zephyr + Mejiro Ramonu + Winning Ticket + Gold City + Orfevre + K.S. Miracle + Mejiro McQueen + Mejiro Ramonu + Satono Diamond,Durandal,El Condor Pasa + Yamanin Zephyr + Mejiro Ramonu + Winning Ticket + Gold City + Orfevre + K.S. Miracle + Mejiro McQueen + Mejiro Ramonu + Satono Diamond,El Condor Pasa + Yamanin Zephyr + Mejiro Ramonu + Winning Ticket + Gold City + Orfevre + K.S. Miracle + Mejiro McQueen + Mejiro Ramonu + Satono Diamond,Durandal,El Condor Pasa + Yamanin Zephyr + Mejiro Ramonu + Winning Ticket + Gold City + Orfevre + K.S. Miracle + Mejiro McQueen + Mejiro Ramonu + Satono Diamond,Durandal,Durandal,Durandal,Durandal,Durandal,Durandal,Durandal,Durandal,Durandal,Durandal,Durandal,Durandal,Durandal,Durandal,Start Date,End Date,Start Date,End Date,,Releases In,,,,,,,,,,,,,,,,,,,,,,,,2025-08-03,,2025-08-03,2025-08-13,,,,,,,,,,,,,,,
,Hishi Amazon + Narita Brian,Hishi Amazon + Narita Brian,Seeking the Pearl (Halloween) + Mayano Top Gun (Halloween),Seeking the Pearl (Halloween) + Mayano Top Gun (Halloween),Hishi Amazon + Narita Brian,Hishi Amazon + Narita Brian,Seeking the Pearl (Halloween) + Mayano Top Gun (Halloween),Hishi Amazon + Narita Brian,Hishi Amazon + Narita Brian,Seeking the Pearl (Halloween) + Mayano Top Gun (Halloween),Hishi Amazon + Narita Brian,Seeking the Pearl (Halloween) + Mayano Top Gun (Halloween),Seeking the Pearl (Halloween) + Mayano Top Gun (Halloween),Seeking the Pearl (Halloween) + Mayano Top Gun (Halloween),Seeking the Pearl (Halloween) + Mayano Top Gun (Halloween),Seeking the Pearl (Halloween) + Mayano Top Gun (Halloween),Seeking the Pearl (Halloween) + Mayano Top Gun (Halloween),Seeking the Pearl (Halloween) + Mayano Top Gun (Halloween),Seeking the Pearl (Halloween) + Mayano Top Gun (Halloween),Seeking the Pearl (Halloween) + Mayano Top Gun (Halloween),Seeking the Pearl (Halloween) + Mayano Top Gun (Halloween),Seeking the Pearl (Halloween) + Mayano Top Gun (Halloween),Seeking the Pearl (Halloween) + Mayano Top Gun (Halloween),Seeking the Pearl (Halloween) + Mayano Top Gun (Halloween),Seeking the Pearl (Halloween) + Mayano Top Gun (Halloween),2021-04-26,2021-05-06,2025-08-03,2025-08-13,,-327 Days,,,,,,,,,,,,,,,,,,,,,,,,Banner Type,1,2025-08-03 22:00:00,2025-08-13 21:59:59,Narita Taishin,Yaeno Muteki,,,,,,,,,,,,,
,El Condor Pasa + Duramente + Winning Ticket + Mejiro Ramonu + Vivlos + Orfevre + Mejiro McQueen + Narita Taishin + Neo Universe + Ryoka Tsurugi,El Condor Pasa + Duramente + Winning Ticket + Mejiro Ramonu + Vivlos + Orfevre + Mejiro McQueen + Narita Taishin + Neo Universe + Ryoka Tsurugi,Bubble Gum Fellow,Bubble Gum Fellow,El Condor Pasa + Duramente + Winning Ticket + Mejiro Ramonu + Vivlos + Orfevre + Mejiro McQueen + Narita Taishin + Neo Universe + Ryoka Tsurugi,El Condor Pasa + Duramente + Winning Ticket + Mejiro Ramonu + Vivlos + Orfevre + Mejiro McQueen + Narita Taishin + Neo Universe + Ryoka Tsurugi,Bubble Gum Fellow,El Condor Pasa + Duramente + Winning Ticket + Mejiro Ramonu + Vivlos + Orfevre + Mejiro McQueen + Narita Taishin + Neo Universe + Ryoka Tsurugi,El Condor Pasa + Duramente + Winning Ticket + Mejiro Ramonu + Vivlos + Orfevre + Mejiro McQueen + Narita Taishin + Neo Universe + Ryoka Tsurugi,Bubble Gum Fellow,El Condor Pasa + Duramente + Winning Ticket + Mejiro Ramonu + Vivlos + Orfevre + Mejiro McQueen + Narita Taishin + Neo Universe + Ryoka Tsurugi,Bubble Gum Fellow,Bubble Gum Fellow,Bubble Gum Fellow,Bubble Gum Fellow,Bubble Gum Fellow,Bubble Gum Fellow,Bubble Gum Fellow,Bubble Gum Fellow,Bubble Gum Fellow,Bubble Gum Fellow,Bubble Gum Fellow,Bubble Gum Fellow,Bubble Gum Fellow,Bubble Gum Fellow,,,,,,,,,,,,,,,,,,,,,,,,,,,,,,JP,,JP Datedif,61,,,,,,,0,0,0,0,2025-08-03 22:00:00,,,,
,Daiwa Scarlet + Air Shakur,Daiwa Scarlet + Air Shakur,Biwa Hayahide (Mecha),Biwa Hayahide (Mecha),Daiwa Scarlet + Air Shakur,Daiwa Scarlet + Air Shakur,Biwa Hayahide (Mecha),Daiwa Scarlet + Air Shakur,Daiwa Scarlet + Air Shakur,Biwa Hayahide (Mecha),Daiwa Scarlet + Air Shakur,Biwa Hayahide (Mecha),Biwa Hayahide (Mecha),Biwa Hayahide (Mecha),Biwa Hayahide (Mecha),Biwa Hayahide (Mecha),Biwa Hayahide (Mecha),Biwa Hayahide (Mecha),Biwa Hayahide (Mecha),Biwa Hayahide (Mecha),Biwa Hayahide (Mecha),Biwa Hayahide (Mecha),Biwa Hayahide (Mecha),Biwa Hayahide (Mecha),Biwa Hayahide (Mecha),,,,,,,,,,,,,,,,,,,,,,,,,,,,,,Start Date,End Date,Global Datedif,38,,,,,,,,,,,,,,,
,Symboli Kris S Power,Symboli Kris S Power,Narita Taishin (Mecha),Narita Taishin (Mecha),Symboli Kris S Power,Symboli Kris S Power,Narita Taishin (Mecha),Symboli Kris S Power,Symboli Kris S Power,Narita Taishin (Mecha),Symboli Kris S Power,Narita Taishin (Mecha),Narita Taishin (Mecha),Narita Taishin (Mecha),Narita Taishin (Mecha),Narita Taishin (Mecha),Narita Taishin (Mecha),Narita Taishin (Mecha),Narita Taishin (Mecha),Narita Taishin (Mecha),Narita Taishin (Mecha),Narita Taishin (Mecha),Narita Taishin (Mecha),Narita Taishin (Mecha),Narita Taishin (Mecha),,,,,,,,,,,,,,,,,,,,,,,,,,,,,,2021-04-26,2021-05-06,D-Day,-327,,,,,,,,,,,,,,,
,Vivlos + Cheval Grand + Mejiro Ramonu + Orfevre + Mejiro McQueen + Narita Taishin + Neo Universe + Satono Diamond + Ryoka Tsurugi + Yayoi Akikawa,Vivlos + Cheval Grand + Mejiro Ramonu + Orfevre + Mejiro McQueen + Narita Taishin + Neo Universe + Satono Diamond + Ryoka Tsurugi + Yayoi Akikawa,Air Messiah,Air Messiah,Vivlos + Cheval Grand + Mejiro Ramonu + Orfevre + Mejiro McQueen + Narita Taishin + Neo Universe + Satono Diamond + Ryoka Tsurugi + Yayoi Akikawa,Vivlos + Cheval Grand + Mejiro Ramonu + Orfevre + Mejiro McQueen + Narita Taishin + Neo Universe + Satono Diamond + Ryoka Tsurugi + Yayoi Akikawa,Air Messiah,Vivlos + Cheval Grand + Mejiro Ramonu + Orfevre + Mejiro McQueen + Narita Taishin + Neo Universe + Satono Diamond + Ryoka Tsurugi + Yayoi Akikawa,Vivlos + Cheval Grand + Mejiro Ramonu + Orfevre + Mejiro McQueen + Narita Taishin + Neo Universe + Satono Diamond + Ryoka Tsurugi + Yayoi Akikawa,Air Messiah,Vivlos + Cheval Grand + Mejiro Ramonu + Orfevre + Mejiro McQueen + Narita Taishin + Neo Universe + Satono Diamond + Ryoka Tsurugi + Yayoi Akikawa,Air Messiah,Air Messiah,Air Messiah,Air Messiah,Air Messiah,Air Messiah,Air Messiah,Air Messiah,Air Messiah,Air Messiah,Air Messiah,Air Messiah,Air Messiah,Air Messiah,,,,,,,,,,,,,,,,,,,,,,,,,,,,,,Pull Tickets,,Finals Day,-318,,,,,,,,,,,,,,,
,Agnes Digital + Meisho Doto,Agnes Digital + Meisho Doto,Narita Top Road (Christmas) + Admire Vega (Christmas),Narita Top Road (Christmas) + Admire Vega (Christmas),Agnes Digital + Meisho Doto,Agnes Digital + Meisho Doto,Narita Top Road (Christmas) + Admire Vega (Christmas),Agnes Digital + Meisho Doto,Agnes Digital + Meisho Doto,Narita Top Road (Christmas) + Admire Vega (Christmas),Agnes Digital + Meisho Doto,Narita Top Road (Christmas) + Admire Vega (Christmas),Narita Top Road (Christmas) + Admire Vega (Christmas),Narita Top Road (Christmas) + Admire Vega (Christmas),Narita Top Road (Christmas) + Admire Vega (Christmas),Narita Top Road (Christmas) + Admire Vega (Christmas),Narita Top Road (Christmas) + Admire Vega (Christmas),Narita Top Road (Christmas) + Admire Vega (Christmas),Narita Top Road (Christmas) + Admire Vega (Christmas),Narita Top Road (Christmas) + Admire Vega (Christmas),Narita Top Road (Christmas) + Admire Vega (Christmas),Narita Top Road (Christmas) + Admire Vega (Christmas),Narita Top Road (Christmas) + Admire Vega (Christmas),Narita Top Road (Christmas) + Admire Vega (Christmas),Narita Top Road (Christmas) + Admire Vega (Christmas),,,,,,,,,,,,,,,,,,,,,,,,,,,,,,Uma,Support,Length,10,,,,,,,,,,,,,,,
,Blast Onepiece,Blast Onepiece,Win Variation,Win Variation,Blast Onepiece,Blast Onepiece,Win Variation,Blast Onepiece,Blast Onepiece,Win Variation,Blast Onepiece,Win Variation,Win Variation,Win Variation,Win Variation,Win Variation,Win Variation,Win Variation,Win Variation,Win Variation,Win Variation,Win Variation,Win Variation,Win Variation,Win Variation,,,,,,,,,,,,,,,,,,,,,,,,,,,,,,,,Dropdown,TRUE,,,,,,,,,,,,,,,
,Vivlos + Smart Falcon + Cheval Grand + Dantsu Flame + Sounds of Earth + Nishino Flower + Fine Motion + Orfevre + Narita Taishin + Yayoi Akikawa,Vivlos + Smart Falcon + Cheval Grand + Dantsu Flame + Sounds of Earth + Nishino Flower + Fine Motion + Orfevre + Narita Taishin + Yayoi Akikawa,Grass Wonder (New Year),Grass Wonder (New Year),Vivlos + Smart Falcon + Cheval Grand + Dantsu Flame + Sounds of Earth + Nishino Flower + Fine Motion + Orfevre + Narita Taishin + Yayoi Akikawa,Vivlos + Smart Falcon + Cheval Grand + Dantsu Flame + Sounds of Earth + Nishino Flower + Fine Motion + Orfevre + Narita Taishin + Yayoi Akikawa,Grass Wonder (New Year),Vivlos + Smart Falcon + Cheval Grand + Dantsu Flame + Sounds of Earth + Nishino Flower + Fine Motion + Orfevre + Narita Taishin + Yayoi Akikawa,Vivlos + Smart Falcon + Cheval Grand + Dantsu Flame + Sounds of Earth + Nishino Flower + Fine Motion + Orfevre + Narita Taishin + Yayoi Akikawa,Grass Wonder (New Year),Vivlos + Smart Falcon + Cheval Grand + Dantsu Flame + Sounds of Earth + Nishino Flower + Fine Motion + Orfevre + Narita Taishin + Yayoi Akikawa,Grass Wonder (New Year),Grass Wonder (New Year),Grass Wonder (New Year),Grass Wonder (New Year),Grass Wonder (New Year),Grass Wonder (New Year),Grass Wonder (New Year),Grass Wonder (New Year),Grass Wonder (New Year),Grass Wonder (New Year),Grass Wonder (New Year),Grass Wonder (New Year),Grass Wonder (New Year),Grass Wonder (New Year),,,,,,Narita Taishin,,Yaeno Muteki,,Zenno Rob Roy,,,,,,,,,,,,,,,,,,,,Limit Break Crystals,,,,,,,,,,,,,,,,,,
,Symboli Rudolf + Mejiro Ardan,Symboli Rudolf + Mejiro Ardan,Katsuragi Ace (New Year) + Mr. C.B. (New Year),Katsuragi Ace (New Year) + Mr. C.B. (New Year),Symboli Rudolf + Mejiro Ardan,Symboli Rudolf + Mejiro Ardan,Katsuragi Ace (New Year) + Mr. C.B. (New Year),Symboli Rudolf + Mejiro Ardan,Symboli Rudolf + Mejiro Ardan,Katsuragi Ace (New Year) + Mr. C.B. (New Year),Symboli Rudolf + Mejiro Ardan,Katsuragi Ace (New Year) + Mr. C.B. (New Year),Katsuragi Ace (New Year) + Mr. C.B. (New Year),Katsuragi Ace (New Year) + Mr. C.B. (New Year),Katsuragi Ace (New Year) + Mr. C.B. (New Year),Katsuragi Ace (New Year) + Mr. C.B. (New Year),Katsuragi Ace (New Year) + Mr. C.B. (New Year),Katsuragi Ace (New Year) + Mr. C.B. (New Year),Katsuragi Ace (New Year) + Mr. C.B. (New Year),Katsuragi Ace (New Year) + Mr. C.B. (New Year),Katsuragi Ace (New Year) + Mr. C.B. (New Year),Katsuragi Ace (New Year) + Mr. C.B. (New Year),Katsuragi Ace (New Year) + Mr. C.B. (New Year),Katsuragi Ace (New Year) + Mr. C.B. (New Year),Katsuragi Ace (New Year) + Mr. C.B. (New Year),,,,,,Dolphin,,Whale,,,,,,,,,,,,,,,,,,,,,,SSR,SR,,,,,,,,,,,,,,,,,
,Seeking the Pearl,Seeking the Pearl,Maruzensky (New Year),Maruzensky (New Year),Seeking the Pearl,Seeking the Pearl,Maruzensky (New Year),Seeking the Pearl,Seeking the Pearl,Maruzensky (New Year),Seeking the Pearl,Maruzensky (New Year),Maruzensky (New Year),Maruzensky (New Year),Maruzensky (New Year),Maruzensky (New Year),Maruzensky (New Year),Maruzensky (New Year),Maruzensky (New Year),Maruzensky (New Year),Maruzensky (New Year),Maruzensky (New Year),Maruzensky (New Year),Maruzensky (New Year),Maruzensky (New Year),,,,,,,,,,,,,,,,,,,,,,,,,,,,,,,,,,,,,,,,,,,,,,,,
,Vivlos + Smart Falcon + Dantsu Flame + Nishino Flower + Mejiro Ramonu + Seiun Sky + Orfevre + Mejiro McQueen + Narita Taishin + Yayoi Akikawa,Vivlos + Smart Falcon + Dantsu Flame + Nishino Flower + Mejiro Ramonu + Seiun Sky + Orfevre + Mejiro McQueen + Narita Taishin + Yayoi Akikawa,Furioso,Furioso,Vivlos + Smart Falcon + Dantsu Flame + Nishino Flower + Mejiro Ramonu + Seiun Sky + Orfevre + Mejiro McQueen + Narita Taishin + Yayoi Akikawa,Vivlos + Smart Falcon + Dantsu Flame + Nishino Flower + Mejiro Ramonu + Seiun Sky + Orfevre + Mejiro McQueen + Narita Taishin + Yayoi Akikawa,Furioso,Vivlos + Smart Falcon + Dantsu Flame + Nishino Flower + Mejiro Ramonu + Seiun Sky + Orfevre + Mejiro McQueen + Narita Taishin + Yayoi Akikawa,Vivlos + Smart Falcon + Dantsu Flame + Nishino Flower + Mejiro Ramonu + Seiun Sky + Orfevre + Mejiro McQueen + Narita Taishin + Yayoi Akikawa,Furioso,Vivlos + Smart Falcon + Dantsu Flame + Nishino Flower + Mejiro Ramonu + Seiun Sky + Orfevre + Mejiro McQueen + Narita Taishin + Yayoi Akikawa,Furioso,Furioso,Furioso,Furioso,Furioso,Furioso,Furioso,Furioso,Furioso,Furioso,Furioso,Furioso,Furioso,Furioso,JP,,Global,,,,,,,,,,,,,,,,,,,,,,,,,,,Date Override,,Start Date,End Date,,,,,,,,,,,,,,,
,Curren Chan + Ikuno Dictus,Curren Chan + Ikuno Dictus,Yamanin Zephyr (Valentine) + Aston Machan (Valentine),Yamanin Zephyr (Valentine) + Aston Machan (Valentine),Curren Chan + Ikuno Dictus,Curren Chan + Ikuno Dictus,Yamanin Zephyr (Valentine) + Aston Machan (Valentine),Curren Chan + Ikuno Dictus,Curren Chan + Ikuno Dictus,Yamanin Zephyr (Valentine) + Aston Machan (Valentine),Curren Chan + Ikuno Dictus,Yamanin Zephyr (Valentine) + Aston Machan (Valentine),Yamanin Zephyr (Valentine) + Aston Machan (Valentine),Yamanin Zephyr (Valentine) + Aston Machan (Valentine),Yamanin Zephyr (Valentine) + Aston Machan (Valentine),Yamanin Zephyr (Valentine) + Aston Machan (Valentine),Yamanin Zephyr (Valentine) + Aston Machan (Valentine),Yamanin Zephyr (Valentine) + Aston Machan (Valentine),Yamanin Zephyr (Valentine) + Aston Machan (Valentine),Yamanin Zephyr (Valentine) + Aston Machan (Valentine),Yamanin Zephyr (Valentine) + Aston Machan (Valentine),Yamanin Zephyr (Valentine) + Aston Machan (Valentine),Yamanin Zephyr (Valentine) + Aston Machan (Valentine),Yamanin Zephyr (Valentine) + Aston Machan (Valentine),Yamanin Zephyr (Valentine) + Aston Machan (Valentine),Start Date,End Date,Start Date,End Date,,Releases In,,,,,,,,,,,,,,,,,,,,,,,,2025-08-11,,2025-08-11,2025-08-22,,,,,,,,,,,,,,,
,Smart Falcon + Still in Love + Nishino Flower + Seiun Sky + K.S.Miracle + Fine Motion + Gold City + Vodka + Mejiro McQueen + Taiki Shuttle,Smart Falcon + Still in Love + Nishino Flower + Seiun Sky + K.S.Miracle + Fine Motion + Gold City + Vodka + Mejiro McQueen + Taiki Shuttle,Tsurumaru Tsuyoshi,Tsurumaru Tsuyoshi,Smart Falcon + Still in Love + Nishino Flower + Seiun Sky + K.S.Miracle + Fine Motion + Gold City + Vodka + Mejiro McQueen + Taiki Shuttle,Smart Falcon + Still in Love + Nishino Flower + Seiun Sky + K.S.Miracle + Fine Motion + Gold City + Vodka + Mejiro McQueen + Taiki Shuttle,Tsurumaru Tsuyoshi,Smart Falcon + Still in Love + Nishino Flower + Seiun Sky + K.S.Miracle + Fine Motion + Gold City + Vodka + Mejiro McQueen + Taiki Shuttle,Smart Falcon + Still in Love + Nishino Flower + Seiun Sky + K.S.Miracle + Fine Motion + Gold City + Vodka + Mejiro McQueen + Taiki Shuttle,Tsurumaru Tsuyoshi,Smart Falcon + Still in Love + Nishino Flower + Seiun Sky + K.S.Miracle + Fine Motion + Gold City + Vodka + Mejiro McQueen + Taiki Shuttle,Tsurumaru Tsuyoshi,Tsurumaru Tsuyoshi,Tsurumaru Tsuyoshi,Tsurumaru Tsuyoshi,Tsurumaru Tsuyoshi,Tsurumaru Tsuyoshi,Tsurumaru Tsuyoshi,Tsurumaru Tsuyoshi,Tsurumaru Tsuyoshi,Tsurumaru Tsuyoshi,Tsurumaru Tsuyoshi,Tsurumaru Tsuyoshi,Tsurumaru Tsuyoshi,Tsurumaru Tsuyoshi,2021-05-06,2021-05-17,2025-08-11,2025-08-22,,-319 Days,,,,,,,,,,,,,,,,,,,,,,,,Banner Type,1,2025-08-11 22:00:00,2025-08-22 21:59:59,Smart Falcon,Super Creek + Tazuna,,,,,,,,,,,,,
,Almond Eye + Embodiment of Legends,Almond Eye + Embodiment of Legends,Orfevre,Orfevre,Almond Eye + Embodiment of Legends,Almond Eye + Embodiment of Legends,Orfevre,Almond Eye + Embodiment of Legends,Almond Eye + Embodiment of Legends,Orfevre,Almond Eye + Embodiment of Legends,Orfevre,Orfevre,Orfevre,Orfevre,Orfevre,Orfevre,Orfevre,Orfevre,Orfevre,Orfevre,Orfevre,Orfevre,Orfevre,Orfevre,,,,,,,,,,,,,,,,,,,,,,,,,,,,,,JP,,JP Datedif,71,,,,,,,0,0,0,0,2025-08-11 22:00:00,,,,
,Mejiro Bright,Mejiro Bright,Gran Alegria,Gran Alegria,Mejiro Bright,Mejiro Bright,Gran Alegria,Mejiro Bright,Mejiro Bright,Gran Alegria,Mejiro Bright,Gran Alegria,Gran Alegria,Gran Alegria,Gran Alegria,Gran Alegria,Gran Alegria,Gran Alegria,Gran Alegria,Gran Alegria,Gran Alegria,Gran Alegria,Gran Alegria,Gran Alegria,Gran Alegria,,,,,,,,,,,,,,,,,,,,,,,,,,,,,,Start Date,End Date,Global Datedif,46,,,,,,,,,,,,,,,
,Smart Falcon + Still in Love + Narita Brian + Air Shakur + Nishino Flower + Mejiro Ardan + Symboli Kris S + Fuji Kiseki + Narita Taishin + Daiwa Scarlet,Smart Falcon + Still in Love + Narita Brian + Air Shakur + Nishino Flower + Mejiro Ardan + Symboli Kris S + Fuji Kiseki + Narita Taishin + Daiwa Scarlet,No Reason,No Reason,Smart Falcon + Still in Love + Narita Brian + Air Shakur + Nishino Flower + Mejiro Ardan + Symboli Kris S + Fuji Kiseki + Narita Taishin + Daiwa Scarlet,Smart Falcon + Still in Love + Narita Brian + Air Shakur + Nishino Flower + Mejiro Ardan + Symboli Kris S + Fuji Kiseki + Narita Taishin + Daiwa Scarlet,No Reason,Smart Falcon + Still in Love + Narita Brian + Air Shakur + Nishino Flower + Mejiro Ardan + Symboli Kris S + Fuji Kiseki + Narita Taishin + Daiwa Scarlet,Smart Falcon + Still in Love + Narita Brian + Air Shakur + Nishino Flower + Mejiro Ardan + Symboli Kris S + Fuji Kiseki + Narita Taishin + Daiwa Scarlet,No Reason,Smart Falcon + Still in Love + Narita Brian + Air Shakur + Nishino Flower + Mejiro Ardan + Symboli Kris S + Fuji Kiseki + Narita Taishin + Daiwa Scarlet,No Reason,No Reason,No Reason,No Reason,No Reason,No Reason,No Reason,No Reason,No Reason,No Reason,No Reason,No Reason,No Reason,No Reason,,,,,,,,,,,,,,,,,,,,,,,,,,,,,,2021-05-06,2021-05-17,D-Day,-319,,,,,,,,,,,,,,,
,Vodka + Dream Journey,Vodka + Dream Journey,Tap Dance City (Ballroom) + Tanino Gimlet (Ballroom),Tap Dance City (Ballroom) + Tanino Gimlet (Ballroom),Vodka + Dream Journey,Vodka + Dream Journey,Tap Dance City (Ballroom) + Tanino Gimlet (Ballroom),Vodka + Dream Journey,Vodka + Dream Journey,Tap Dance City (Ballroom) + Tanino Gimlet (Ballroom),Vodka + Dream Journey,Tap Dance City (Ballroom) + Tanino Gimlet (Ballroom),Tap Dance City (Ballroom) + Tanino Gimlet (Ballroom),Tap Dance City (Ballroom) + Tanino Gimlet (Ballroom),Tap Dance City (Ballroom) + Tanino Gimlet (Ballroom),Tap Dance City (Ballroom) + Tanino Gimlet (Ballroom),Tap Dance City (Ballroom) + Tanino Gimlet (Ballroom),Tap Dance City (Ballroom) + Tanino Gimlet (Ballroom),Tap Dance City (Ballroom) + Tanino Gimlet (Ballroom),Tap Dance City (Ballroom) + Tanino Gimlet (Ballroom),Tap Dance City (Ballroom) + Tanino Gimlet (Ballroom),Tap Dance City (Ballroom) + Tanino Gimlet (Ballroom),Tap Dance City (Ballroom) + Tanino Gimlet (Ballroom),Tap Dance City (Ballroom) + Tanino Gimlet (Ballroom),Tap Dance City (Ballroom) + Tanino Gimlet (Ballroom),,,,,,,,,,,,,,,,,,,,,,,,,,,,,,Pull Tickets,,Finals Day,-309,,,,,,,,,,,,,,,
,Daring Tact,Daring Tact,Sirius Symboli (The Twinkle Legends),Sirius Symboli (The Twinkle Legends),Daring Tact,Daring Tact,Sirius Symboli (The Twinkle Legends),Daring Tact,Daring Tact,Sirius Symboli (The Twinkle Legends),Daring Tact,Sirius Symboli (The Twinkle Legends),Sirius Symboli (The Twinkle Legends),Sirius Symboli (The Twinkle Legends),Sirius Symboli (The Twinkle Legends),Sirius Symboli (The Twinkle Legends),Sirius Symboli (The Twinkle Legends),Sirius Symboli (The Twinkle Legends),Sirius Symboli (The Twinkle Legends),Sirius Symboli (The Twinkle Legends),Sirius Symboli (The Twinkle Legends),Sirius Symboli (The Twinkle Legends),Sirius Symboli (The Twinkle Legends),Sirius Symboli (The Twinkle Legends),Sirius Symboli (The Twinkle Legends),,,,,,,,,,,,,,,,,,,,,,,,,,,,,,Uma,Support,Length,11,,,,,,,,,,,,,,,
,Smart Falcon + Still in Love + Cheval Grand + Air Shakur + Sounds of Earth + Symboli Kris S + Fuji Kiseki + Hishi Amazon + Narita Taishin + Daiwa Scarlet,Smart Falcon + Still in Love + Cheval Grand + Air Shakur + Sounds of Earth + Symboli Kris S + Fuji Kiseki + Hishi Amazon + Narita Taishin + Daiwa Scarlet,Fenomeno,Fenomeno,Smart Falcon + Still in Love + Cheval Grand + Air Shakur + Sounds of Earth + Symboli Kris S + Fuji Kiseki + Hishi Amazon + Narita Taishin + Daiwa Scarlet,Smart Falcon + Still in Love + Cheval Grand + Air Shakur + Sounds of Earth + Symboli Kris S + Fuji Kiseki + Hishi Amazon + Narita Taishin + Daiwa Scarlet,Fenomeno,Smart Falcon + Still in Love + Cheval Grand + Air Shakur + Sounds of Earth + Symboli Kris S + Fuji Kiseki + Hishi Amazon + Narita Taishin + Daiwa Scarlet,Smart Falcon + Still in Love + Cheval Grand + Air Shakur + Sounds of Earth + Symboli Kris S + Fuji Kiseki + Hishi Amazon + Narita Taishin + Daiwa Scarlet,Fenomeno,Smart Falcon + Still in Love + Cheval Grand + Air Shakur + Sounds of Earth + Symboli Kris S + Fuji Kiseki + Hishi Amazon + Narita Taishin + Daiwa Scarlet,Fenomeno,Fenomeno,Fenomeno,Fenomeno,Fenomeno,Fenomeno,Fenomeno,Fenomeno,Fenomeno,Fenomeno,Fenomeno,Fenomeno,Fenomeno,Fenomeno,,,,,,,,,,,,,,,,,,,,,,,,,,,,,,,,Dropdown,TRUE,,,,,,,,,,,,,,,
,Buena Vista + Transcend,Buena Vista + Transcend,Copano Rickey (Parade) + Smart Falcon (Parade),Copano Rickey (Parade) + Smart Falcon (Parade),Buena Vista + Transcend,Buena Vista + Transcend,Copano Rickey (Parade) + Smart Falcon (Parade),Buena Vista + Transcend,Buena Vista + Transcend,Copano Rickey (Parade) + Smart Falcon (Parade),Buena Vista + Transcend,Copano Rickey (Parade) + Smart Falcon (Parade),Copano Rickey (Parade) + Smart Falcon (Parade),Copano Rickey (Parade) + Smart Falcon (Parade),Copano Rickey (Parade) + Smart Falcon (Parade),Copano Rickey (Parade) + Smart Falcon (Parade),Copano Rickey (Parade) + Smart Falcon (Parade),Copano Rickey (Parade) + Smart Falcon (Parade),Copano Rickey (Parade) + Smart Falcon (Parade),Copano Rickey (Parade) + Smart Falcon (Parade),Copano Rickey (Parade) + Smart Falcon (Parade),Copano Rickey (Parade) + Smart Falcon (Parade),Copano Rickey (Parade) + Smart Falcon (Parade),Copano Rickey (Parade) + Smart Falcon (Parade),Copano Rickey (Parade) + Smart Falcon (Parade),,,,,,Smart Falcon,,Super Creek,Tazuna,,,,,,,,Winning Ticket,,,,,,,,,,,,,Limit Break Crystals,,,,,,,,,,,,,,,,,,
,Silence Suzuka,Silence Suzuka,Oguri Cap + (Christmas) + Gold Ship (Summer) + (Project L'Arc) + Mejiro McQueen + (Summer) + (Anime Collab) + Tamamo Cross + (Festival) + Curren Chan + (Wedding) + Seiun Sky + (Ballroom) + Hishi Miracle + Biwa Hayahide + (Christmas) + (Mecha),Oguri Cap + (Christmas) + Gold Ship (Summer) + (Project L'Arc) + Mejiro McQueen + (Summer) + (Anime Collab) + Tamamo Cross + (Festival) + Curren Chan + (Wedding) + Seiun Sky + (Ballroom) + Hishi Miracle + Biwa Hayahide + (Christmas) + (Mecha),Silence Suzuka,Silence Suzuka,Oguri Cap + (Christmas) + Gold Ship (Summer) + (Project L'Arc) + Mejiro McQueen + (Summer) + (Anime Collab) + Tamamo Cross + (Festival) + Curren Chan + (Wedding) + Seiun Sky + (Ballroom) + Hishi Miracle + Biwa Hayahide + (Christmas) + (Mecha),Silence Suzuka,Silence Suzuka,Oguri Cap + (Christmas) + Gold Ship (Summer) + (Project L'Arc) + Mejiro McQueen + (Summer) + (Anime Collab) + Tamamo Cross + (Festival) + Curren Chan + (Wedding) + Seiun Sky + (Ballroom) + Hishi Miracle + Biwa Hayahide + (Christmas) + (Mecha),Silence Suzuka,Oguri Cap + (Christmas) + Gold Ship (Summer) + (Project L'Arc) + Mejiro McQueen + (Summer) + (Anime Collab) + Tamamo Cross + (Festival) + Curren Chan + (Wedding) + Seiun Sky + (Ballroom) + Hishi Miracle + Biwa Hayahide + (Christmas) + (Mecha),Oguri Cap + (Christmas) + Gold Ship (Summer) + (Project L'Arc) + Mejiro McQueen + (Summer) + (Anime Collab) + Tamamo Cross + (Festival) + Curren Chan + (Wedding) + Seiun Sky + (Ballroom) + Hishi Miracle + Biwa Hayahide + (Christmas) + (Mecha),Oguri Cap + (Christmas) + Gold Ship (Summer) + (Project L'Arc) + Mejiro McQueen + (Summer) + (Anime Collab) + Tamamo Cross + (Festival) + Curren Chan + (Wedding) + Seiun Sky + (Ballroom) + Hishi Miracle + Biwa Hayahide + (Christmas) + (Mecha),Oguri Cap + (Christmas) + Gold Ship (Summer) + (Project L'Arc) + Mejiro McQueen + (Summer) + (Anime Collab) + Tamamo Cross + (Festival) + Curren Chan + (Wedding) + Seiun Sky + (Ballroom) + Hishi Miracle + Biwa Hayahide + (Christmas) + (Mecha),Oguri Cap + (Christmas) + Gold Ship (Summer) + (Project L'Arc) + Mejiro McQueen + (Summer) + (Anime Collab) + Tamamo Cross + (Festival) + Curren Chan + (Wedding) + Seiun Sky + (Ballroom) + Hishi Miracle + Biwa Hayahide + (Christmas) + (Mecha),Oguri Cap + (Christmas) + Gold Ship (Summer) + (Project L'Arc) + Mejiro McQueen + (Summer) + (Anime Collab) + Tamamo Cross + (Festival) + Curren Chan + (Wedding) + Seiun Sky + (Ballroom) + Hishi Miracle + Biwa Hayahide + (Christmas) + (Mecha),Oguri Cap + (Christmas) + Gold Ship (Summer) + (Project L'Arc) + Mejiro McQueen + (Summer) + (Anime Collab) + Tamamo Cross + (Festival) + Curren Chan + (Wedding) + Seiun Sky + (Ballroom) + Hishi Miracle + Biwa Hayahide + (Christmas) + (Mecha),Oguri Cap + (Christmas) + Gold Ship (Summer) + (Project L'Arc) + Mejiro McQueen + (Summer) + (Anime Collab) + Tamamo Cross + (Festival) + Curren Chan + (Wedding) + Seiun Sky + (Ballroom) + Hishi Miracle + Biwa Hayahide + (Christmas) + (Mecha),Oguri Cap + (Christmas) + Gold Ship (Summer) + (Project L'Arc) + Mejiro McQueen + (Summer) + (Anime Collab) + Tamamo Cross + (Festival) + Curren Chan + (Wedding) + Seiun Sky + (Ballroom) + Hishi Miracle + Biwa Hayahide + (Christmas) + (Mecha),Oguri Cap + (Christmas) + Gold Ship (Summer) + (Project L'Arc) + Mejiro McQueen + (Summer) + (Anime Collab) + Tamamo Cross + (Festival) + Curren Chan + (Wedding) + Seiun Sky + (Ballroom) + Hishi Miracle + Biwa Hayahide + (Christmas) + (Mecha),Oguri Cap + (Christmas) + Gold Ship (Summer) + (Project L'Arc) + Mejiro McQueen + (Summer) + (Anime Collab) + Tamamo Cross + (Festival) + Curren Chan + (Wedding) + Seiun Sky + (Ballroom) + Hishi Miracle + Biwa Hayahide + (Christmas) + (Mecha),Oguri Cap + (Christmas) + Gold Ship (Summer) + (Project L'Arc) + Mejiro McQueen + (Summer) + (Anime Collab) + Tamamo Cross + (Festival) + Curren Chan + (Wedding) + Seiun Sky + (Ballroom) + Hishi Miracle + Biwa Hayahide + (Christmas) + (Mecha),Oguri Cap + (Christmas) + Gold Ship (Summer) + (Project L'Arc) + Mejiro McQueen + (Summer) + (Anime Collab) + Tamamo Cross + (Festival) + Curren Chan + (Wedding) + Seiun Sky + (Ballroom) + Hishi Miracle + Biwa Hayahide + (Christmas) + (Mecha),Oguri Cap + (Christmas) + Gold Ship (Summer) + (Project L'Arc) + Mejiro McQueen + (Summer) + (Anime Collab) + Tamamo Cross + (Festival) + Curren Chan + (Wedding) + Seiun Sky + (Ballroom) + Hishi Miracle + Biwa Hayahide + (Christmas) + (Mecha),,,,,,Dolphin,,Dolphin,,,,,,,,,,,,,,,,,,,,,,SSR,SR,,,,,,,,,,,,,,,,,
,Smart Falcon + Still in Love + Air Shakur + Hokko Tarumae + Symboli Kris S + Nishino Flower + Espoir City + Orfevre + Copano Rickey + Daiwa Scarlet,Smart Falcon + Still in Love + Air Shakur + Hokko Tarumae + Symboli Kris S + Nishino Flower + Espoir City + Orfevre + Copano Rickey + Daiwa Scarlet,Verxina,Verxina,Smart Falcon + Still in Love + Air Shakur + Hokko Tarumae + Symboli Kris S + Nishino Flower + Espoir City + Orfevre + Copano Rickey + Daiwa Scarlet,Smart Falcon + Still in Love + Air Shakur + Hokko Tarumae + Symboli Kris S + Nishino Flower + Espoir City + Orfevre + Copano Rickey + Daiwa Scarlet,Verxina,Smart Falcon + Still in Love + Air Shakur + Hokko Tarumae + Symboli Kris S + Nishino Flower + Espoir City + Orfevre + Copano Rickey + Daiwa Scarlet,Smart Falcon + Still in Love + Air Shakur + Hokko Tarumae + Symboli Kris S + Nishino Flower + Espoir City + Orfevre + Copano Rickey + Daiwa Scarlet,Verxina,Smart Falcon + Still in Love + Air Shakur + Hokko Tarumae + Symboli Kris S + Nishino Flower + Espoir City + Orfevre + Copano Rickey + Daiwa Scarlet,Verxina,Verxina,Verxina,Verxina,Verxina,Verxina,Verxina,Verxina,Verxina,Verxina,Verxina,Verxina,Verxina,Verxina,,,,,,,,,,,,,,,,,,,,,,,,,,,,,,,,,,,,,,,,,,,,,,,,
,Daring Heart + Rhein Kraft,Daring Heart + Rhein Kraft,Loves Only You,Loves Only You,Daring Heart + Rhein Kraft,Daring Heart + Rhein Kraft,Loves Only You,Daring Heart + Rhein Kraft,Daring Heart + Rhein Kraft,Loves Only You,Daring Heart + Rhein Kraft,Loves Only You,Loves Only You,Loves Only You,Loves Only You,Loves Only You,Loves Only You,Loves Only You,Loves Only You,Loves Only You,Loves Only You,Loves Only You,Loves Only You,Loves Only You,Loves Only You,,,,,,,,,,,,,,,,,,,,,,,,,,,,,,Date Override,,Start Date,End Date,,,,,,,,,,,,,,,
,Smart Falcon + Still in Love + Air Shakur + Dantsu Flame + Mejiro Ardan + Fine Motion + Blast Onepiece + Symboli Rudolf + Narita Taishin + Daiwa Scarlet,Smart Falcon + Still in Love + Air Shakur + Dantsu Flame + Mejiro Ardan + Fine Motion + Blast Onepiece + Symboli Rudolf + Narita Taishin + Daiwa Scarlet,Cesario (Wedding) + Mejiro Ramonu (Wedding),Cesario (Wedding) + Mejiro Ramonu (Wedding),Smart Falcon + Still in Love + Air Shakur + Dantsu Flame + Mejiro Ardan + Fine Motion + Blast Onepiece + Symboli Rudolf + Narita Taishin + Daiwa Scarlet,Smart Falcon + Still in Love + Air Shakur + Dantsu Flame + Mejiro Ardan + Fine Motion + Blast Onepiece + Symboli Rudolf + Narita Taishin + Daiwa Scarlet,Cesario (Wedding) + Mejiro Ramonu (Wedding),Smart Falcon + Still in Love + Air Shakur + Dantsu Flame + Mejiro Ardan + Fine Motion + Blast Onepiece + Symboli Rudolf + Narita Taishin + Daiwa Scarlet,Smart Falcon + Still in Love + Air Shakur + Dantsu Flame + Mejiro Ardan + Fine Motion + Blast Onepiece + Symboli Rudolf + Narita Taishin + Daiwa Scarlet,Cesario (Wedding) + Mejiro Ramonu (Wedding),Smart Falcon + Still in Love + Air Shakur + Dantsu Flame + Mejiro Ardan + Fine Motion + Blast Onepiece + Symboli Rudolf + Narita Taishin + Daiwa Scarlet,Cesario (Wedding) + Mejiro Ramonu (Wedding),Cesario (Wedding) + Mejiro Ramonu (Wedding),Cesario (Wedding) + Mejiro Ramonu (Wedding),Cesario (Wedding) + Mejiro Ramonu (Wedding),Cesario (Wedding) + Mejiro Ramonu (Wedding),Cesario (Wedding) + Mejiro Ramonu (Wedding),Cesario (Wedding) + Mejiro Ramonu (Wedding),Cesario (Wedding) + Mejiro Ramonu (Wedding),Cesario (Wedding) + Mejiro Ramonu (Wedding),Cesario (Wedding) + Mejiro Ramonu (Wedding),Cesario (Wedding) + Mejiro Ramonu (Wedding),Cesario (Wedding) + Mejiro Ramonu (Wedding),Cesario (Wedding) + Mejiro Ramonu (Wedding),Cesario (Wedding) + Mejiro Ramonu (Wedding),,,,,,,,,,,,,,,,,,,,,,,,,,,,,,2025-08-20,,2025-08-20,2025-08-26,,,,,,,,,,,,,,,
,Tucker Bryne + Tamamo Cross,Tucker Bryne + Tamamo Cross,Chrono Genesis,Chrono Genesis,Tucker Bryne + Tamamo Cross,Tucker Bryne + Tamamo Cross,Chrono Genesis,Tucker Bryne + Tamamo Cross,Tucker Bryne + Tamamo Cross,Chrono Genesis,Tucker Bryne + Tamamo Cross,Chrono Genesis,Chrono Genesis,Chrono Genesis,Chrono Genesis,Chrono Genesis,Chrono Genesis,Chrono Genesis,Chrono Genesis,Chrono Genesis,Chrono Genesis,Chrono Genesis,Chrono Genesis,Chrono Genesis,Chrono Genesis,,,,,,,,,,,,,,,,,,,,,,,,,,,,,,Banner Type,-1,2025-08-20 22:00:00,2025-08-26 21:59:59,,,,,,,,,,,,,,,
,Mejiro Ryan,Mejiro Ryan,Gold City (Deserted Island),Gold City (Deserted Island),Mejiro Ryan,Mejiro Ryan,Gold City (Deserted Island),Mejiro Ryan,Mejiro Ryan,Gold City (Deserted Island),Mejiro Ryan,Gold City (Deserted Island),Gold City (Deserted Island),Gold City (Deserted Island),Gold City (Deserted Island),Gold City (Deserted Island),Gold City (Deserted Island),Gold City (Deserted Island),Gold City (Deserted Island),Gold City (Deserted Island),Gold City (Deserted Island),Gold City (Deserted Island),Gold City (Deserted Island),Gold City (Deserted Island),Gold City (Deserted Island),,,,,,Goal,,,,,,,,,,,,,,,,,,,,,,,,JP,,JP Datedif,79,,,,,,,0,0,0,0,2025-08-20 22:00:00,0,2025-08-25 21:59:59,,
,Almond Eye + Narita Brian + Dream Journey + Meisho Doto + Air Shakur + Dantsu Flame + Symboli Kris S + Fine Motion + Blast Onepiece + Symboli Rudolf,Almond Eye + Narita Brian + Dream Journey + Meisho Doto + Air Shakur + Dantsu Flame + Symboli Kris S + Fine Motion + Blast Onepiece + Symboli Rudolf,Ines Fujin (Deserted Island),Ines Fujin (Deserted Island),Almond Eye + Narita Brian + Dream Journey + Meisho Doto + Air Shakur + Dantsu Flame + Symboli Kris S + Fine Motion + Blast Onepiece + Symboli Rudolf,Almond Eye + Narita Brian + Dream Journey + Meisho Doto + Air Shakur + Dantsu Flame + Symboli Kris S + Fine Motion + Blast Onepiece + Symboli Rudolf,Ines Fujin (Deserted Island),Almond Eye + Narita Brian + Dream Journey + Meisho Doto + Air Shakur + Dantsu Flame + Symboli Kris S + Fine Motion + Blast Onepiece + Symboli Rudolf,Almond Eye + Narita Brian + Dream Journey + Meisho Doto + Air Shakur + Dantsu Flame + Symboli Kris S + Fine Motion + Blast Onepiece + Symboli Rudolf,Ines Fujin (Deserted Island),Almond Eye + Narita Brian + Dream Journey + Meisho Doto + Air Shakur + Dantsu Flame + Symboli Kris S + Fine Motion + Blast Onepiece + Symboli Rudolf,Ines Fujin (Deserted Island),Ines Fujin (Deserted Island),Ines Fujin (Deserted Island),Ines Fujin (Deserted Island),Ines Fujin (Deserted Island),Ines Fujin (Deserted Island),Ines Fujin (Deserted Island),Ines Fujin (Deserted Island),Ines Fujin (Deserted Island),Ines Fujin (Deserted Island),Ines Fujin (Deserted Island),Ines Fujin (Deserted Island),Ines Fujin (Deserted Island),Ines Fujin (Deserted Island),,,,,,,,,,,,,,,,,,,,,,,,,,,,,,Start Date,End Date,Global Datedif,55,,,,,,,,,,,,,,,
,Win Variation + Duramente,Win Variation + Duramente,Fusaichi Pandora,Fusaichi Pandora,Win Variation + Duramente,Win Variation + Duramente,Fusaichi Pandora,Win Variation + Duramente,Win Variation + Duramente,Fusaichi Pandora,Win Variation + Duramente,Fusaichi Pandora,Fusaichi Pandora,Fusaichi Pandora,Fusaichi Pandora,Fusaichi Pandora,Fusaichi Pandora,Fusaichi Pandora,Fusaichi Pandora,Fusaichi Pandora,Fusaichi Pandora,Fusaichi Pandora,Fusaichi Pandora,Fusaichi Pandora,Fusaichi Pandora,,,,,,,,,,,,,,,,,,,,,,,,,,,,,,2021-05-14,2021-05-20,D-Day,-310,,,,,,,,,,,,,,,
,Almond Eye + Narita Brian + Dream Journey + Air Shakur + Dantsu Flame + Symboli Kris S + Blast Onepiece + Daring Tact + Narita Taishin + Daiwa Scarlet,Almond Eye + Narita Brian + Dream Journey + Air Shakur + Dantsu Flame + Symboli Kris S + Blast Onepiece + Daring Tact + Narita Taishin + Daiwa Scarlet,Cheval Grand (Summer) + Satono Crown (Summer),Cheval Grand (Summer) + Satono Crown (Summer),Almond Eye + Narita Brian + Dream Journey + Air Shakur + Dantsu Flame + Symboli Kris S + Blast Onepiece + Daring Tact + Narita Taishin + Daiwa Scarlet,Almond Eye + Narita Brian + Dream Journey + Air Shakur + Dantsu Flame + Symboli Kris S + Blast Onepiece + Daring Tact + Narita Taishin + Daiwa Scarlet,Cheval Grand (Summer) + Satono Crown (Summer),Almond Eye + Narita Brian + Dream Journey + Air Shakur + Dantsu Flame + Symboli Kris S + Blast Onepiece + Daring Tact + Narita Taishin + Daiwa Scarlet,Almond Eye + Narita Brian + Dream Journey + Air Shakur + Dantsu Flame + Symboli Kris S + Blast Onepiece + Daring Tact + Narita Taishin + Daiwa Scarlet,Cheval Grand (Summer) + Satono Crown (Summer),Almond Eye + Narita Brian + Dream Journey + Air Shakur + Dantsu Flame + Symboli Kris S + Blast Onepiece + Daring Tact + Narita Taishin + Daiwa Scarlet,Cheval Grand (Summer) + Satono Crown (Summer),Cheval Grand (Summer) + Satono Crown (Summer),Cheval Grand (Summer) + Satono Crown (Summer),Cheval Grand (Summer) + Satono Crown (Summer),Cheval Grand (Summer) + Satono Crown (Summer),Cheval Grand (Summer) + Satono Crown (Summer),Cheval Grand (Summer) + Satono Crown (Summer),Cheval Grand (Summer) + Satono Crown (Summer),Cheval Grand (Summer) + Satono Crown (Summer),Cheval Grand (Summer) + Satono Crown (Summer),Cheval Grand (Summer) + Satono Crown (Summer),Cheval Grand (Summer) + Satono Crown (Summer),Cheval Grand (Summer) + Satono Crown (Summer),Cheval Grand (Summer) + Satono Crown (Summer),,,,,,1200,1000,1000,400,400,,,,,,,,,,,,,,,,,,,,Pull Tickets,,Finals Day,-305,,,,,,,,,,,,,,,
,Stay Gold + Admire Groove,Stay Gold + Admire Groove,Vivlos (Summer),Vivlos (Summer),Stay Gold + Admire Groove,Stay Gold + Admire Groove,Vivlos (Summer),Stay Gold + Admire Groove,Stay Gold + Admire Groove,Vivlos (Summer),Stay Gold + Admire Groove,Vivlos (Summer),Vivlos (Summer),Vivlos (Summer),Vivlos (Summer),Vivlos (Summer),Vivlos (Summer),Vivlos (Summer),Vivlos (Summer),Vivlos (Summer),Vivlos (Summer),Vivlos (Summer),Vivlos (Summer),Vivlos (Summer),Vivlos (Summer),,,,,,Recommended,,,,,,,,,,,,,,,,,,,,,,,,Uma,Support,Length,6,,,,,,,,,,,,,,,
,Calstone Light O + Durandal,Calstone Light O + Durandal,Still in Love,Still in Love,Calstone Light O + Durandal,Calstone Light O + Durandal,Still in Love,Calstone Light O + Durandal,Calstone Light O + Durandal,Still in Love,Calstone Light O + Durandal,Still in Love,Still in Love,Still in Love,Still in Love,Still in Love,Still in Love,Still in Love,Still in Love,Still in Love,Still in Love,Still in Love,Still in Love,Still in Love,Still in Love,,,,,,,,,,,,,,,,,,,,,,,,,,,,,,,,Dropdown,TRUE,,,,,,,,,,,,,,,
,Daiichi Ruby 30270,Daiichi Ruby 30270,K.S.Miracle (Alt Version) + Hishi Miracle (Alt Version),K.S.Miracle (Alt Version) + Hishi Miracle (Alt Version),Daiichi Ruby 30270,Daiichi Ruby 30270,K.S.Miracle (Alt Version) + Hishi Miracle (Alt Version),Daiichi Ruby 30270,Daiichi Ruby 30270,K.S.Miracle (Alt Version) + Hishi Miracle (Alt Version),Daiichi Ruby 30270,K.S.Miracle (Alt Version) + Hishi Miracle (Alt Version),K.S.Miracle (Alt Version) + Hishi Miracle (Alt Version),K.S.Miracle (Alt Version) + Hishi Miracle (Alt Version),K.S.Miracle (Alt Version) + Hishi Miracle (Alt Version),K.S.Miracle (Alt Version) + Hishi Miracle (Alt Version),K.S.Miracle (Alt Version) + Hishi Miracle (Alt Version),K.S.Miracle (Alt Version) + Hishi Miracle (Alt Version),K.S.Miracle (Alt Version) + Hishi Miracle (Alt Version),K.S.Miracle (Alt Version) + Hishi Miracle (Alt Version),K.S.Miracle (Alt Version) + Hishi Miracle (Alt Version),K.S.Miracle (Alt Version) + Hishi Miracle (Alt Version),K.S.Miracle (Alt Version) + Hishi Miracle (Alt Version),K.S.Miracle (Alt Version) + Hishi Miracle (Alt Version),K.S.Miracle (Alt Version) + Hishi Miracle (Alt Version),,,,,,,,,,,,,,,,,,,,,,,,,,,,,,Limit Break Crystals,,,,,,,,,,,,,,,,,,
,Almond Eye + Dream Journey + Air Shakur + Buena Vista + Vodka + Silence Suzuka + Curren Chan + Daring Tact + Symboli Rudolf + Daiwa Scarlet,Almond Eye + Dream Journey + Air Shakur + Buena Vista + Vodka + Silence Suzuka + Curren Chan + Daring Tact + Symboli Rudolf + Daiwa Scarlet,Espoir City,Espoir City,Almond Eye + Dream Journey + Air Shakur + Buena Vista + Vodka + Silence Suzuka + Curren Chan + Daring Tact + Symboli Rudolf + Daiwa Scarlet,Almond Eye + Dream Journey + Air Shakur + Buena Vista + Vodka + Silence Suzuka + Curren Chan + Daring Tact + Symboli Rudolf + Daiwa Scarlet,Espoir City,Almond Eye + Dream Journey + Air Shakur + Buena Vista + Vodka + Silence Suzuka + Curren Chan + Daring Tact + Symboli Rudolf + Daiwa Scarlet,Almond Eye + Dream Journey + Air Shakur + Buena Vista + Vodka + Silence Suzuka + Curren Chan + Daring Tact + Symboli Rudolf + Daiwa Scarlet,Espoir City,Almond Eye + Dream Journey + Air Shakur + Buena Vista + Vodka + Silence Suzuka + Curren Chan + Daring Tact + Symboli Rudolf + Daiwa Scarlet,Espoir City,Espoir City,Espoir City,Espoir City,Espoir City,Espoir City,Espoir City,Espoir City,Espoir City,Espoir City,Espoir City,Espoir City,Espoir City,Espoir City,,,,,,,,,,,,,,,,,,,,,,,,,,,,,,SSR,SR,,,,,,,,,,,,,,,,,
,Fuji Kiseki + Eishin Flash,Fuji Kiseki + Eishin Flash,Believe,Believe,Fuji Kiseki + Eishin Flash,Fuji Kiseki + Eishin Flash,Believe,Fuji Kiseki + Eishin Flash,Fuji Kiseki + Eishin Flash,Believe,Fuji Kiseki + Eishin Flash,Believe,Believe,Believe,Believe,Believe,Believe,Believe,Believe,Believe,Believe,Believe,Believe,Believe,Believe,,,,,,,,,,,,,,,,,,,,,,,,,,,,,,,,,,,,,,,,,,,,,,,,
,Curren Bouquetd'or,Curren Bouquetd'or,Hishi Akebono (Halloween) + Marvelous Sunday (Halloween),Hishi Akebono (Halloween) + Marvelous Sunday (Halloween),Curren Bouquetd'or,Curren Bouquetd'or,Hishi Akebono (Halloween) + Marvelous Sunday (Halloween),Curren Bouquetd'or,Curren Bouquetd'or,Hishi Akebono (Halloween) + Marvelous Sunday (Halloween),Curren Bouquetd'or,Hishi Akebono (Halloween) + Marvelous Sunday (Halloween),Hishi Akebono (Halloween) + Marvelous Sunday (Halloween),Hishi Akebono (Halloween) + Marvelous Sunday (Halloween),Hishi Akebono (Halloween) + Marvelous Sunday (Halloween),Hishi Akebono (Halloween) + Marvelous Sunday (Halloween),Hishi Akebono (Halloween) + Marvelous Sunday (Halloween),Hishi Akebono (Halloween) + Marvelous Sunday (Halloween),Hishi Akebono (Halloween) + Marvelous Sunday (Halloween),Hishi Akebono (Halloween) + Marvelous Sunday (Halloween),Hishi Akebono (Halloween) + Marvelous Sunday (Halloween),Hishi Akebono (Halloween) + Marvelous Sunday (Halloween),Hishi Akebono (Halloween) + Marvelous Sunday (Halloween),Hishi Akebono (Halloween) + Marvelous Sunday (Halloween),Hishi Akebono (Halloween) + Marvelous Sunday (Halloween),JP,,Global,,,,,,,,,,,,,,,,,0,2025-08-20 22:00:00,k1,0,2025-08-31 21:59:59,,,,,,Date Override,,Start Date,End Date,,,,,,,,,,,,,,,
,Almond Eye + Seeking the Pearl + Nishino Flower + Espoir City + Mejiro Ardan + Curren Chan + Ikuno Dictus + Copano Rickey + Symboli Rudolf + Daiwa Scarlet,Almond Eye + Seeking the Pearl + Nishino Flower + Espoir City + Mejiro Ardan + Curren Chan + Ikuno Dictus + Copano Rickey + Symboli Rudolf + Daiwa Scarlet,Tosen Jordan (Halloween),Tosen Jordan (Halloween),Almond Eye + Seeking the Pearl + Nishino Flower + Espoir City + Mejiro Ardan + Curren Chan + Ikuno Dictus + Copano Rickey + Symboli Rudolf + Daiwa Scarlet,Almond Eye + Seeking the Pearl + Nishino Flower + Espoir City + Mejiro Ardan + Curren Chan + Ikuno Dictus + Copano Rickey + Symboli Rudolf + Daiwa Scarlet,Tosen Jordan (Halloween),Almond Eye + Seeking the Pearl + Nishino Flower + Espoir City + Mejiro Ardan + Curren Chan + Ikuno Dictus + Copano Rickey + Symboli Rudolf + Daiwa Scarlet,Almond Eye + Seeking the Pearl + Nishino Flower + Espoir City + Mejiro Ardan + Curren Chan + Ikuno Dictus + Copano Rickey + Symboli Rudolf + Daiwa Scarlet,Tosen Jordan (Halloween),Almond Eye + Seeking the Pearl + Nishino Flower + Espoir City + Mejiro Ardan + Curren Chan + Ikuno Dictus + Copano Rickey + Symboli Rudolf + Daiwa Scarlet,Tosen Jordan (Halloween),Tosen Jordan (Halloween),Tosen Jordan (Halloween),Tosen Jordan (Halloween),Tosen Jordan (Halloween),Tosen Jordan (Halloween),Tosen Jordan (Halloween),Tosen Jordan (Halloween),Tosen Jordan (Halloween),Tosen Jordan (Halloween),Tosen Jordan (Halloween),Tosen Jordan (Halloween),Tosen Jordan (Halloween),Tosen Jordan (Halloween),Start Date,End Date,Start Date,End Date,,Releases In,,,,,,,,,,,,,,80,First Day,Hours,750,Throughout,,,,,,2025-08-20,,2025-08-20,2025-08-31,,,,,,,,,,,,,,,
,Kiyoko Hoshina + Tokai Teio,Kiyoko Hoshina + Tokai Teio,Dantsu Flame,Dantsu Flame,Kiyoko Hoshina + Tokai Teio,Kiyoko Hoshina + Tokai Teio,Dantsu Flame,Kiyoko Hoshina + Tokai Teio,Kiyoko Hoshina + Tokai Teio,Dantsu Flame,Kiyoko Hoshina + Tokai Teio,Dantsu Flame,Dantsu Flame,Dantsu Flame,Dantsu Flame,Dantsu Flame,Dantsu Flame,Dantsu Flame,Dantsu Flame,Dantsu Flame,Dantsu Flame,Dantsu Flame,Dantsu Flame,Dantsu Flame,Dantsu Flame,2021-05-17,2021-05-28,2025-08-20,2025-08-31,,-310 Days,,,,,,,,,,,,,,80,Uma Story Ch 1-4,,250,Legend Race (Winning Ticket),,,,,,Banner Type,1,2025-08-20 22:00:00,2025-08-31 21:59:59,Narita Brian,Sakura Chiyono O,,,,,,,,,,,,,
,Mihono Bourbon,Mihono Bourbon,Jungle Pocket (Rerun),Jungle Pocket (Rerun),Mihono Bourbon,Mihono Bourbon,Jungle Pocket (Rerun),Mihono Bourbon,Mihono Bourbon,Jungle Pocket (Rerun),Mihono Bourbon,Jungle Pocket (Rerun),Jungle Pocket (Rerun),Jungle Pocket (Rerun),Jungle Pocket (Rerun),Jungle Pocket (Rerun),Jungle Pocket (Rerun),Jungle Pocket (Rerun),Jungle Pocket (Rerun),Jungle Pocket (Rerun),Jungle Pocket (Rerun),Jungle Pocket (Rerun),Jungle Pocket (Rerun),Jungle Pocket (Rerun),Jungle Pocket (Rerun),,,,,,,,,,,,,,,,,,,,,,,250,Legend Race (Vodka),,,,,,JP,,JP Datedif,82,,,,,,,0,0,0,0,2025-08-20 22:00:00,,,,
,Almond Eye + Rhein Kraft + Espoir City + Mejiro Ardan + Transcend + Daring Tact + Ikuno Dictus + Copano Rickey + Symboli Rudolf + Daiwa Scarlet,Almond Eye + Rhein Kraft + Espoir City + Mejiro Ardan + Transcend + Daring Tact + Ikuno Dictus + Copano Rickey + Symboli Rudolf + Daiwa Scarlet,Transcend (Onsen),Transcend (Onsen),Almond Eye + Rhein Kraft + Espoir City + Mejiro Ardan + Transcend + Daring Tact + Ikuno Dictus + Copano Rickey + Symboli Rudolf + Daiwa Scarlet,Almond Eye + Rhein Kraft + Espoir City + Mejiro Ardan + Transcend + Daring Tact + Ikuno Dictus + Copano Rickey + Symboli Rudolf + Daiwa Scarlet,Transcend (Onsen),Almond Eye + Rhein Kraft + Espoir City + Mejiro Ardan + Transcend + Daring Tact + Ikuno Dictus + Copano Rickey + Symboli Rudolf + Daiwa Scarlet,Almond Eye + Rhein Kraft + Espoir City + Mejiro Ardan + Transcend + Daring Tact + Ikuno Dictus + Copano Rickey + Symboli Rudolf + Daiwa Scarlet,Transcend (Onsen),Almond Eye + Rhein Kraft + Espoir City + Mejiro Ardan + Transcend + Daring Tact + Ikuno Dictus + Copano Rickey + Symboli Rudolf + Daiwa Scarlet,Transcend (Onsen),Transcend (Onsen),Transcend (Onsen),Transcend (Onsen),Transcend (Onsen),Transcend (Onsen),Transcend (Onsen),Transcend (Onsen),Transcend (Onsen),Transcend (Onsen),Transcend (Onsen),Transcend (Onsen),Transcend (Onsen),Transcend (Onsen),,,,,,,,,,,,,,,,,,,,,,,250,Legend Race (Tokai Teio),,,,,,Start Date,End Date,Global Datedif,55,,,,,,,,,,,,,,,
,Gold Ship + Fenomeno,Gold Ship + Fenomeno,Wonder Acute (Onsen),Wonder Acute (Onsen),Gold Ship + Fenomeno,Gold Ship + Fenomeno,Wonder Acute (Onsen),Gold Ship + Fenomeno,Gold Ship + Fenomeno,Wonder Acute (Onsen),Gold Ship + Fenomeno,Wonder Acute (Onsen),Wonder Acute (Onsen),Wonder Acute (Onsen),Wonder Acute (Onsen),Wonder Acute (Onsen),Wonder Acute (Onsen),Wonder Acute (Onsen),Wonder Acute (Onsen),Wonder Acute (Onsen),Wonder Acute (Onsen),Wonder Acute (Onsen),Wonder Acute (Onsen),Wonder Acute (Onsen),Wonder Acute (Onsen),,,,,,,,,,,,,,,,,,,,,,,,,,,,,,2021-05-17,2021-05-28,D-Day,-310,,,,,,,,,,,,,,,
,Inari One,Inari One,Buena Vista,Buena Vista,Inari One,Inari One,Buena Vista,Inari One,Inari One,Buena Vista,Inari One,Buena Vista,Buena Vista,Buena Vista,Buena Vista,Buena Vista,Buena Vista,Buena Vista,Buena Vista,Buena Vista,Buena Vista,Buena Vista,Buena Vista,Buena Vista,Buena Vista,,,,,,,,,,,,,,,,,,,,0,2025-08-31 21:59:59,k3,,,,,,,,Pull Tickets,,Finals Day,-300,,,,,,,,,,,,,,,
,Almond Eye + Rhein Kraft + Dream Journey + Air Shakur + Mejiro Bright + Tamamo Cross + Daring Tact + Ikuno Dictus + Daring Heart + Daiwa Scarlet,Almond Eye + Rhein Kraft + Dream Journey + Air Shakur + Mejiro Bright + Tamamo Cross + Daring Tact + Ikuno Dictus + Daring Heart + Daiwa Scarlet,Nakayama Festa (Christmas) + Dream Journey (Christmas),Nakayama Festa (Christmas) + Dream Journey (Christmas),Almond Eye + Rhein Kraft + Dream Journey + Air Shakur + Mejiro Bright + Tamamo Cross + Daring Tact + Ikuno Dictus + Daring Heart + Daiwa Scarlet,Almond Eye + Rhein Kraft + Dream Journey + Air Shakur + Mejiro Bright + Tamamo Cross + Daring Tact + Ikuno Dictus + Daring Heart + Daiwa Scarlet,Nakayama Festa (Christmas) + Dream Journey (Christmas),Almond Eye + Rhein Kraft + Dream Journey + Air Shakur + Mejiro Bright + Tamamo Cross + Daring Tact + Ikuno Dictus + Daring Heart + Daiwa Scarlet,Almond Eye + Rhein Kraft + Dream Journey + Air Shakur + Mejiro Bright + Tamamo Cross + Daring Tact + Ikuno Dictus + Daring Heart + Daiwa Scarlet,Nakayama Festa (Christmas) + Dream Journey (Christmas),Almond Eye + Rhein Kraft + Dream Journey + Air Shakur + Mejiro Bright + Tamamo Cross + Daring Tact + Ikuno Dictus + Daring Heart + Daiwa Scarlet,Nakayama Festa (Christmas) + Dream Journey (Christmas),Nakayama Festa (Christmas) + Dream Journey (Christmas),Nakayama Festa (Christmas) + Dream Journey (Christmas),Nakayama Festa (Christmas) + Dream Journey (Christmas),Nakayama Festa (Christmas) + Dream Journey (Christmas),Nakayama Festa (Christmas) + Dream Journey (Christmas),Nakayama Festa (Christmas) + Dream Journey (Christmas),Nakayama Festa (Christmas) + Dream Journey (Christmas),Nakayama Festa (Christmas) + Dream Journey (Christmas),Nakayama Festa (Christmas) + Dream Journey (Christmas),Nakayama Festa (Christmas) + Dream Journey (Christmas),Nakayama Festa (Christmas) + Dream Journey (Christmas),Nakayama Festa (Christmas) + Dream Journey (Christmas),Nakayama Festa (Christmas) + Dream Journey (Christmas),,,,,,,,,,,,,,,,,,,,300,Last Day,,,,,,,,,Uma,Support,Length,11,,,,,,,,,,,,,,,
,Fine Motion + Air Groove,Fine Motion + Air Groove,Oguri Cap (Anime Collab),Oguri Cap (Anime Collab),Fine Motion + Air Groove,Fine Motion + Air Groove,Oguri Cap (Anime Collab),Fine Motion + Air Groove,Fine Motion + Air Groove,Oguri Cap (Anime Collab),Fine Motion + Air Groove,Oguri Cap (Anime Collab),Oguri Cap (Anime Collab),Oguri Cap (Anime Collab),Oguri Cap (Anime Collab),Oguri Cap (Anime Collab),Oguri Cap (Anime Collab),Oguri Cap (Anime Collab),Oguri Cap (Anime Collab),Oguri Cap (Anime Collab),Oguri Cap (Anime Collab),Oguri Cap (Anime Collab),Oguri Cap (Anime Collab),Oguri Cap (Anime Collab),Oguri Cap (Anime Collab),,,,,,,,,,,,,,,,,,,,150,Spring G1 Celebration Missions Part 2 (Oaks),,,,,,,,,0,0,Dropdown,TRUE,,,,,,,,,,,,,,,
,King Halo,King Halo,Stay Gold,Stay Gold,King Halo,King Halo,Stay Gold,King Halo,King Halo,Stay Gold,King Halo,Stay Gold,Stay Gold,Stay Gold,Stay Gold,Stay Gold,Stay Gold,Stay Gold,Stay Gold,Stay Gold,Stay Gold,Stay Gold,Stay Gold,Stay Gold,Stay Gold,,,,,,Narita Brian,,Sakura Chiyono O,,Seeking the Pearl,,,,,,,,,,150,Spring G1 Celebration Missions Part 2 (Japan Derby),,,,,,,,,Limit Break Crystals,,,,,,,,,,,,,,,,,,
,Almond Eye + Rhein Kraft + Dream Journey + Air Shakur + Tamamo Cross + Fuji Kiseki + Daring Tact + Daring Heart + Win Variation + Daiwa Scarlet,Almond Eye + Rhein Kraft + Dream Journey + Air Shakur + Tamamo Cross + Fuji Kiseki + Daring Tact + Daring Heart + Win Variation + Daiwa Scarlet,Ikuno Dictus (New Year) + Sakura Laurel (New Year),Ikuno Dictus (New Year) + Sakura Laurel (New Year),Almond Eye + Rhein Kraft + Dream Journey + Air Shakur + Tamamo Cross + Fuji Kiseki + Daring Tact + Daring Heart + Win Variation + Daiwa Scarlet,Almond Eye + Rhein Kraft + Dream Journey + Air Shakur + Tamamo Cross + Fuji Kiseki + Daring Tact + Daring Heart + Win Variation + Daiwa Scarlet,Ikuno Dictus (New Year) + Sakura Laurel (New Year),Almond Eye + Rhein Kraft + Dream Journey + Air Shakur + Tamamo Cross + Fuji Kiseki + Daring Tact + Daring Heart + Win Variation + Daiwa Scarlet,Almond Eye + Rhein Kraft + Dream Journey + Air Shakur + Tamamo Cross + Fuji Kiseki + Daring Tact + Daring Heart + Win Variation + Daiwa Scarlet,Ikuno Dictus (New Year) + Sakura Laurel (New Year),Almond Eye + Rhein Kraft + Dream Journey + Air Shakur + Tamamo Cross + Fuji Kiseki + Daring Tact + Daring Heart + Win Variation + Daiwa Scarlet,Ikuno Dictus (New Year) + Sakura Laurel (New Year),Ikuno Dictus (New Year) + Sakura Laurel (New Year),Ikuno Dictus (New Year) + Sakura Laurel (New Year),Ikuno Dictus (New Year) + Sakura Laurel (New Year),Ikuno Dictus (New Year) + Sakura Laurel (New Year),Ikuno Dictus (New Year) + Sakura Laurel (New Year),Ikuno Dictus (New Year) + Sakura Laurel (New Year),Ikuno Dictus (New Year) + Sakura Laurel (New Year),Ikuno Dictus (New Year) + Sakura Laurel (New Year),Ikuno Dictus (New Year) + Sakura Laurel (New Year),Ikuno Dictus (New Year) + Sakura Laurel (New Year),Ikuno Dictus (New Year) + Sakura Laurel (New Year),Ikuno Dictus (New Year) + Sakura Laurel (New Year),Ikuno Dictus (New Year) + Sakura Laurel (New Year),,,,,,,,,,,,,,,,,,,,,,,,,,,,,,SSR,SR,,,,,,,,,,,,,,,,,
,Matikanefukukitaru + Neo Universe,Matikanefukukitaru + Neo Universe,Gentildonna (Rerun),Gentildonna (Rerun),Matikanefukukitaru + Neo Universe,Matikanefukukitaru + Neo Universe,Gentildonna (Rerun),Matikanefukukitaru + Neo Universe,Matikanefukukitaru + Neo Universe,Gentildonna (Rerun),Matikanefukukitaru + Neo Universe,Gentildonna (Rerun),Gentildonna (Rerun),Gentildonna (Rerun),Gentildonna (Rerun),Gentildonna (Rerun),Gentildonna (Rerun),Gentildonna (Rerun),Gentildonna (Rerun),Gentildonna (Rerun),Gentildonna (Rerun),Gentildonna (Rerun),Gentildonna (Rerun),Gentildonna (Rerun),Gentildonna (Rerun),,,,,,,,,,,,,,,,,,,,,,,,,,,,,,,,,,,,,,,,,,,,,,,,
,Admire Groove + Almond Eye + Rhein Kraft + Dream Journey + Air Shakur + Tamamo Cross + Fuji Kiseki + Stay Gold + Daring Tact + Durandal,Admire Groove + Almond Eye + Rhein Kraft + Dream Journey + Air Shakur + Tamamo Cross + Fuji Kiseki + Stay Gold + Daring Tact + Durandal,Orfevre (Rerun),Orfevre (Rerun),Admire Groove + Almond Eye + Rhein Kraft + Dream Journey + Air Shakur + Tamamo Cross + Fuji Kiseki + Stay Gold + Daring Tact + Durandal,Admire Groove + Almond Eye + Rhein Kraft + Dream Journey + Air Shakur + Tamamo Cross + Fuji Kiseki + Stay Gold + Daring Tact + Durandal,Orfevre (Rerun),Admire Groove + Almond Eye + Rhein Kraft + Dream Journey + Air Shakur + Tamamo Cross + Fuji Kiseki + Stay Gold + Daring Tact + Durandal,Admire Groove + Almond Eye + Rhein Kraft + Dream Journey + Air Shakur + Tamamo Cross + Fuji Kiseki + Stay Gold + Daring Tact + Durandal,Orfevre (Rerun),Admire Groove + Almond Eye + Rhein Kraft + Dream Journey + Air Shakur + Tamamo Cross + Fuji Kiseki + Stay Gold + Daring Tact + Durandal,Orfevre (Rerun),Orfevre (Rerun),Orfevre (Rerun),Orfevre (Rerun),Orfevre (Rerun),Orfevre (Rerun),Orfevre (Rerun),Orfevre (Rerun),Orfevre (Rerun),Orfevre (Rerun),Orfevre (Rerun),Orfevre (Rerun),Orfevre (Rerun),Orfevre (Rerun),JP,,Global,,,,,,,,,,,,,,,,,0,2025-08-28 22:00:00,k1,0,2025-09-10 21:59:59,,,,,,Date Override,,Start Date,End Date,,,,,,,,,,,,,,,
,Forever Young + Casino Drive,Forever Young + Casino Drive,Bubble Gum Fellow (New Year),Bubble Gum Fellow (New Year),Forever Young + Casino Drive,Forever Young + Casino Drive,Bubble Gum Fellow (New Year),Forever Young + Casino Drive,Forever Young + Casino Drive,Bubble Gum Fellow (New Year),Forever Young + Casino Drive,Bubble Gum Fellow (New Year),Bubble Gum Fellow (New Year),Bubble Gum Fellow (New Year),Bubble Gum Fellow (New Year),Bubble Gum Fellow (New Year),Bubble Gum Fellow (New Year),Bubble Gum Fellow (New Year),Bubble Gum Fellow (New Year),Bubble Gum Fellow (New Year),Bubble Gum Fellow (New Year),Bubble Gum Fellow (New Year),Bubble Gum Fellow (New Year),Bubble Gum Fellow (New Year),Bubble Gum Fellow (New Year),Start Date,End Date,Start Date,End Date,,Releases In,,,,,,,,,,,,,,0,First Day,Hours,1010,Throughout,,,,,,2025-08-28,,2025-08-28,2025-09-10,,,,,,,,,,,,,,,
,Marche Lorraine,Marche Lorraine,Kiseki,Kiseki,Marche Lorraine,Marche Lorraine,Kiseki,Marche Lorraine,Marche Lorraine,Kiseki,Marche Lorraine,Kiseki,Kiseki,Kiseki,Kiseki,Kiseki,Kiseki,Kiseki,Kiseki,Kiseki,Kiseki,Kiseki,Kiseki,Kiseki,Kiseki,2021-05-28,2021-06-10,2025-08-28,2025-09-10,,-302 Days,,,,,,,,,,,,,,,,,1010,"Event Rewards (Story, Bingo, Event Pt)",,,,,,Banner Type,1,2025-08-28 22:00:00,2025-09-10 21:59:59,Air Groove (Wedding) + Mayano Top Gun (Wedding),Hishi Akebono + Kawakami Princess,,,,,,,,,,,,,
,Tokai Teio + Admire Groove + Dream Journey + Calstone Light O + Fenomeno + Curren Bouquetd'or + Tamano Cross + Fine Motion + Mihono Bourbon + Stay Gold,Tokai Teio + Admire Groove + Dream Journey + Calstone Light O + Fenomeno + Curren Bouquetd'or + Tamano Cross + Fine Motion + Mihono Bourbon + Stay Gold,Taiki Shuttle (Valentine) + Sounds of Earth (Valentine),Taiki Shuttle (Valentine) + Sounds of Earth (Valentine),Tokai Teio + Admire Groove + Dream Journey + Calstone Light O + Fenomeno + Curren Bouquetd'or + Tamano Cross + Fine Motion + Mihono Bourbon + Stay Gold,Tokai Teio + Admire Groove + Dream Journey + Calstone Light O + Fenomeno + Curren Bouquetd'or + Tamano Cross + Fine Motion + Mihono Bourbon + Stay Gold,Taiki Shuttle (Valentine) + Sounds of Earth (Valentine),Tokai Teio + Admire Groove + Dream Journey + Calstone Light O + Fenomeno + Curren Bouquetd'or + Tamano Cross + Fine Motion + Mihono Bourbon + Stay Gold,Tokai Teio + Admire Groove + Dream Journey + Calstone Light O + Fenomeno + Curren Bouquetd'or + Tamano Cross + Fine Motion + Mihono Bourbon + Stay Gold,Taiki Shuttle (Valentine) + Sounds of Earth (Valentine),Tokai Teio + Admire Groove + Dream Journey + Calstone Light O + Fenomeno + Curren Bouquetd'or + Tamano Cross + Fine Motion + Mihono Bourbon + Stay Gold,Taiki Shuttle (Valentine) + Sounds of Earth (Valentine),Taiki Shuttle (Valentine) + Sounds of Earth (Valentine),Taiki Shuttle (Valentine) + Sounds of Earth (Valentine),Taiki Shuttle (Valentine) + Sounds of Earth (Valentine),Taiki Shuttle (Valentine) + Sounds of Earth (Valentine),Taiki Shuttle (Valentine) + Sounds of Earth (Valentine),Taiki Shuttle (Valentine) + Sounds of Earth (Valentine),Taiki Shuttle (Valentine) + Sounds of Earth (Valentine),Taiki Shuttle (Valentine) + Sounds of Earth (Valentine),Taiki Shuttle (Valentine) + Sounds of Earth (Valentine),Taiki Shuttle (Valentine) + Sounds of Earth (Valentine),Taiki Shuttle (Valentine) + Sounds of Earth (Valentine),Taiki Shuttle (Valentine) + Sounds of Earth (Valentine),Taiki Shuttle (Valentine) + Sounds of Earth (Valentine),,,,,,,,,,,,,,,,,,,,,,,,,,,,,,JP,,JP Datedif,93,,,,,,,0,0,0,0,2025-08-28 22:00:00,,,,
,Daring Tact + Daring Heart,Daring Tact + Daring Heart,Royce and Royce,Royce and Royce,Daring Tact + Daring Heart,Daring Tact + Daring Heart,Royce and Royce,Daring Tact + Daring Heart,Daring Tact + Daring Heart,Royce and Royce,Daring Tact + Daring Heart,Royce and Royce,Royce and Royce,Royce and Royce,Royce and Royce,Royce and Royce,Royce and Royce,Royce and Royce,Royce and Royce,Royce and Royce,Royce and Royce,Royce and Royce,Royce and Royce,Royce and Royce,Royce and Royce,,,,,,,,,,,,,,,,,,,,,,,,,,,,,,Start Date,End Date,Global Datedif,63,,,,,,,,,,,,,,,
,Aston Machan,Aston Machan,Almond Eye,Almond Eye,Aston Machan,Aston Machan,Almond Eye,Aston Machan,Aston Machan,Almond Eye,Aston Machan,Almond Eye,Almond Eye,Almond Eye,Almond Eye,Almond Eye,Almond Eye,Almond Eye,Almond Eye,Almond Eye,Almond Eye,Almond Eye,Almond Eye,Almond Eye,Almond Eye,,,,,,,,,,,,,,,,,,,,,,,,,,,,,,2021-05-28,2021-06-10,D-Day,-302,,,,,,,,,,,,,,,
,Tokai Teio + Eishin Flash + Dream Journey + Calstone Light O + Almond Eye + Curren Bouquetd'or + Tamano Cross + Mihono Bourbon + Daiichi Ruby + Stay Gold,Tokai Teio + Eishin Flash + Dream Journey + Calstone Light O + Almond Eye + Curren Bouquetd'or + Tamano Cross + Mihono Bourbon + Daiichi Ruby + Stay Gold,Loves Only You (Beyond Dreams),Loves Only You (Beyond Dreams),Tokai Teio + Eishin Flash + Dream Journey + Calstone Light O + Almond Eye + Curren Bouquetd'or + Tamano Cross + Mihono Bourbon + Daiichi Ruby + Stay Gold,Tokai Teio + Eishin Flash + Dream Journey + Calstone Light O + Almond Eye + Curren Bouquetd'or + Tamano Cross + Mihono Bourbon + Daiichi Ruby + Stay Gold,Loves Only You (Beyond Dreams),Tokai Teio + Eishin Flash + Dream Journey + Calstone Light O + Almond Eye + Curren Bouquetd'or + Tamano Cross + Mihono Bourbon + Daiichi Ruby + Stay Gold,Tokai Teio + Eishin Flash + Dream Journey + Calstone Light O + Almond Eye + Curren Bouquetd'or + Tamano Cross + Mihono Bourbon + Daiichi Ruby + Stay Gold,Loves Only You (Beyond Dreams),Tokai Teio + Eishin Flash + Dream Journey + Calstone Light O + Almond Eye + Curren Bouquetd'or + Tamano Cross + Mihono Bourbon + Daiichi Ruby + Stay Gold,Loves Only You (Beyond Dreams),Loves Only You (Beyond Dreams),Loves Only You (Beyond Dreams),Loves Only You (Beyond Dreams),Loves Only You (Beyond Dreams),Loves Only You (Beyond Dreams),Loves Only You (Beyond Dreams),Loves Only You (Beyond Dreams),Loves Only You (Beyond Dreams),Loves Only You (Beyond Dreams),Loves Only You (Beyond Dreams),Loves Only You (Beyond Dreams),Loves Only You (Beyond Dreams),Loves Only You (Beyond Dreams),,,,,,,,,,,,,,,,,,,,0,2025-09-10 21:59:59,k3,,,,,,,,Pull Tickets,,Finals Day,-290,,,,,,,,,,,,,,,
,Tap Dance City + Agnes Digital,Tap Dance City + Agnes Digital,Victoire Pisa,Victoire Pisa,Tap Dance City + Agnes Digital,Tap Dance City + Agnes Digital,Victoire Pisa,Tap Dance City + Agnes Digital,Tap Dance City + Agnes Digital,Victoire Pisa,Tap Dance City + Agnes Digital,Victoire Pisa,Victoire Pisa,Victoire Pisa,Victoire Pisa,Victoire Pisa,Victoire Pisa,Victoire Pisa,Victoire Pisa,Victoire Pisa,Victoire Pisa,Victoire Pisa,Victoire Pisa,Victoire Pisa,Victoire Pisa,,,,,,,,,,,,,,,,,,,,150,Last Day,,,,,,,,,Uma,Support,Length,13,,,,,,,,,,,,,,,
,,,Sakura Bakushin O (Ballroom) + North Flight (Ballroom),Sakura Bakushin O (Ballroom) + North Flight (Ballroom),,,Sakura Bakushin O (Ballroom) + North Flight (Ballroom),,,Sakura Bakushin O (Ballroom) + North Flight (Ballroom),,Sakura Bakushin O (Ballroom) + North Flight (Ballroom),Sakura Bakushin O (Ballroom) + North Flight (Ballroom),Sakura Bakushin O (Ballroom) + North Flight (Ballroom),Sakura Bakushin O (Ballroom) + North Flight (Ballroom),Sakura Bakushin O (Ballroom) + North Flight (Ballroom),Sakura Bakushin O (Ballroom) + North Flight (Ballroom),Sakura Bakushin O (Ballroom) + North Flight (Ballroom),Sakura Bakushin O (Ballroom) + North Flight (Ballroom),Sakura Bakushin O (Ballroom) + North Flight (Ballroom),Sakura Bakushin O (Ballroom) + North Flight (Ballroom),Sakura Bakushin O (Ballroom) + North Flight (Ballroom),Sakura Bakushin O (Ballroom) + North Flight (Ballroom),Sakura Bakushin O (Ballroom) + North Flight (Ballroom),Sakura Bakushin O (Ballroom) + North Flight (Ballroom),,,,,,,,,,,,,,,,,,,,150,Spring G1 Celebration Missions Part 2 (Yasuda Kinen),,,,,,,,,2,2,Dropdown,TRUE,,,,,,,,,,,,,,,
,,,Lucky Lilac,Lucky Lilac,,,Lucky Lilac,,,Lucky Lilac,,Lucky Lilac,Lucky Lilac,Lucky Lilac,Lucky Lilac,Lucky Lilac,Lucky Lilac,Lucky Lilac,Lucky Lilac,Lucky Lilac,Lucky Lilac,Lucky Lilac,Lucky Lilac,Lucky Lilac,Lucky Lilac,,,,,,Air Groove,Mayano Top Gun,Hishi Akebono,Kawakami Princess,,,,,,Mejiro Dober,,,,,,,,,,,,,,,Limit Break Crystals,,,,,,,,,,,,,,,,,,
,,,Admire Groove,Admire Groove,,,Admire Groove,,,Admire Groove,,Admire Groove,Admire Groove,Admire Groove,Admire Groove,Admire Groove,Admire Groove,Admire Groove,Admire Groove,Admire Groove,Admire Groove,Admire Groove,Admire Groove,Admire Groove,Admire Groove,,,,,,(Wedding),(Wedding),,,,,,,,,,,,,,,,,,,,,,,SSR,SR,,,,,,,,,,,,,,,,,
,,,Fuji Kiseki (Cheerleader) + Jungle Pocket (Cheerleader),Fuji Kiseki (Cheerleader) + Jungle Pocket (Cheerleader),,,Fuji Kiseki (Cheerleader) + Jungle Pocket (Cheerleader),,,Fuji Kiseki (Cheerleader) + Jungle Pocket (Cheerleader),,Fuji Kiseki (Cheerleader) + Jungle Pocket (Cheerleader),Fuji Kiseki (Cheerleader) + Jungle Pocket (Cheerleader),Fuji Kiseki (Cheerleader) + Jungle Pocket (Cheerleader),Fuji Kiseki (Cheerleader) + Jungle Pocket (Cheerleader),Fuji Kiseki (Cheerleader) + Jungle Pocket (Cheerleader),Fuji Kiseki (Cheerleader) + Jungle Pocket (Cheerleader),Fuji Kiseki (Cheerleader) + Jungle Pocket (Cheerleader),Fuji Kiseki (Cheerleader) + Jungle Pocket (Cheerleader),Fuji Kiseki (Cheerleader) + Jungle Pocket (Cheerleader),Fuji Kiseki (Cheerleader) + Jungle Pocket (Cheerleader),Fuji Kiseki (Cheerleader) + Jungle Pocket (Cheerleader),Fuji Kiseki (Cheerleader) + Jungle Pocket (Cheerleader),Fuji Kiseki (Cheerleader) + Jungle Pocket (Cheerleader),Fuji Kiseki (Cheerleader) + Jungle Pocket (Cheerleader),,,,,,,,,,,,,,,,,,,,,,,,,,,,,,,,,,,,,,,,,,,,,,,,
,,,Fenomeno + Nakayama Festa + (Christmas) + Stay Gold + Dream Journey + (Christmas) + Orfevre + Gold Ship (Summer) + (Project L'Arc),Fenomeno + Nakayama Festa + (Christmas) + Stay Gold + Dream Journey + (Christmas) + Orfevre + Gold Ship (Summer) + (Project L'Arc),,,Fenomeno + Nakayama Festa + (Christmas) + Stay Gold + Dream Journey + (Christmas) + Orfevre + Gold Ship (Summer) + (Project L'Arc),,,Fenomeno + Nakayama Festa + (Christmas) + Stay Gold + Dream Journey + (Christmas) + Orfevre + Gold Ship (Summer) + (Project L'Arc),,Fenomeno + Nakayama Festa + (Christmas) + Stay Gold + Dream Journey + (Christmas) + Orfevre + Gold Ship (Summer) + (Project L'Arc),Fenomeno + Nakayama Festa + (Christmas) + Stay Gold + Dream Journey + (Christmas) + Orfevre + Gold Ship (Summer) + (Project L'Arc),Fenomeno + Nakayama Festa + (Christmas) + Stay Gold + Dream Journey + (Christmas) + Orfevre + Gold Ship (Summer) + (Project L'Arc),Fenomeno + Nakayama Festa + (Christmas) + Stay Gold + Dream Journey + (Christmas) + Orfevre + Gold Ship (Summer) + (Project L'Arc),Fenomeno + Nakayama Festa + (Christmas) + Stay Gold + Dream Journey + (Christmas) + Orfevre + Gold Ship (Summer) + (Project L'Arc),Fenomeno + Nakayama Festa + (Christmas) + Stay Gold + Dream Journey + (Christmas) + Orfevre + Gold Ship (Summer) + (Project L'Arc),Fenomeno + Nakayama Festa + (Christmas) + Stay Gold + Dream Journey + (Christmas) + Orfevre + Gold Ship (Summer) + (Project L'Arc),Fenomeno + Nakayama Festa + (Christmas) + Stay Gold + Dream Journey + (Christmas) + Orfevre + Gold Ship (Summer) + (Project L'Arc),Fenomeno + Nakayama Festa + (Christmas) + Stay Gold + Dream Journey + (Christmas) + Orfevre + Gold Ship (Summer) + (Project L'Arc),Fenomeno + Nakayama Festa + (Christmas) + Stay Gold + Dream Journey + (Christmas) + Orfevre + Gold Ship (Summer) + (Project L'Arc),Fenomeno + Nakayama Festa + (Christmas) + Stay Gold + Dream Journey + (Christmas) + Orfevre + Gold Ship (Summer) + (Project L'Arc),Fenomeno + Nakayama Festa + (Christmas) + Stay Gold + Dream Journey + (Christmas) + Orfevre + Gold Ship (Summer) + (Project L'Arc),Fenomeno + Nakayama Festa + (Christmas) + Stay Gold + Dream Journey + (Christmas) + Orfevre + Gold Ship (Summer) + (Project L'Arc),Fenomeno + Nakayama Festa + (Christmas) + Stay Gold + Dream Journey + (Christmas) + Orfevre + Gold Ship (Summer) + (Project L'Arc),JP,,Global,,,,,,,,,,,,,,,,,0,2025-09-07 22:00:00,k1,0,2025-09-18 21:59:59,,,,,,Date Override,,Start Date,End Date,,,,,,,,,,,,,,,
,,,,,,,,,,,,,,,,,,,,,,,,,,Start Date,End Date,Start Date,End Date,,Releases In,,,,,,,,,,,,,,80,First Day,Hours,0,Throughout,,,,,,2025-09-07,,2025-09-07,2025-09-18,,,,,,,,,,,,,,,
,,,,,,,,,,,,,,,,,,,,,,,,,,2021-06-10,2021-06-21,2025-09-07,2025-09-18,,-292 Days,,,,,,,,,,,,,,80,Uma Story Ch 1-4,,,,,,,,,Banner Type,1,2025-09-07 22:00:00,2025-09-18 21:59:59,Seiun Sky,Silence Suzuka + Tamamo Cross,,,,,,,,,,,,,
,,,,,,,,,,,,,,,,,,,,,,,,,,,,,,,,,,,,,,,,,,,,,,,,,,,,,,,JP,,JP Datedif,106,,,,,,,0,0,0,0,2025-09-07 22:00:00,,,,
,,,,,,,,,,,,,,,,,,,,,,,,,,,,,,,,,,,,,,,,,,,,,,,,,,,,,,,Start Date,End Date,Global Datedif,73,,,,,,,,,,,,,,,
,,,,,,,,,,,,,,,,,,,,,,,,,,,,,,,,,,,,,,,,,,,,,,,,,,,,,,,2021-06-10,2021-06-21,D-Day,-292,,,,,,,,,,,,,,,
,,,,,,,,,,,,,,,,,,,,,,,,,,,,,,,,,,,,,,,,,,,,,0,2025-09-18 21:59:59,k3,,,,,,,,Pull Tickets,,Finals Day,-282,,,,,,,,,,,,,,,
,,,,,,,,,,,,,,,,,,,,,,,,,,,,,,,,,,,,,,,,,,,,,0,Last Day,,,,,,,,,Uma,Support,Length,11,,,,,,,,,,,,,,,
,,,,,,,,,,,,,,,,,,,,,,,,,,,,,,,,,,,,,,,,,,,,,,,,,,,,,,,0,0,Dropdown,TRUE,,,,,,,,,,,,,,,
,,,,,,,,,,,,,,,,,,,,,,,,,,,,,,,Seiun Sky,,Silence Suzuka,Tamamo Cross,,,,,,,,,,,,,,,,,,,,,Limit Break Crystals,,,,,,,,,,,,,,,,,,
,,,,,,,,,,,,,,,,,,,,,,,,,,,,,,,Dolphin,,,,,,,,,,,,,,,,,,,,,,,,SSR,SR,,,,,,,,,,,,,,,,,
,,,,,,,,,,,,,,,,,,,,,,,,,,,,,,,,,,,,,,,,,,,,,,,,,,,,,,,,,,,,,,,,,,,,,,,,,
,,,,,,,,,,,,,,,,,,,,,,,,,,JP,,Global,,,,,,,,,,,,,,,,,,,,,,,,,,,Date Override,,Start Date,End Date,,,,,,,,,,,,,,,
,,,,,,,,,,,,,,,,,,,,,,,,,,,,,,,,,,,,,,,,,,,,,,,,,,,,,,,2025-09-11,,2025-09-11,2025-09-17,,,,,,,,,,,,,,,
,,,,,,,,,,,,,,,,,,,,,,,,,,,,,,,,,,,,,,,,,,,,,,,,,,,,,,,Banner Type,-1,2025-09-11 22:00:00,2025-09-17 21:59:59,,,,,,,,,,,,,,,
,,,,,,,,,,,,,,,,,,,,,,,,,,,,,,,Goal,,,,,,,,,,,,,,,,,,,,,,,,JP,,JP Datedif,110,,,,,,,0,0,0,0,2025-09-11 22:00:00,0,2025-09-16 21:59:59,,
,,,,,,,,,,,,,,,,,,,,,,,,,,,,,,,,,,,,,,,,,,,,,,,,,,,,,,,Start Date,End Date,Global Datedif,77,,,,,,,,,,,,,,,
,,,,,,,,,,,,,,,,,,,,,,,,,,,,,,,,,,,,,,,,,,,,,,,,,,,,,,,2021-06-14,2021-06-20,D-Day,-288,,,,,,,,,,,,,,,
,,,,,,,,,,,,,,,,,,,,,,,,,,,,,,,1200,1200+1-2G,1000,400,300,,,,,,,,,,,,,,,,,,,,Pull Tickets,,Finals Day,-283,,,,,,,,,,,,,,,
,,,,,,,,,,,,,,,,,,,,,,,,,,,,,,,Recommended,,,,,,,,,,,,,,,,,,,,,,,,Uma,Support,Length,6,,,,,,,,,,,,,,,
,,,,,,,,,,,,,,,,,,,,,,,,,,,,,,,,,,,,,,,,,,,,,,,,,,,,,,,,,Dropdown,TRUE,,,,,,,,,,,,,,,
,,,,,,,,,,,,,,,,,,,,,,,,,,,,,,,,,,,,,,,,,,,,,,,,,,,,,,,Limit Break Crystals,,,,,,,,,,,,,,,,,,
,,,,,,,,,,,,,,,,,,,,,,,,,,,,,,,,,,,,,,,,,,,,,,,,,,,,,,,SSR,SR,,,,,,,,,,,,,,,,,
,,,,,,,,,,,,,,,,,,,,,,,,,,,,,,,,,,,,,,,,,,,,,,,,,,,,,,,,,,,,,,,,,,,,,,,,,
,,,,,,,,,,,,,,,,,,,,,,,,,,JP,,Global,,,,,,,,,,,,,,,,,0,2025-09-17 22:00:00,k1,0,2025-09-25 21:59:59,,,,,,Date Override,,Start Date,End Date,,,,,,,,,,,,,,,
,,,,,,,,,,,,,,,,,,,,,,,,,,Start Date,End Date,Start Date,End Date,,Releases In,,,,,,,,,,,,,,80,First Day,Hours,1000,Throughout,,,,,,2025-09-17,,2025-09-17,2025-09-25,,,,,,,,,,,,,,,
,,,,,,,,,,,,,,,,,,,,,,,,,,2021-06-21,2021-06-29,2025-09-17,2025-09-25,,-282 Days,,,,,,,,,,,,,,80,Uma Story Ch 1-4,,250,Legend Race (Mayano Top Gun),,,,,,Banner Type,1,2025-09-17 22:00:00,2025-09-25 21:59:59,Hishi Amazon,Bamboo Memory,,,,,,,,,,,,,
,,,,,,,,,,,,,,,,,,,,,,,,,,,,,,,,,,,,,,,,,,,,,,,,250,Legend Race (Mejiro McQueen),,,,,,JP,,JP Datedif,117,,,,,,,0,0,0,0,2025-09-17 22:00:00,,,,
,,,,,,,,,,,,,,,,,,,,,,,,,,,,,,,,,,,,,,,,,,,,,,,,250,Legend Race (TM Opera O),,,,,,Start Date,End Date,Global Datedif,83,,,,,,,,,,,,,,,
,,,,,,,,,,,,,,,,,,,,,,,,,,,,,,,,,,,,,,,,,,,,,,,,250,Legend Race (Super Creek),,,,,,2021-06-21,2021-06-29,D-Day,-282,,,,,,,,,,,,,,,
,,,,,,,,,,,,,,,,,,,,,,,,,,,,,,,,,,,,,,,,,,,,,0,2025-09-25 21:59:59,k3,,,,,,,,Pull Tickets,,Finals Day,-275,,,,,,,,,,,,,,,
,,,,,,,,,,,,,,,,,,,,,,,,,,,,,,,,,,,,,,,,,,,,,150,Last Day,,,,,,,,,Uma,Support,Length,8,,,,,,,,,,,,,,,
,,,,,,,,,,,,,,,,,,,,,,,,,,,,,,,,,,,,,,,,,,,,,150,Spring G1 Celebration Missions Part 2 (Takarazuka Kinen),,,,,,,,,0,0,Dropdown,TRUE,,,,,,,,,,,,,,,
,,,,,,,,,,,,,,,,,,,,,,,,,,,,,,,Hishi Amazon,,Bamboo Memory,,Shinko Windy,,,,,,,,,,,,,,,,,,,,Limit Break Crystals,,,,,,,,,,,,,,,,,,
,,,,,,,,,,,,,,,,,,,,,,,,,,,,,,,,,,,Dolphin,,,,,,,,,,,,,,,,,,,,SSR,SR,,,,,,,,,,,,,,,,,
,,,,,,,,,,,,,,,,,,,,,,,,,,,,,,,,,,,,,,,,,,,,,,,,,,,,,,,,,,,,,,,,,,,,,,,,,
,,,,,,,,,,,,,,,,,,,,,,,,,,JP,,Global,,,,,,,,,,,,,,,,,0,2025-09-21 22:00:00,k1,0,2025-10-04 21:59:59,,,,,,Date Override,,Start Date,End Date,,,,,,,,,,,,,,,
,,,,,,,,,,,,,,,,,,,,,,,,,,Start Date,End Date,Start Date,End Date,,Releases In,,,,,,,,,,,,,,0,First Day,Hours,1260,Throughout,,,,,,2025-09-21,,2025-09-21,2025-10-04,,,,,,,,,,,,,,,
,,,,,,,,,,,,,,,,,,,,,,,,,,2021-06-29,2021-07-12,2025-09-21,2025-10-04,,-278 Days,,,,,,,,,,,,,,,,,1260,"Event Rewards (Story, Bingo, Event Pt)",,,,,,Banner Type,1,2025-09-21 22:00:00,2025-10-04 21:59:59,Grass Wonder (Fantasy) + El Condor Pasa (Fantasy),King Halo + Seiun Sky,,,,,,,,,,,,,
,,,,,,,,,,,,,,,,,,,,,,,,,,,,,,,,,,,,,,,,,,,,,,,,,,,,,,,JP,,JP Datedif,125,,,,,,,0,0,0,0,2025-09-21 22:00:00,,,,
,,,,,,,,,,,,,,,,,,,,,,,,,,,,,,,,,,,,,,,,,,,,,,,,,,,,,,,Start Date,End Date,Global Datedif,87,,,,,,,,,,,,,,,
,,,,,,,,,,,,,,,,,,,,,,,,,,,,,,,,,,,,,,,,,,,,,,,,,,,,,,,2021-06-29,2021-07-12,D-Day,-278,,,,,,,,,,,,,,,
,,,,,,,,,,,,,,,,,,,,,,,,,,,,,,,,,,,,,,,,,,,,,0,2025-10-04 21:59:59,k3,,,,,,,,Pull Tickets,,Finals Day,-266,,,,,,,,,,,,,,,
,,,,,,,,,,,,,,,,,,,,,,,,,,,,,,,,,,,,,,,,,,,,,0,Last Day,,,,,,,,,Uma,Support,Length,13,,,,,,,,,,,,,,,
,,,,,,,,,,,,,,,,,,,,,,,,,,,,,,,,,,,,,,,,,,,,,,,,,,,,,,,2,2,Dropdown,TRUE,,,,,,,,,,,,,,,
,,,,,,,,,,,,,,,,,,,,,,,,,,,,,,,Grass Wonder,El Condor Pasa,King Halo,Seiun Sky,,,,,,Gold Ship,,,,,,,,,,,,,,,Limit Break Crystals,,,,,,,,,,,,,,,,,,
,,,,,,,,,,,,,,,,,,,,,,,,,,,,,,,(Fantasy),(Fantasy),,Whale,,,,,,,,,,,,,,,,,,,,,SSR,SR,,,,,,,,,,,,,,,,,
,,,,,,,,,,,,,,,,,,,,,,,,,,,,,,,,,,,,,,,,,,,,,,,,,,,,,,,,,,,,,,,,,,,,,,,,,
,,,,,,,,,,,,,,,,,,,,,,,,,,JP,,Global,,,,,,,,,,,,,,,,,0,2025-10-02 22:00:00,k1,0,2025-10-10 21:59:59,,,,,,Date Override,,Start Date,End Date,,,,,,,,,,,,,,,
,,,,,,,,,,,,,,,,,,,,,,,,,,Start Date,End Date,Start Date,End Date,,Releases In,,,,,,,,,,,,,,530,First Day,Hours,0,Throughout,,,,,,2025-10-02,,2025-10-02,2025-10-10,,,,,,,,,,,,,,,
,,,,,,,,,,,,,,,,,,,,,,,,,,2021-07-12,2021-07-20,2025-10-02,2025-10-10,,-267 Days,,,,,,,,,,,,,,80,Uma Story Ch 1-4,,,,,,,,,Banner Type,1,2025-10-02 22:00:00,2025-10-10 21:59:59,Fuji Kiseki,Mejiro Ryan 30048,,,,,,,,,,,,,
,,,,,,,,,,,,,,,,,,,,,,,,,,,,,,,,,,,,,,,,,,,,,150,Main Story Chapter 4 Release Celebration Missions,,,,,,,,,JP,,JP Datedif,138,,,,,,,0,0,0,0,2025-10-02 22:00:00,,,,
,,,,,,,,,,,,,,,,,,,,,,,,,,,,,,,,,,,,,,,,,,,,,300,Tracen Academy Special: Master Trainer's Road,,,,,,,,,Start Date,End Date,Global Datedif,98,,,,,,,,,,,,,,,
,,,,,,,,,,,,,,,,,,,,,,,,,,,,,,,,,,,,,,,,,,,,,,,,,,,,,,,2021-07-12,2021-07-20,D-Day,-267,,,,,,,,,,,,,,,
,,,,,,,,,,,,,,,,,,,,,,,,,,,,,,,,,,,,,,,,,,,,,0,2025-10-10 21:59:59,k3,,,,,,,,Pull Tickets,,Finals Day,-260,,,,,,,,,,,,,,,
,,,,,,,,,,,,,,,,,,,,,,,,,,,,,,,,,,,,,,,,,,,,,0,Last Day,,,,,,,,,Uma,Support,Length,8,,,,,,,,,,,,,,,
,,,,,,,,,,,,,,,,,,,,,,,,,,,,,,,,,,,,,,,,,,,,,,,,,,,,,,,0,0,Dropdown,TRUE,,,,,,,,,,,,,,,
,,,,,,,,,,,,,,,,,,,,,,,,,,,,,,,Fuji Kiseki,,Mejiro Ryan 30048,,Mejiro Arden,,,,Random 3* Uma,,,,,,,,,,,,,,,,Limit Break Crystals,,,,,,,,,,,,,,,,,,
,,,,,,,,,,,,,,,,,,,,,,,,,,,,,,,,,,,,,,,Initial Umas,,,,,,,,,,,,,,,,SSR,SR,,,,,,,,,,,,,,,,,
,,,,,,,,,,,,,,,,,,,,,,,,,,,,,,,,,,,,,,,,,,,,,,,,,,,,,,,,,,,,,,,,,,,,,,,,,
,,,,,,,,,,,,,,,,,,,,,,,,,,JP,,Global,,,,,,,,,,,,,,,,,0,2025-10-07 22:00:00,k1,0,2025-10-16 21:59:59,,,,,,Date Override,,Start Date,End Date,,,,,,,,,,,,,,,
,,,,,,,,,,,,,,,,,,,,,,,,,,Start Date,End Date,Start Date,End Date,,Releases In,,,,,,,,,,,,,,380,First Day,Hours,480,Throughout,,,,,,2025-10-07,,2025-10-07,2025-10-16,,,,,,,,,,,,,,,
,,,,,,,,,,,,,,,,,,,,,,,,,,2021-07-20,2021-07-29,2025-10-07,2025-10-16,,-262 Days,,,,,,,,,,,,,,80,Uma Story Ch 1-4,,480,Main Story Reward,,,,,,Banner Type,1,2025-10-07 22:00:00,2025-10-16 21:59:59,Gold City,Nishino Flower + Vodka,,,,,,,,,,,,,
,,,,,,,,,,,,,,,,,,,,,,,,,,,,,,,,,,,,,,,,,,,,,,,,,,,,,,,JP,,JP Datedif,146,,,,,,,0,0,0,0,2025-10-07 22:00:00,,,,
,,,,,,,,,,,,,,,,,,,,,,,,,,,,,,,,,,,,,,,,,,,,,,,,,,,,,,,Start Date,End Date,Global Datedif,103,,,,,,,,,,,,,,,
,,,,,,,,,,,,,,,,,,,,,,,,,,,,,,,,,,,,,,,,,,,,,300,Cinderella Gray,,,,,,,,,2021-07-20,2021-07-29,D-Day,-262,,,,,,,,,,,,,,,
,,,,,,,,,,,,,,,,,,,,,,,,,,,,,,,,,,,,,,,,,,,,,0,2025-10-16 21:59:59,k3,,,,,,,,Pull Tickets,,Finals Day,-254,,,,,,,,,,,,,,,
,,,,,,,,,,,,,,,,,,,,,,,,,,,,,,,,,,,,,,,,,,,,,0,Last Day,,,,,,,,,Uma,Support,Length,9,,,,,,,,,,,,,,,
,,,,,,,,,,,,,,,,,,,,,,,,,,,,,,,,,,,,,,,,,,,,,,,,,,,,,,,0,0,Dropdown,TRUE,,,,,,,,,,,,,,,
,,,,,,,,,,,,,,,,,,,,,,,,,,,,,,,Gold City,,Nishino Flower,Vodka,,,,,,,,Narita Brian,,,,,,,,,,,,,Limit Break Crystals,,,,,,,,,,,,,,,,,,
,,,,,,,,,,,,,,,,,,,,,,,,,,,,,,,,,,,,,,,,,,,,,,,,,,,,,,,SSR,SR,,,,,,,,,,,,,,,,,
,,,,,,,,,,,,,,,,,,,,,,,,,,,,,,,,,,,,,,,,,,,,,,,,,,,,,,,,,,,,,,,,,,,,,,,,,
,,,,,,,,,,,,,,,,,,,,,,,,,,JP,,Global,,,,,,,,,,,,,,,,,,,,,,,,,,,Date Override,,Start Date,End Date,,,,,,,,,,,,,,,
,,,,,,,,,,,,,,,,,,,,,,,,,,,,,,,,,,,,,,,,,,,,,,,,,,,,,,,2025-10-10,,2025-10-10,2025-10-16,,,,,,,,,,,,,,,
,,,,,,,,,,,,,,,,,,,,,,,,,,,,,,,,,,,,,,,,,,,,,,,,,,,,,,,Banner Type,-1,2025-10-10 22:00:00,2025-10-16 21:59:59,,,,,,,,,,,,,,,
,,,,,,,,,,,,,,,,,,,,,,,,,,,,,,,Goal,,,,,,,,,,,,,,,,,,,,,,,,JP,,JP Datedif,149,,,,,,,0,0,0,0,2025-10-10 22:00:00,0,2025-10-15 21:59:59,,
,,,,,,,,,,,,,,,,,,,,,,,,,,,,,,,,,,,,,,,,,,,,,,,,,,,,,,,Start Date,End Date,Global Datedif,106,,,,,,,,,,,,,,,
,,,,,,,,,,,,,,,,,,,,,,,,,,,,,,,,,,,,,,,,,,,,,,,,,,,,,,,2021-07-23,2021-07-29,D-Day,-259,,,,,,,,,,,,,,,
,,,,,,,,,,,,,,,,,,,,,,,,,,,,,,,1200,578*,1000,301*,800,,,,,,,,,,,,,,,,,,,,Pull Tickets,,Finals Day,-254,,,,,,,,,,,,,,,
,,,,,,,,,,,,,,,,,,,,,,,,,,,,,,,Recommended,,,,,,,,,,,,,,,,,,,,,,,,Uma,Support,Length,6,,,,,,,,,,,,,,,
,,,,,,,,,,,,,,,,,,,,,,,,,,,,,,,,,,,,,,,,,,,,,,,,,,,,,,,,,Dropdown,TRUE,,,,,,,,,,,,,,,
,,,,,,,,,,,,,,,,,,,,,,,,,,,,,,,,,,,,,,,,,,,,,,,,,,,,,,,Limit Break Crystals,,,,,,,,,,,,,,,,,,
,,,,,,,,,,,,,,,,,,,,,,,,,,,,,,,,,,,,,,,,,,,,,,,,,,,,,,,SSR,SR,,,,,,,,,,,,,,,,,
,,,,,,,,,,,,,,,,,,,,,,,,,,,,,,,,,,,,,,,,,,,,,,,,,,,,,,,,,,,,,,,,,,,,,,,,,
,,,,,,,,,,,,,,,,,,,,,,,,,,JP,,Global,,,,,,,,,,,,,,,,,0,2025-10-14 22:00:00,k1,0,2025-10-27 21:59:59,,,,,,Date Override,,Start Date,End Date,,,,,,,,,,,,,,,
,,,,,,,,,,,,,,,,,,,,,,,,,,Start Date,End Date,Start Date,End Date,,Releases In,,,,,,,,,,,,,,300,First Day,Hours,1260,Throughout,,,,,,2025-10-14,,2025-10-14,2025-10-27,,,,,,,,,,,,,,,
,,,,,,,,,,,,,,,,,,,,,,,,,,2021-07-29,2021-08-11,2025-10-14,2025-10-27,,-255 Days,,,,,,,,,,,,,,,,,1260,"Event Rewards (Story, Bingo, Event Pt)",,,,,,Banner Type,1,2025-10-14 22:00:00,2025-10-27 21:59:59,Special Week (Summer) + Maruzensky (Summer),Sweep Tosho + Winning Ticket,,,,,,,,,,,,,
,,,,,,,,,,,,,,,,,,,,,,,,,,,,,,,,,,,,,,,,,,,,,,,,,,,,,,,JP,,JP Datedif,155,,,,,,,0,0,0,0,2025-10-14 22:00:00,,,,
,,,,,,,,,,,,,,,,,,,,,,,,,,,,,,,,,,,,,,,,,,,,,,,,,,,,,,,Start Date,End Date,Global Datedif,110,,,,,,,,,,,,,,,
,,,,,,,,,,,,,,,,,,,,,,,,,,,,,,,,,,,,,,,,,,,,,300,Cinderella Gray,,,,,,,,,2021-07-29,2021-08-11,D-Day,-255,,,,,,,,,,,,,,,
,,,,,,,,,,,,,,,,,,,,,,,,,,,,,,,,,,,,,,,,,,,,,0,2025-10-27 21:59:59,k3,,,,,,,,Pull Tickets,,Finals Day,-243,,,,,,,,,,,,,,,
,,,,,,,,,,,,,,,,,,,,,,,,,,,,,,,,,,,,,,,,,,,,,0,Last Day,,,,,,,,,Uma,Support,Length,13,,,,,,,,,,,,,,,
,,,,,,,,,,,,,,,,,,,,,,,,,,,,,,,,,,,,,,,,,,,,,,,,,,,,,,,2,2,Dropdown,TRUE,,,,,,,,,,,,,,,
,,,,,,,,,,,,,,,,,,,,,,,,,,,,,,,Special Week,Maruzensky,Sweep Tosho,Winning Ticket,,,,,,Daiwa Scarlet,,,,,,,,,,,,,,,Limit Break Crystals,,,,,,,,,,,,,,,,,,
,,,,,,,,,,,,,,,,,,,,,,,,,,,,,,,(Summer),(Summer),Whale,,,,,,,,,,,,,,,,,,,,,,SSR,SR,,,,,,,,,,,,,,,,,
,,,,,,,,,,,,,,,,,,,,,,,,,,,,,,,,Dolphin,,,,,,,,,,,,,,,,,,,,,,,,,,,,,,,,,,,,,,,,,
,,,,,,,,,,,,,,,,,,,,,,,,,,JP,,Global,,,,Free Pulls,,,,,,,,,,,,,0,2025-10-21 22:00:00,k1,0,2025-10-30 21:59:59,,,,,,Date Override,,Start Date,End Date,,,,,,,,,,,,,,,
,,,,,,,,,,,,,,,,,,,,,,,,,,Start Date,End Date,Start Date,End Date,,Releases In,Uma,Support,,,,,,,,,,,,380,First Day,Hours,750,Throughout,,,,,,2025-10-21,,2025-10-21,2025-10-30,,,,,,,,,,,,,,,
,,,,,,,,,,,,,,,,,,,,,,,,,,2021-08-11,2021-08-20,2025-10-21,2025-10-30,,-248 Days,4,0,,,,,,,,,,,,80,Uma Story Ch 1-4,,250,Legend Race (Mejiro Ryan),,,,,,Banner Type,1,2025-10-21 22:00:00,2025-10-30 21:59:59,Meisho Doto,Special Week + Tokai Teio,,,,,,,,,,,,,
,,,,,,,,,,,,,,,,,,,,,,,,,,,,,,,,,,,,,,,,,,,,,,,,250,Legend Race (Silence Suzuka),,,,,,JP,,JP Datedif,168,,,,,,,0,0,0,0,2025-10-21 22:00:00,,,,
,,,,,,,,,,,,,,,,,,,,,,,,,,,,,,,,,,,,,,,,,,,,,,,,250,Legend Race (Gold Ship),,,,,,Start Date,End Date,Global Datedif,117,,,,,,,,,,,,,,,
,,,,,,,,,,,,,,,,,,,,,,,,,,,,,,,,,,,,,,,,,,,,,300,Cinderella Gray,,,,,,,,,2021-08-11,2021-08-20,D-Day,-248,,,,,,,,,,,,,,,
,,,,,,,,,,,,,,,,,,,,,,,,,,,,,,,,,,,,,,,,,,,,,0,2025-10-30 21:59:59,k3,,,,,,,,Pull Tickets,,Finals Day,-240,,,,,,,,,,,,,,,
,,,,,,,,,,,,,,,,,,,,,,,,,,,,,,,,,,,,,,,,,,,,,0,Last Day,,,,,,,,,Uma,Support,Length,9,,,,,,,,,,,,,,,
,,,,,,,,,,,,,,,,,,,,,,,,,,,,,,,,,,,,,,,,,,,,,,,,,,,,,,,0,0,Dropdown,TRUE,,,,,,,,,,,,,,,
,,,,,,,,,,,,,,,,,,,,,,,,,,,,,,,Meisho Doto,,Special Week,Tokai Teio,,,,,,,,,,,,,,,,,,,,,Limit Break Crystals,,,,,,,,,,,,,,,,,,
,,,,,,,,,,,,,,,,,,,,,,,,,,,,,,,4x Free Pulls,,,,,,,,,,,,,,,,,,,,,,,,SSR,SR,,,,,,,,,,,,,,,,,
,,,,,,,,,,,,,,,,,,,,,,,,,,,,,,,,,,,,,,,,,,,,,,,,,,,,,,,,,,,,,,,,,,,,,,,,,
,,,,,,,,,,,,,,,,,,,,,,,,,,JP,,Global,,,,Free Pulls,,,,,,,,,,,,,0,2025-10-30 22:00:00,k1,0,2025-11-09 21:59:59,,,,,,Date Override,,Start Date,End Date,,,,,,,,,,,,,,,
,,,,,,,,,,,,,,,,,,,,,,,,,,Start Date,End Date,Start Date,End Date,,Releases In,Uma,Support,,,,,NICE NATURE BANNER REVIEW,,,,,,,80,First Day,Hours,1400,Throughout,,,,,,2025-10-30,,2025-10-30,2025-11-09,,,,,,,,,,,,,,,
,,,,,,,,,,,,,,,,,,,,,,,,,,2021-08-20,2021-08-30,2025-10-30,2025-11-09,,-239 Days,6,0,,,,,,,,,,,,80,Uma Story Ch 1-4,,200,Half Anniversary Story,,,,,,Banner Type,1,2025-10-30 22:00:00,2025-11-09 21:59:59,Eishin Flash,Nice Nature,,,,,,,,,,,,,
,,,,,,,,,,,,,,,,,,,,,,,,,,,,,,,,,,,,,,,,,,,,,,,,1200,Half Anniversary Login,,,,,,JP,,JP Datedif,177,,,,,,,0,0,0,0,2025-10-30 22:00:00,,,,
,,,,,,,,,,,,,,,,,,,,,,,,,,,,,,,,,,,,,,,,,,,,,,,,,,,,,,,Start Date,End Date,Global Datedif,126,,,,,,,,,,,,,,,
,,,,,,,,,,,,,,,,,,,,,,,,,,,,,,,,,,,,,,,,,,,,,,,,,,,,,,,2021-08-20,2021-08-30,D-Day,-239,,,,,,,,,,,,,,,
,,,,,,,,,,,,,,,,,,,,,,,,,,,,,,,,,,,,,,,,,,,,,0,2025-11-09 21:59:59,k3,,,,,,,,Pull Tickets,,Finals Day,-230,,,,,,,,,,,,,,,
,,,,,,,,,,,,,,,,,,,,,,,,,,,,,,,,,,,,,,,,,,,,,800,Last Day,,,,,,,,,Uma,Support,Length,10,,,,,,,,,,,,,,,
,,,,,,,,,,,,,,,,,,,,,,,,,,,,,,,,,,,,,,,,,,,,,500,Half Anniversary Celebration Missions Part 1,,,,,,,,,0,0,Dropdown,TRUE,,,,,,,,,,,,,,,
,,,,,,,,,,,,,,,,,,,,,,,,,,,,,,,Eishin Flash,,Nice Nature,,Tosen Jordan,,,,,Silence Suzuka,,,,,,,,,,,,,,,Limit Break Crystals,,,,,,,,,,,,,,,,,,
,,,,,,,,,,,,,,,,,,,,,,,,,,,,,,,6x Free Pulls,,Dolphin,,,,,,,,,,,,,,,,,,,,,,SSR,SR,,,,,,,,,,,,,,,,,
,,,,,,,,,,,,,,,,,,,,,,,,,,,,,,,,,,,,,,,,,,,,,300,Cinderella Gray,,,,,,,,,,,,,,,,,,,,,,,,,,,
,,,,,,,,,,,,,,,,,,,,,,,,,,JP,,Global,,,,,,,,,,,,,,,,,,,,,,,,,,,Date Override,,Start Date,End Date,,,,,,,,,,,,,,,
,,,,,,,,,,,,,,,,,,,,,,,,,,,,,,,,,,,,,,,,,,,,,,,,,,,,,,,2025-11-03,,2025-11-03,2025-11-09,,,,,,,,,,,,,,,
,,,,,,,,,,,,,,,,,,,,,,,,,,,,,,,,,,,,,,,,,,,,,,,,,,,,,,,Banner Type,-1,2025-11-03 22:00:00,2025-11-09 21:59:59,,,,,,,,,,,,,,,
,,,,,,,,,,,,,,,,,,,,,,,,,,,,,,,Goal,,,,,,,,,,,,,,,,,,,,,,,,JP,,JP Datedif,181,,,,,,,0,0,0,0,2025-11-03 22:00:00,0,2025-11-08 21:59:59,,
,,,,,,,,,,,,,,,,,,,,,,,,,,,,,,,,,,,,,,,,,,,,,,,,,,,,,,,Start Date,End Date,Global Datedif,130,,,,,,,,,,,,,,,
,,,,,,,,,,,,,,,,,,,,,,,,,,,,,,,,,,,,,,,,,,,,,,,,,,,,,,,2021-08-24,2021-08-30,D-Day,-235,,,,,,,,,,,,,,,
,,,,,,,,,,,,,,,,,,,,,,,,,,,,,,,1200,800+1G,1000 (800),350,600 (1000),,,,,,,,,,,,,,,,,,,,Pull Tickets,,Finals Day,-230,,,,,,,,,,,,,,,
,,,,,,,,,,,,,,,,,,,,,,,,,,,,,,,Recommended,,,,,,,,,,,,,,,,,,,,,,,,Uma,Support,Length,6,,,,,,,,,,,,,,,
,,,,,,,,,,,,,,,,,,,,,,,,,,,,,,,,,,,,,,,,,,,,,,,,,,,,,,,,,Dropdown,TRUE,,,,,,,,,,,,,,,
,,,,,,,,,,,,,,,,,,,,,,,,,,,,,,,,,,,,Unity Cup,,,,,,,,,,,,,,,,,,,Limit Break Crystals,,,,,,,,,,,,,,,,,,
,,,,,,,,,,,,,,,,,,,,,,,,,,,,,,,,,,,,,,,,,,,,,,,,,,,,,,,SSR,SR,,,,,,,,,,,,,,,,,
,,,,,,,,,,,,,,,,,,,,,,,,,,,,,,,,,,,,0.5th Anniversary: November 6th 2025,,,,,,,,,,,,,,,,,,,,,,,,,,,,,,,,,,,,,
,,,,,,,,,,,,,,,,,,,,,,,,,,JP,,Global,,,,Free Pulls,,,,,,,,,,,,,0,2025-11-06 22:00:00,k1,0,2025-11-17 21:59:59,,,,,,Date Override,,Start Date,End Date,,,,,,,,,,,,,,,
,,,,,,,,,,,,,,,,,,,,,,,,,,Start Date,End Date,Start Date,End Date,,Releases In,Uma,Support,,,,,VIDEO EXPLANATION ON THIS BANNER,,,,,,,5000,First Day,Hours,3000,Throughout,,,,,,2025-11-06,,2025-11-06,2025-11-17,,,,,,,,,,,,,,,
,,,,,,,,,,,,,,,,,,,,,,,,,,2021-08-30,2021-09-10,2025-11-06,2025-11-17,,-232 Days,0,100,,,,,WHY RICE IS BETTER THAN SUPER CREEK,,,,,,,3000,Half Anniversary Gift,7,3000,Half Anniversary Login Bonus,,,,,,Banner Type,1,2025-11-06 22:00:00,2025-11-17 21:59:59,Matikanefukukitaru (Full Armor),Rice Shower + Riko Kashimoto,,,,,,,,,,,,,
,,,,,,,,,,,,,,,,,,,,,,,,,,,,,,,,,,,,,,,,,,,,,1500,Aoharu Release Celebration,,,,,,,,,JP,,JP Datedif,187,,,,,,,0,0,0,0,2025-11-06 22:00:00,,,,
,,,,,,,,,,,,,,,,,,,,,,,,,,,,,,,,,,,,,,,,,,,,,500,Half Anniversary Celebration Missions Part 2,,,,,,,,,Start Date,End Date,Global Datedif,133,,,,,,,,,,,,,,,
,,,,,,,,,,,,,,,,,,,,,,,,,,,,,,,,,,,,,,,,,,,,,,,,,,,,,,,2021-08-30,2021-09-10,D-Day,-232,,,,,,,,,,,,,,,
,,,,,,,,,,,,,,,,,,,,,,,,,,,,,,,,,,,,,,,,,,,,,0,2025-11-17 21:59:59,k3,,,,,,,,Pull Tickets,,Finals Day,-222,,,,,,,,,,,,,,,
,,,,,,,,,,,,,,,,,,,,,,,,,,,,,,,,,,,,,,,,,,,,,500,Last Day,,,,,,,,,Uma,Support,Length,11,,,,,,,,,,,,,,,
,,,,,,,,,,,,,,,,,,,,,,,,,,,,,,,,,,,,,,,,,,,,,500,Half Anniversary Celebration Missions Part 3,,,,,,,,,0,0,Dropdown,TRUE,,,,,,,,,,,,,,,
,,,,,,,,,,,,,,,,,,,,,,,,,,,,,,,Matikanefukukitaru,,Rice Shower,Riko Kashimoto,,,,,Free SSR Selector,,,,,,,,,,,,,,,,Limit Break Crystals,,,,,,,,,,,,,,,,,,
,,,,,,,,,,,,,,,,,,,,,,,,,,,,,,,(Full Armor),,100x Free Pulls,,,,,,Up to Summer Banner,,,,,,,,,,,,,,,,SSR,SR,,,,,,,,,,,,,,,,,
,,,,,,,,,,,,,,,,,,,,,,,,,,,,,,,,,Must Pull,Must Pull,Must Pull,,,,,,,,,,,,,,,,,,,,,,,,,,,,,,,,,,,,,,
,,,,,,,,,,,,,,,,,,,,,,,,,,JP,,Global,,,,,,,,,,,,,,,,,0,2025-11-11 22:00:00,k1,0,2025-11-21 21:59:59,,,,,,Date Override,,Start Date,End Date,,,,,,,,,,,,,,,
,,,,,,,,,,,,,,,,,,,,,,,,,,Start Date,End Date,Start Date,End Date,,Releases In,,,,,,,,,,,,,,380,First Day,Hours,750,Throughout,,,,,,2025-11-11,,2025-11-11,2025-11-21,,,,,,,,,,,,,,,
,,,,,,,,,,,,,,,,,,,,,,,,,,2021-09-10,2021-09-20,2025-11-11,2025-11-21,,-227 Days,,,,,,,,,,,,,,80,Uma Story Ch 1-4,,250,Legend Race (Maruzensky),,,,,,Banner Type,1,2025-11-11 22:00:00,2025-11-21 21:59:59,Hishi Akebono,Sakura Bakushin O + Biko Pegasus,,,,,,,,,,,,,
,,,,,,,,,,,,,,,,,,,,,,,,,,,,,,,,,,,,,,,,,,,,,,,,250,Legend Race (Fuji Kiseki),,,,,,JP,,JP Datedif,198,,,,,,,0,0,0,0,2025-11-11 22:00:00,,,,
,,,,,,,,,,,,,,,,,,,,,,,,,,,,,,,,,,,,,,,,,,,,,,,,250,Legend Race (Mihono Bourbon),,,,,,Start Date,End Date,Global Datedif,138,,,,,,,,,,,,,,,
,,,,,,,,,,,,,,,,,,,,,,,,,,,,,,,,,,,,,,,,,,,,,300,Cinderella Gray,,,,,,,,,2021-09-10,2021-09-20,D-Day,-227,,,,,,,,,,,,,,,
,,,,,,,,,,,,,,,,,,,,,,,,,,,,,,,,,,,,,,,,,,,,,0,2025-11-21 21:59:59,k3,,,,,,,,Pull Tickets,,Finals Day,-218,,,,,,,,,,,,,,,
,,,,,,,,,,,,,,,,,,,,,,,,,,,,,,,,,,,,,,,,,,,,,0,Last Day,,,,,,,,,Uma,Support,Length,10,,,,,,,,,,,,,,,
,,,,,,,,,,,,,,,,,,,,,,,,,,,,,,,,,,,,,,,,,,,,,,,,,,,,,,,0,0,Dropdown,TRUE,,,,,,,,,,,,,,,
,,,,,,,,,,,,,,,,,,,,,,,,,,,,,,,Hishi Akebono,,Sakura Bakushin O,Biko Pegasus,,,,,SSR Uncap Crystal,,,,,,,,,,,,,,,,Limit Break Crystals,,,,,,,,,,,,,,,,,,
,,,,,,,,,,,,,,,,,,,,,,,,,,,,,,,,,Whale,Whale,,,,,,,,,,,,,,,,,,,,,SSR,SR,,,,,,,,,,,,,,,,,
,,,,,,,,,,,,,,,,,,,,,,,,,,,,,,,,,,,,,,,,,,,,,,,,,,,,,,,,,,,,,,,,,,,,,,,,,
,,,,,,,,,,,,,,,,,,,,,,,,,,JP,,Global,,,,,,,,,,,,,,,,,0,2025-11-19 22:00:00,k1,0,2025-11-28 21:59:59,,,,,,Date Override,,Start Date,End Date,,,,,,,,,,,,,,,
,,,,,,,,,,,,,,,,,,,,,,,,,,Start Date,End Date,Start Date,End Date,,Releases In,,,,,,,,,,,,,,80,First Day,Hours,0,Throughout,,,,,,2025-11-19,,2025-11-19,2025-11-28,,,,,,,,,,,,,,,
,,,,,,,,,,,,,,,,,,,,,,,,,,2021-09-20,2021-09-29,2025-11-19,2025-11-28,,-219 Days,,,,,,,,,,,,,,80,Uma Story Ch 1-4,,,,,,,,,Banner Type,1,2025-11-19 22:00:00,2025-11-28 21:59:59,Agnes Digital,Ikuno Dictus,,,,,,,,,,,,,
,,,,,,,,,,,,,,,,,,,,,,,,,,,,,,,,,,,,,,,,,,,,,,,,,,,,,,,JP,,JP Datedif,208,,,,,,,0,0,0,0,2025-11-19 22:00:00,,,,
,,,,,,,,,,,,,,,,,,,,,,,,,,,,,,,,,,,,,,,,,,,,,,,,,,,,,,,Start Date,End Date,Global Datedif,146,,,,,,,,,,,,,,,
,,,,,,,,,,,,,,,,,,,,,,,,,,,,,,,,,,,,,,,,,,,,,,,,,,,,,,,2021-09-20,2021-09-29,D-Day,-219,,,,,,,,,,,,,,,
,,,,,,,,,,,,,,,,,,,,,,,,,,,,,,,,,,,,,,,,,,,,,0,2025-11-28 21:59:59,k3,,,,,,,,Pull Tickets,,Finals Day,-211,,,,,,,,,,,,,,,
,,,,,,,,,,,,,,,,,,,,,,,,,,,,,,,,,,,,,,,,,,,,,0,Last Day,,,,,,,,,Uma,Support,Length,9,,,,,,,,,,,,,,,
,,,,,,,,,,,,,,,,,,,,,,,,,,,,,,,,,,,,,,,,,,,,,,,,,,,,,,,0,0,Dropdown,TRUE,,,,,,,,,,,,,,,
,,,,,,,,,,,,,,,,,,,,,,,,,,,,,,,Agnes Digital,,Ikuno Dictus,,Fine Motion,,,,,,,,,,,,,,,,,,,,Limit Break Crystals,,,,,,,,,,,,,,,,,,
,,,,,,,,,,,,,,,,,,,,,,,,,,,,,,,Dolphin,,Whale,,,,,,,,,,,,,,,,,,,,,,SSR,SR,,,,,,,,,,,,,,,,,
,,,,,,,,,,,,,,,,,,,,,,,,,,,,,,,,,,,,,,,,,,,,,,,,,,,,,,,,,,,,,,,,,,,,,,,,,
,,,,,,,,,,,,,,,,,,,,,,,,,,JP,,Global,,,,,,,,,,,,,,,,,,,,,,,,,,,Date Override,,Start Date,End Date,,,,,,,,,,,,,,,
,,,,,,,,,,,,,,,,,,,,,,,,,,,,,,,,,,,,,,VIDEO EXPLANATION ON THE VIRGO CUP,,,,,,,,,,,,,,,,,2025-11-20,,2025-11-20,2025-11-26,,,,,,,,,,,,,,,
,,,,,,,,,,,,,,,,,,,,,,,,,,,,,,,,,,,,,,,,,,,,,,,,,,,,,,,Banner Type,-1,2025-11-20 22:00:00,2025-11-26 21:59:59,,,,,,,,,,,,,,,
,,,,,,,,,,,,,,,,,,,,,,,,,,,,,,,Goal,,,,,,,,,,,,,,,,,,,,,,,,JP,,JP Datedif,209,,,,,,,0,0,0,0,2025-11-20 22:00:00,0,2025-11-25 21:59:59,,
,,,,,,,,,,,,,,,,,,,,,,,,,,,,,,,,,,,,,,,,,,,,,,,,,,,,,,,Start Date,End Date,Global Datedif,147,,,,,,,,,,,,,,,
,,,,,,,,,,,,,,,,,,,,,,,,,,,,,,,,,,,, ,,,,,,,,,,,,,,,,,,,2021-09-21,2021-09-27,D-Day,-218,,,,,,,,,,,,,,,
,,,,,,,,,,,,,,,,,,,,,,,,,,,,,,,1200,650,867*,400+,1000,,,,,,,,,,,,,,,,,,,,Pull Tickets,,Finals Day,-213,,,,,,,,,,,,,,,
,,,,,,,,,,,,,,,,,,,,,,,,,,,,,,,Recommended,,,,,,,,,,,,,,,,,,,,,,,,Uma,Support,Length,6,,,,,,,,,,,,,,,
,,,,,,,,,,,,,,,,,,,,,,,,,,,,,,,,,,,,,,,,,,,,,,,,,,,,,,,,,Dropdown,TRUE,,,,,,,,,,,,,,,
,,,,,,,,,,,,,,,,,,,,,,,,,,,,,,,,,,,,,,,,,,,,,,,,,,,,,,,Limit Break Crystals,,,,,,,,,,,,,,,,,,
,,,,,,,,,,,,,,,,,,,,,,,,,,,,,,,,,,,,,,,,,,,,,,,,,,,,,,,SSR,SR,,,,,,,,,,,,,,,,,
,,,,,,,,,,,,,,,,,,,,,,,,,,,,,,,,,,,,,,,,,,,,,,,,,,,,,,,,,,,,,,,,,,,,,,,,,
,,,,,,,,,,,,,,,,,,,,,,,,,,JP,,Global,,,,,,,,, ,,,,,,,,0,2025-11-24 22:00:00,k1,0,2025-12-06 21:59:59,,,,,,Date Override,,Start Date,End Date,,,,,,,,,,,,,,,
,,,,,,,,,,,,,,,,,,,,,,,,,,Start Date,End Date,Start Date,End Date,,Releases In,,,,,,,,,,,,,,300,First Day,Hours,2160,Throughout,,,,,,2025-11-24,,2025-11-24,2025-12-06,,,,,,,,,,,,,,,
,,,,,,,,,,,,,,,,,,,,,,,,,,2021-09-29,2021-10-11,2025-11-24,2025-12-06,,-214 Days,,,,,,,,,,,,,,,,,2160,"Event Rewards (Story, Bingo, Event Pt)",,,,,,Banner Type,1,2025-11-24 22:00:00,2025-12-06 21:59:59,Rice Shower (Halloween) + Super Creek (Halloween),Tamamo Cross + Zenno Rob Roy,,,,,,,,,,,,,
,,,,,,,,,,,,,,,,,,,,,,,,,,,,,,,,,,,,,,,,,,,,,,,,,,,,,,,JP,,JP Datedif,217,,,,,,,0,0,0,0,2025-11-24 22:00:00,,,,
,,,,,,,,,,,,,,,,,,,,,,,,,,,,,,,,,,,,,,,,,,,,,,,,,,,,,,,Start Date,End Date,Global Datedif,151,,,,,,,,,,,,,,,
,,,,,,,,,,,,,,,,,,,,,,,,,,,,,,,,,,,,,,,,,,,,,300,Cinderella Gray,,,,,,,,,2021-09-29,2021-10-11,D-Day,-214,,,,,,,,,,,,,,,
,,,,,,,,,,,,,,,,,,,,,,,,,,,,,,,,,,,,,,,,,,,,,0,2025-12-06 21:59:59,k3,,,,,,,,Pull Tickets,,Finals Day,-203,,,,,,,,,,,,,,,
,,,,,,,,,,,,,,,,,,,,,,,,,,,,,,,,,,,,,,,,,,,,,150,Last Day,,,,,,,,,Uma,Support,Length,12,,,,,,,,,,,,,,,
,,,,,,,,,,,,,,,,,,,,,,,,,,,,,,,,,,,,,,,,,,,,,150,Autumn G1 Celebration Missions Part 1 (Sprinters Stakes),,,,,,,,,2,2,Dropdown,TRUE,,,,,,,,,,,,,,,
,,,,,,,,,,,,,,,,,,,,,,,,,,,,,,,Rice Shower,Super Creek,Tamamo Cross,Zenno Rob Roy,,,,,,Mihono Bourbon,,,,,,,,,,,,,,,Limit Break Crystals,,,,,,,,,,,,,,,,,,
,,,,,,,,,,,,,,,,,,,,,,,,,,,,,,,(Halloween),(Halloween),,,,,,,,Must,,,,,,,,,,,,,,,SSR,SR,,,,,,,,,,,,,,,,,
,,,,,,,,,,,,,,,,,,,,,,,,,,,,,,,,,,,,,,,,,,,,,,,,,,,,,,,3,3,,,,,,,,,,,,,,,,,
,,,,,,,,,,,,,,,,,,,,,,,,,,JP,,Global,,,,,,,,,,,,,,,,,0,2025-12-01 22:00:00,k1,0,2025-12-10 21:59:59,,,,,,Date Override,,Start Date,End Date,,,,,,,,,,,,,,,
,,,,,,,,,,,,,,,,,,,,,,,,,,Start Date,End Date,Start Date,End Date,,Releases In,,,,,,,,,,,,,,380,First Day,Hours,750,Throughout,,,,,,2025-12-01,,2025-12-01,2025-12-10,,,,,,,,,,,,,,,
,,,,,,,,,,,,,,,,,,,,,,,,,,2021-10-11,2021-10-20,2025-12-01,2025-12-10,,-207 Days,,,,,,,,,,,,,,80,Uma Story Ch 1-4,,250,Legend Race (Matikanefukukitaru),,,,,,Banner Type,1,2025-12-01 22:00:00,2025-12-10 21:59:59,Kawakami Princess♡,Yaeno Muteki + Seiun Sky,,,,,,,,,,,,,
,,,,,,,,,,,,,,,,,,,,,,,,,,,,,,,,,,,,,,,,,,,,,,,,250,Legend Race (Seiun Sky),,,,,,JP,,JP Datedif,229,,,,,,,0,0,0,0,2025-12-01 22:00:00,,,,
,,,,,,,,,,,,,,,,,,,,,,,,,,,,,,,,,,,,,,,,,,,,,,,,250,Legend Race (Biwa Hayahide),,,,,,Start Date,End Date,Global Datedif,158,,,,,,,,,,,,,,,
,,,,,,,,,,,,,,,,,,,,,,,,,,,,,,,,,,,,,,,,,,,,,300,Cinderella Gray,,,,,,,,,2021-10-11,2021-10-20,D-Day,-207,,,,,,,,,,,,,,,
,,,,,,,,,,,,,,,,,,,,,,,,,,,,,,,,,,,,,,,,,,,,,0,2025-12-10 21:59:59,k3,,,,,,,,Pull Tickets,,Finals Day,-199,,,,,,,,,,,,,,,
,,,,,,,,,,,,,,,,,,,,,,,,,,,,,,,,,,,,,,,,,,,,,150,Last Day,,,,,,,,,Uma,Support,Length,9,,,,,,,,,,,,,,,
,,,,,,,,,,,,,,,,,,,,,,,,,,,,,,,,,,,,,,,,,,,,,150,Autumn G1 Celebration Missions Part 2 (Shuuka Sho),,,,,,,,,0,0,Dropdown,TRUE,,,,,,,,,,,,,,,
,,,,,,,,,,,,,,,,,,,,,,,,,,,,,,,Kawakami Princess♡,,Yaeno Muteki,Seiun Sky,,, ,,,,,,,,,,,,,,,,,,Limit Break Crystals,,,,,,,,,,,,,,,,,,
,,,,,,,,,,,,,,,,,,,,,,,,,,,,,,,,,Whale,,,,,,,,,,,,,,,,,,,,,,SSR,SR,,,,,,,,,,,,,,,,,
,,,,,,,,,,,,,,,,,,,,,,,,,,,,,,,,,,,,,,,,,,,,,,,,,,,,,,,,,,,,,,,,,,,,,,,,,
,,,,,,,,,,,,,,,,,,,,,,,,,,JP,,Global,,,,,,,,,,,,,,,,,0,2025-12-08 22:00:00,k1,0,2025-12-16 21:59:59,,,,,,Date Override,,Start Date,End Date,,,,,,,,,,,,,,,
,,,,,,,,,,,,,,,,,,,,,,,,,,Start Date,End Date,Start Date,End Date,,Releases In,,,,,,,,,,,,,,380,First Day,Hours,0,Throughout,,,,,,2025-12-08,,2025-12-08,2025-12-16,,,,,,,,,,,,,,,
,,,,,,,,,,,,,,,,,,,,,,,,,,2021-10-20,2021-10-28,2025-12-08,2025-12-16,,-200 Days,,,,,,,,,,,,,,80,Uma Story Ch 1-4,,,,,,,,,Banner Type,1,2025-12-08 22:00:00,2025-12-16 21:59:59,Manhattan Cafe,Nakayama Festa Stamina,,,,,,,,,,,,,
,,,,,,,,,,,,,,,,,,,,,,,,,,,,,,,,,,,,,,,,,,,,,,,,,,,,,,,JP,,JP Datedif,238,,,,,,,0,0,0,0,2025-12-08 22:00:00,,,,
,,,,,,,,,,,,,,,,,,,,,,,,,,,,,,,,,,,,,,,,,,,,,,,,,,,,,,,Start Date,End Date,Global Datedif,165,,,,,,,,,,,,,,,
,,,,,,,,,,,,,,,,,,,,,,,,,,,,,,,,,,,,,,,,,,,,,300,Cinderella Gray,,,,,,,,,2021-10-20,2021-10-28,D-Day,-200,,,,,,,,,,,,,,,
,,,,,,,,,,,,,,,,,,,,,,,,,,,,,,,,,,,,,,,,,,,,,0,2025-12-16 21:59:59,k3,,,,,,,,Pull Tickets,,Finals Day,-193,,,,,,,,,,,,,,,
,,,,,,,,,,,,,,,,,,,,,,,,,,,,,,,,,,,,,,,,,,,,,750,Last Day,,,,,,,,,Uma,Support,Length,8,,,,,,,,,,,,,,,
,,,,,,,,,,,,,,,,,,,,,,,,,,,,,,,,,,,,,,,,,,,,,150,Autumn G1 Celebration Missions Part 2 (Kikka Sho),,,,,,,,,0,0,Dropdown,TRUE,,,,,,,,,,,,,,,
,,,,,,,,,,,,,,,,,,,,,,,,,,,,,,,Manhattan Cafe,,Nakayama Festa Stamina,,Sirius Symboli,,,,,,,,,,300,Tracen Academy Special: Master Trainer's Road 2,,,,,,,,,Limit Break Crystals,,,,,,,,,,,,,,,,,,
,,,,,,,,,,,,,,,,,,,,,,,,,,,,,,,,,,,,,,,,,,,,,,,,,,,,,,,SSR,SR,,,,,,,,,,,,,,,,,
,,,,,,,,,,,,,,,,,,,,,,,,,,,,,,,,,,,,,,,,,,,,,300,Cinderella Gray,,,,,,,,,,,,,,,,,,,,,,,,,,,
,,,,,,,,,,,,,,,,,,,,,,,,,,JP,,Global,,,,,,,,,,,,,,,,,,,,,,,,,,,Date Override,,Start Date,End Date,,,,,,,,,,,,,,,
,,,,,,,,,,,,,,,,,,,,,,,,,,,,,,,Finals In,,,,,,,,,,,,,,,,,,,,,,,,2025-12-12,,2025-12-12,2025-12-18,,,,,,,,,,,,,,,
,,,,,,,,,,,,,,,,,,,,,,,,,,,,,,,-191 Days,,,,,,,,,,,,,,,,,,,,,,,,Banner Type,-1,2025-12-12 22:00:00,2025-12-18 21:59:59,,,,,,,,,,,,,,,
,,,,,,,,,,,,,,,,,,,,,,,,,,,,,,,Goal,,,,,,,,,,,,,,,,,,,,,,,,JP,,JP Datedif,240,,,,,,,0,0,0,0,2025-12-12 22:00:00,0,2025-12-17 21:59:59,,
,,,,,,,,,,,,,,,,,,,,,,,,,,,,,,,,,,,,,,,,,,,,,,,,,,,,,,,Start Date,End Date,Global Datedif,169,,,,,,,,,,,,,,,
,,,,,,,,,,,,,,,,,,,,,,,,,,,,,,,,,,,,,,,,,,,,,,,,,,,,,,,2021-10-22,2021-10-28,D-Day,-196,,,,,,,,,,,,,,,
,,,,,,,,,,,,,,,,,,,,,,,,,,,,,,,1200,1050+2G,1000*,450,600*,,,,,,,,,,,,,,,,,,,,Pull Tickets,,Finals Day,-191,,,,,,,,,,,,,,,
,,,,,,,,,,,,,,,,,,,,,,,,,,,,,,,Recommended,,,,,,,,,,,,,,,,,,,,,,,,Uma,Support,Length,6,,,,,,,,,,,,,,,
,,,,,,,,,,,,,,,,,,,,,,,,,,,,,,,,,,,,,,,,,,,,,,,,,,,,,,,,,Dropdown,TRUE,,,,,,,,,,,,,,,
,,,,,,,,,,,,,,,,,,,,,,,,,,,,,,,,,,,,,,,,,,,,,,,,,,,,,,,Limit Break Crystals,,,,,,,,,,,,,,,,,,
,,,,,,,,,,,,,,,,,,,,,,,,,,,,,,,,,,,,,,,,,,,,,,,,,,,,,,,SSR,SR,,,,,,,,,,,,,,,,,
,,,,,,,,,,,,,,,,,,,,,,,,,,,,,,,,,,,,,,,,,,,,,,,,,,,,,,,,,,,,,,,,,,,,,,,,,
,,,,,,,,,,,,,,,,,,,,,,,,,,JP,,Global,,,,,,,,,,,,,,,,,0,2025-12-14 22:00:00,k1,0,2025-12-25 21:59:59,,,,,,Date Override,,Start Date,End Date,,,,,,,,,,,,,,,
,,,,,,,,,,,,,,,,,,,,,,,,,,Start Date,End Date,Start Date,End Date,,Releases In,,,,,,,,,,,,,,0,First Day,Hours,2160,Throughout,,,,,,2025-12-14,,2025-12-14,2025-12-25,,,,,,,,,,,,,,,
,,,,,,,,,,,,,,,,,,,,,,,,,,2021-10-28,2021-11-08,2025-12-14,2025-12-25,,-194 Days,,,,,,,,,,,,,,,,,2160,"Event Rewards (Story, Bingo, Event Pt)",,,,,,Banner Type,1,2025-12-14 22:00:00,2025-12-25 21:59:59,Symboli Rudolf (Festival) + Gold City (Festival),♡Curren Chan♡ + Narita Brian,,,,,,,,,,,,,
,,,,,,,,,,,,,,,,,,,,,,,,,,,,,,,,,,,,,,,,,,,,,,,,,,,,,,,JP,,JP Datedif,246,,,,,,,0,0,0,0,2025-12-14 22:00:00,,,,
,,,,,,,,,,,,,,,,,,,,,,,,,,,,,,,,,,,,,,,,,,,,,,,,,,,,,,,Start Date,End Date,Global Datedif,171,,,,,,,,,,,,,,,
,,,,,,,,,,,,,,,,,,,,,,,,,,,,,,,,,,,,,,,,,,,,,,,,,,,,,,,2021-10-28,2021-11-08,D-Day,-194,,,,,,,,,,,,,,,
,,,,,,,,,,,,,,,,,,,,,,,,,,,,,,,,,,,,,,,,,,,,,0,2025-12-25 21:59:59,k3,,,,,,,,Pull Tickets,,Finals Day,-184,,,,,,,,,,,,,,,
,,,,,,,,,,,,,,,,,,,,,,,,,,,,,,,,,,,,,,,,,,,,,450,Last Day,,,,,,,,,Uma,Support,Length,11,,,,,,,,,,,,,,,
,,,,,,,,,,,,,,,,,,,,,,,,,,,,,,,,,,,,,,,,,,,,,150,Autumn G1 Celebration Missions Part 2 (Tenno Sho (Autumn)),,,,,,,,,2,2,Dropdown,TRUE,,,,,,,,,,,,,,,
,,,,,,,,,,,,,,,,,,,,,,,,,,,,,,,Symboli Rudolf,Gold City,♡Curren Chan♡,Narita Brian,,,,,,Yukino Bijin,,,,,,,,,,,,,,,Limit Break Crystals,,,,,,,,,,,,,,,,,,
,,,,,,,,,,,,,,,,,,,,,,,,,,,,,,,(Festival),(Festival),,,,,,,,Must,,,,,,,,,,,,,,,SSR,SR,,,,,,,,,,,,,,,,,
,,,,,,,,,,,,,,,,,,,,,,,,,,,,,,,,,,,,,,,,,,,,,300,Cinderella Gray,,,,,,,,,3,3,,,,,,,,,,,,,,,,,
,,,,,,,,,,,,,,,,,,,,,,,,,,JP,,Global,,,,,,,,,,,,,,,,,0,2025-12-18 22:00:00,k1,0,2025-12-29 21:59:59,,,,,,Date Override,,Start Date,End Date,,,,,,,,,,,,,,,
,,,,,,,,,,,,,,,,,,,,,,,,,,Start Date,End Date,Start Date,End Date,,Releases In,,,,,,,,,,,,,,80,First Day,Hours,2250,Throughout,,,,,,2025-12-18,,2025-12-18,2025-12-29,,,,,,,,,,,,,,,
,,,,,,,,,,,,,,,,,,,,,,,,,,2021-11-08,2021-11-19,2025-12-18,2025-12-29,,-190 Days,,,,,,,,,,,,,,80,Uma Story Ch 1-4,,1500,Fuji Kiseki's Showtime,,,,,,Banner Type,1,2025-12-18 22:00:00,2025-12-29 21:59:59,Tosen Jordan,Kitasan Black + El Condor Pasa,,,,,,,,,,,,,
,,,,,,,,,,,,,,,,,,,,,,,,,,,,,,,,,,,,,,,,,,,,,,,,,,,,,,,JP,,JP Datedif,257,,,,,,,0,0,0,0,2025-12-18 22:00:00,,,,
,,,,,,,,,,,,,,,,,,,,,,,,,,,,,,,,,,,,,,,,,,,,,,,,250,Legend Race (Air Groove),,,,,,Start Date,End Date,Global Datedif,175,,,,,,,,,,,,,,,
,,,,,,,,,,,,,,,,,,,,,,,,,,,,,,,,,,,,,,,,,,,,,,,,250,Legend Race (Eishin Flash),,,,,,2021-11-08,2021-11-19,D-Day,-190,,,,,,,,,,,,,,,
,,,,,,,,,,,,,,,,,,,,,,,,,,,,,,,,,,,,,,,,,,,,,0,2025-12-29 21:59:59,k3,250,Legend Race (Agnes Digital),,,,,,Pull Tickets,,Finals Day,-180,,,,,,,,,,,,,,,
,,,,,,,,,,,,,,,,,,,,,,,,,,,,,,,,,,,,,,,,,,,,,150,Last Day,,,,,,,,,Uma,Support,Length,11,,,,,,,,,,,,,,,
,,,,,,,,,,,,,,,,,,,,,,,,,,,,,,,,,,,,,,,,,,,,,150,Autumn G1 Celebration Missions Part 3 (Queen Elizabeth Cup),,,,,,,,,0,0,Dropdown,TRUE,,,,,,,,,,,,,,,
,,,,,,,,,,,,,,,,,,,,,,,,,,,,,,,Tosen Jordan,,Kitasan Black,El Condor Pasa,,,,,,,,,,,,,,,,,,,,,Limit Break Crystals,,,,,,,,,,,,,,,,,,
,,,,,,,,,,,,,,,,,,,,,,,,,,,,,,,,,Must Pull,,,,,,,,,,,,,,,,,,,,,,SSR,SR,,,,,,,,,,,,,,,,,
,,,,,,,,,,,,,,,,,,,,,,,,,,,,,,,,,,,,,,,,,,,,,,,,,,,,,,,3,4,,,,,,,,,,,,,,,,,
,,,,,,,,,,,,,,,,,,,,,,,,,,JP,,Global,,,,,,,,,,,,,,,,,0,2025-12-28 22:00:00,k1,0,2026-01-07 21:59:59,,,,,,Date Override,,Start Date,End Date,,,,,,,,,,,,,,,
,,,,,,,,,,,,,,,,,,,,,,,,,,Start Date,End Date,Start Date,End Date,,Releases In,,,,,,,,,,,,,,80,First Day,Hours,0,Throughout,,,,,,2025-12-28,,2025-12-28,2026-01-07,,,,,,,,,,,,,,,
,,,,,,,,,,,,,,,,,,,,,,,,,,2021-11-19,2021-11-29,2025-12-28,2026-01-07,,-180 Days,,,,,,,,,,,,,,80,Uma Story Ch 1-4,,,,,,,,,Banner Type,1,2025-12-28 22:00:00,2026-01-07 21:59:59,Mejiro Dober,Daitaku Helios,,,,,,,,,,,,,
,,,,,,,,,,,,,,,,,,,,,,,,,,,,,,,,,,,,,,,,,,,,,,,,,,,,,,,JP,,JP Datedif,268,,,,,,,0,0,0,0,2025-12-28 22:00:00,,,,
,,,,,,,,,,,,,,,,,,,,,,,,,,,,,,,,,,,,,,,,,,,,,,,,,,,,,,,Start Date,End Date,Global Datedif,185,,,,,,,,,,,,,,,
,,,,,,,,,,,,,,,,,,,,,,,,,,,,,,,,,,,,,,,,,,,,,,,,,,,,,,,2021-11-19,2021-11-29,D-Day,-180,,,,,,,,,,,,,,,
,,,,,,,,,,,,,,,,,,,,,,,,,,,,,,,,,,,,,,,,,,,,,0,2026-01-07 21:59:59,k3,,,,,,,,Pull Tickets,,Finals Day,-171,,,,,,,,,,,,,,,
,,,,,,,,,,,,,,,,,,,,,,,,,,,,,,,,,,,,,,,,,,,,,300,Last Day,,,,,,,,,Uma,Support,Length,10,,,,,,,,,,,,,,,
,,,,,,,,,,,,,,,,,,,,,,,,,,,,,,,,,,,,,,,,,,,,,150,Autumn G1 Celebration Missions Part 3 (Miles Championship),,,,,,,,,0,0,Dropdown,TRUE,,,,,,,,,,,,,,,
,,,,,,,,,,,,,,,,,,,,,,,,,,,,,,,Mejiro Dober,,Daitaku Helios,,Vodka,,,,,,,,,,150,Autumn G1 Celebration Missions Part 3 (Japan Cup),,,,,,,,,Limit Break Crystals,,,,,,,,,,,,,,,,,,
,,,,,,,,,,,,,,,,,,,,,,,,,,,,,,,Dolphin,,,,,,,,,,,,,,,,,,,,,,,,SSR,SR,,,,,,,,,,,,,,,,,
,,,,,,,,,,,,,,,,,,,,,,,,,,,,,,,,,,,,,,,,,,,,,,,,,,,,,,,,,,,,,,,,,,,,,,,,,
,,,,,,,,,,,,,,,,,,,,,,,,,,JP,,Global,,,,,,,,,,,,,,,,,,,,,,,,,,,Date Override,,Start Date,End Date,,,,,,,,,,,,,,,
,,,,,,,,,,,,,,,,,,,,,,,,,,,,,,,Finals In,,,,,,,,,,,,,,,,,,,,,,,,2026-01-01,,2026-01-01,2026-01-07,,,,,,,,,,,,,,,
,,,,,,,,,,,,,,,,,,,,,,,,,,,,,,,-171 Days,,,,,,,,,,,,,,,,,,,,,,,,Banner Type,-1,2026-01-01 22:00:00,2026-01-07 21:59:59,,,,,,,,,,,,,,,
,,,,,,,,,,,,,,,,,,,,,,,,,,,,,,,Goal,,,,,,,,,,,,,,,,,,,,,,,,JP,,JP Datedif,272,,,,,,,0,0,0,0,2026-01-01 22:00:00,0,2026-01-06 21:59:59,,
,,,,,,,,,,,,,,,,,,,,,,,,,,,,,,,,,,,,,,,,,,,,,,,,,,,,,,,Start Date,End Date,Global Datedif,189,,,,,,,,,,,,,,,
,,,,,,,,,,,,,,,,,,,,,,,,,,,,,,,,,,,,,,,,,,,,,,,,,,,,,,,2021-11-23,2021-11-29,D-Day,-176,,,,,,,,,,,,,,,
,,,,,,,,,,,,,,,,,,,,,,,,,,,,,,,1200,950,900,400,900,,,,,,,,,,,,,,,,,,,,Pull Tickets,,Finals Day,-171,,,,,,,,,,,,,,,
,,,,,,,,,,,,,,,,,,,,,,,,,,,,,,,Recommended,,,,,,,,,,,,,,,,,,,,,,,,Uma,Support,Length,6,,,,,,,,,,,,,,,
,,,,,,,,,,,,,,,,,,,,,,,,,,,,,,,,,,,,,,,,,,,,,,,,,,,,,,,,,Dropdown,TRUE,,,,,,,,,,,,,,,
,,,,,,,,,,,,,,,,,,,,,,,,,,,,,,,,,,,,,,,,,,,,,,,,,,,,,,,Limit Break Crystals,,,,,,,,,,,,,,,,,,
,,,,,,,,,,,,,,,,,,,,,,,,,,,,,,,,,,,,,,,,,,,,,,,,,,,,,,,SSR,SR,,,,,,,,,,,,,,,,,
,,,,,,,,,,,,,,,,,,,,,,,,,,,,,,,,,,,,,,,,,,,,,,,,,,,,,,,,,,,,,,,,,,,,,,,,,
,,,,,,,,,,,,,,,,,,,,,,,,,,JP,,Global,,,,,,,,,,,,,,,,,0,2026-01-05 22:00:00,k1,0,2026-01-20 21:59:59,,,,,,Date Override,,Start Date,End Date,,,,,,,,,,,,,,,
,,,,,,,,,,,,,,,,,,,,,,,,,,Start Date,End Date,Start Date,End Date,,Releases In,,,,,,,,,,,,,,0,First Day,Hours,2160,Throughout,,,,,,2026-01-05,,2026-01-05,2026-01-20,,,,,,,,,,,,,,,
,,,,,,,,,,,,,,,,,,,,,,,,,,2021-11-29,2021-12-14,2026-01-05,2026-01-20,,-172 Days,,,,,,,,,,,,,,,,,2160,"Event Rewards (Story, Bingo, Event Pt)",,,,,,Banner Type,1,2026-01-05 22:00:00,2026-01-20 21:59:59,Oguri Cap (Christmas) + Biwa Hayahide (Christmas),Mayano Top Gun + Narita Taishin,,,,,,,,,,,,,
,,,,,,,,,,,,,,,,,,,,,,,,,,,,,,,,,,,,,,,,,,,,,,,,,,,,,,,JP,,JP Datedif,278,,,,,,,0,0,0,0,2026-01-05 22:00:00,,,,
,,,,,,,,,,,,,,,,,,,,,,,,,,,,,,,,,,,,,,,,,,,,,,,,,,,,,,,Start Date,End Date,Global Datedif,193,,,,,,,,,,,,,,,
,,,,,,,,,,,,,,,,,,,,,,,,,,,,,,,,,,,,,,,,,,,,,,,,,,,,,,,2021-11-29,2021-12-14,D-Day,-172,,,,,,,,,,,,,,,
,,,,,,,,,,,,,,,,,,,,,,,,,,,,,,,,,,,,,,,,,,,,,0,2026-01-20 21:59:59,k3,,,,,,,,Pull Tickets,,Finals Day,-158,,,,,,,,,,,,,,,
,,,,,,,,,,,,,,,,,,,,,,,,,,,,,,,,,,,,,,,,,,,,,300,Last Day,,,,,,,,,Uma,Support,Length,15,,,,,,,,,,,,,,,
,,,,,,,,,,,,,,,,,,,,,,,,,,,,,,,,,,,,,,,,,,,,,150,Autumn G1 Celebration Missions Part 3 (Championship Cup),,,,,,,,,2,2,Dropdown,TRUE,,,,,,,,,,,,,,,
,,,,,,,,,,,,,,,,,,,,,,,,,,,,,,,Oguri Cap,Biwa Hayahide,Mayano Top Gun,Narita Taishin,,,,,,Marvelous Sunday,,,,,150,Autumn G1 Celebration Missions Part 3 (Hanshin JF Cup),,,,,,,,,Limit Break Crystals,,,,,,,,,,,,,,,,,,
,,,,,,,,,,,,,,,,,,,,,,,,,,,,,,,(Christmas),(Christmas),,,,,,,,Must,,,,,,,,,,,,,,,SSR,SR,,,,,,,,,,,,,,,,,
,,,,,,,,,,,,,,,,,,,,,,,,,,,,,,,Dolphin,,,,,,,,,,,,,,,,,,,,,,,,3,3,,,,,,,,,,,,,,,,,
,,,,,,,,,,,,,,,,,,,,,,,,,,JP,,Global,,,,,,,,,,,,,,,,,0,2026-01-15 22:00:00,k1,0,2026-01-23 21:59:59,,,,,,Date Override,,Start Date,End Date,,,,,,,,,,,,,,,
,,,,,,,,,,,,,,,,,,,,,,,,,,Start Date,End Date,Start Date,End Date,,Releases In,,,,,,,,,,,,,,80,First Day,Hours,1550,Throughout,,,,,,2026-01-15,,2026-01-15,2026-01-23,,,,,,,,,,,,,,,
,,,,,,,,,,,,,,,,,,,,,,,,,,2021-12-14,2021-12-22,2026-01-15,2026-01-23,,-162 Days,,,,,,,,,,,,,,80,Uma Story Ch 1-4,,1550,Trainer Skill Test,,,,,,Banner Type,1,2026-01-15 22:00:00,2026-01-23 21:59:59,Fine Motion,Manhattan Cafe 30075,,,,,,,,,,,,,
,,,,,,,,,,,,,,,,,,,,,,,,,,,,,,,,,,,,,,,,,,,,,,,,,,,,,,,JP,,JP Datedif,293,,,,,,,0,0,0,0,2026-01-15 22:00:00,,,,
,,,,,,,,,,,,,,,,,,,,,,,,,,,,,,,,,,,,,,,,,,,,,,,,,,,,,,,Start Date,End Date,Global Datedif,203,,,,,,,,,,,,,,,
,,,,,,,,,,,,,,,,,,,,,,,,,,,,,,,,,,,,,,,,,,,,,,,,,,,,,,,2021-12-14,2021-12-22,D-Day,-162,,,,,,,,,,,,,,,
,,,,,,,,,,,,,,,,,,,,,,,,,,,,,,,,,,,,,,,,,,,,,0,2026-01-23 21:59:59,k3,,,,,,,,Pull Tickets,,Finals Day,-155,,,,,,,,,,,,,,,
,,,,,,,,,,,,,,,,,,,,,,,,,,,,,,,,,,,,,,,,,,,,,300,Last Day,,,,,,,,,Uma,Support,Length,8,,,,,,,,,,,,,,,
,,,,,,,,,,,,,,,,,,,,,,,,,,,,,,,,,,,,,,,,,,,,,150,Autumn G1 Celebration Missions Part 3 (Asahi Hai Futurity Stakes),,,,,,,,,3,3,Dropdown,TRUE,,,,,,,,,,,,,,,
,,,,,,,,,,,,,,,,,,,,,,,,,,,,,,,Fine Motion,,Manhattan Cafe 30075,,Inari One,,,,,,,,,,150,Autumn G1 Celebration Missions Part 3 (Arima Kinen),,,,,,,,,Limit Break Crystals,,,,,,,,,,,,,,,,,,
,,,,,,,,,,,,,,,,,,,,,,,,,,,,,,,Whale,,,,,,,,,,,,,,,,,,,,,,,,SSR,SR,,,,,,,,,,,,,,,,,
,,,,,,,,,,,,,,,,,,,,,,,,,,,,,,,,,,,,,,,,,,,,,,,,,,,,,,,1,1,,,,,,,,,,,,,,,,,
,,,,,,,,,,,,,,,,,,,,,,,,,,,,,,,,,,,,,,,,,,,,,,,,,,,,,,,Date Override,,Start Date,End Date,,,,,,,,,,,,,,,
,,,,,,,,,,,,,,,,,,,,,,,,,,,,,,,,,,,,,,,,,,,,,,,,,,,,,,,2026-01-23,,2026-01-23,2026-01-29,,,,,,,,,,,,,,,
,,,,,,,,,,,,,,,,,,,,,,,,,,,,,,,,,,,,,,,,,,,,,,,,,,,,,,,Banner Type,-1,2026-01-23 22:00:00,2026-01-29 21:59:59,,,,,,,,,,,,,,,
,,,,,,,,,,,,,,,,,,,,,,,,,,,,,,,,,,,,,,,,,,,,,,,,,,,,,,,JP,,JP Datedif,300,,,,,,,0,0,0,0,2026-01-23 22:00:00,0,2026-01-28 21:59:59,,
,,,,,,,,,,,,,,,,,,,,,,,,,,,,,,,,,,,,,,,,,,,,,,,,,,,,,,,Start Date,End Date,Global Datedif,211,,,,,,,,,,,,,,,
,,,,,,,,,,,,,,,,,,,,,,,,,,,,,,,,,,,,,,,,,,,,,,,,,,,,,,,2021-12-21,2021-12-27,D-Day,-154,,,,,,,,,,,,,,,
,,,,,,,,,,,,,,,,,,,,,,,,,,,,,,,,850+1G,1100(900),400,900(1100),,,,,,,,,,,,,,,,,,,,Pull Tickets,,Finals Day,-149,,,,,,,,,,,,,,,
,,,,,,,,,,,,,,,,,,,,,,,,,,Firm,Winter,Sunny,,,Recommended,,,,,,,,,,,,,,,,,,,,,,,,Uma,Support,Length,6,,,,,,,,,,,,,,,
,,,,,,,,,,,,,,,,,,,,,,,,,,,,,,,,,,,,,,,,,,,,,,,,,,,,,,,,,Dropdown,TRUE,,,,,,,,,,,,,,,
,,,,,,,,,,,,,,,,,,,,,,,,,,,,,,,,,,,,,,,,,,,,,,,,,,,,,,,Limit Break Crystals,,,,,,,,,,,,,,,,,,
,,,,,,,,,,,,,,,,,,,,,,,,,,,,,,,,,,,,,,,,,,,,,,,,,,,,,,,SSR,SR,,,,,,,,,,,,,,,,,
,,,,,,,,,,,,,,,,,,,,,,,,,,,,,,,,,,,,,,,,,,,,,,,,,,,,,,,,,,,,,,,,,,,,,,,,,
,,,,,,,,,,,,,,,,,,,,,,,,,,JP,,Global,,,,Free Pulls,,,,,,,,,,,,,0,2026-01-22 22:00:00,k1,0,2026-01-31 21:59:59,,,,,,Date Override,,Start Date,End Date,,,,,,,,,,,,,,,
,,,,,,,,,,,,,,,,,,,,,,,,,,Start Date,End Date,Start Date,End Date,,Releases In,Uma,Support,,,,,,,,,,,,560,First Day,Hours,1500,Throughout,,,,,,2026-01-22,,2026-01-22,2026-01-31,,,,,,,,,,,,,,,
,,,,,,,,,,,,,,,,,,,,,,,,,,2021-12-22,2021-12-31,2026-01-22,2026-01-31,,-155 Days,50,0,,,,,,,,,,,,80,Uma Story Ch 1-4,,750,Year-end countdown login bonus,,,,,,Banner Type,1,2026-01-22 22:00:00,2026-01-31 21:59:59,Tamamo Cross,Nice Nature + Oguri Cap,,,,,,,,,,,,,
,,,,,,,,,,,,,,,,,,,,,,,,,,,,,,,,,,,,,,,,,,,,,480,Main Story Reward,,,,,,,,,JP,,JP Datedif,301,,,,,,,0,0,0,0,2026-01-22 22:00:00,,,,
,,,,,,,,,,,,,,,,,,,,,,,,,,,,,,,,,,,,,,,,,,,,,,,,250,Legend Race (Nice Nature),,,,,,Start Date,End Date,Global Datedif,210,,,,,,,,,,,,,,,
,,,,,,,,,,,,,,,,,,,,,,,,,,,,,,,,,,,,,,,,,,,,,,,,250,Legend Race (Grass Wonder),,,,,,2021-12-22,2021-12-31,D-Day,-155,,,,,,,,,,,,,,,
,,,,,,,,,,,,,,,,,,,,,,,,,,,,,,,,,,,,,,,,,,,,,0,2026-01-31 21:59:59,k3,250,Legend Race (Oguri Cap),,,,,,Pull Tickets,,Finals Day,-147,,,,,,,,,,,,,,,
,,,,,,,,,,,,,,,,,,,,,,,,,,,,,,,,,,,,,,,,,,,,,150,Last Day,,,,,,,,,Uma,Support,Length,9,,,,,,,,,,,,,,,
,,,,,,,,,,,,,,,,,,,,,,,,,,,,,,,,,,,,,,,,,,,,,150,Autumn G1 Celebration Missions Part 3 (Hopeful Stakes),,,,,,,,,0,0,Dropdown,TRUE,,,,,,,,,,,,,,,
,,,,,,,,,,,,,,,,,,,,,,,,,,,,,,,Tamamo Cross,,Nice Nature,Oguri Cap,,,,,,,,Silence Suzuka,,,,,,,,,,,,,Limit Break Crystals,,,,,,,,,,,,,,,,,,
,,,,,,,,,,,,,,,,,,,,,,,,,,,,,,,Dolphin,,Dolphin,,,,,,,,,,,,,,,,,,,,,,SSR,SR,,,,,,,,,,,,,,,,,
,,,,,,,,,,,,,,,,,,,,,,,,,,,,,,,40-50x Free Pulls,,,,,,,,,,,,,,,,,,,,,,,,1,2,,,,,,,,,,,,,,,,,
,,,,,,,,,,,,,,,,,,,,,,,,,,JP,,Global,,,,Free Pulls,,,,,,,,,,,,,0,2026-01-29 22:00:00,k1,0,2026-02-09 21:59:59,,,,,,Date Override,,Start Date,End Date,,,,,,,,,,,,,,,
,,,,,,,,,,,,,,,,,,,,,,,,,,Start Date,End Date,Start Date,End Date,,Releases In,Uma,Support,,,,,,,,,,,,1500,First Day,Hours,4860,Throughout,,,,,,2026-01-29,,2026-01-29,2026-02-09,,,,,,,,,,,,,,,
,,,,,,,,,,,,,,,,,,,,,,,,,,2021-12-31,2022-01-11,2026-01-29,2026-02-09,,-148 Days,0,50,,,,,,,,,,,,1500,New Year's Special Login Bonus First Day,,2700,New Year's Login Bonus,,,,,,Banner Type,1,2026-01-29 22:00:00,2026-02-09 21:59:59,Haru Urara (New Year) + TM Opera O (New Year),Matikanefukukitaru + Admire Vega,,,,,,,,,,,,,
,,,,,,,,,,,,,,,,,,,,,,,,,,,,,,,,,,,,,,,,,,,,,,,,2160,"Event Rewards (Story, Bingo, Event Pt)",,,,,,JP,,JP Datedif,310,,,,,,,0,0,0,0,2026-01-29 22:00:00,,,,
,,,,,,,,,,,,,,,,,,,,,,,,,,,,,,,,,,,,,,,,,,,,,,,,,,,,,,,Start Date,End Date,Global Datedif,217,,,,,,,,,,,,,,,
,,,,,,,,,,,,,,,,,,,,,,,,,,,,,,,,,,,,,,,,,,,,,,,,,,,,,,,2021-12-31,2022-01-11,D-Day,-148,,,,,,,,,,,,,,,
,,,,,,,,,,,,,,,,,,,,,,,,,,,,,,,,,,,,,,,,,,,,,0,2026-02-09 21:59:59,k3,,,,,,,,Pull Tickets,,Finals Day,-138,,,,,,,,,,,,,,,
,,,,,,,,,,,,,,,,,,,,,,,,,,,,,,,,,,,,,,,,,,,,,0,Last Day,,,,,,,,,Uma,Support,Length,11,,,,,,,,,,,,,,,
,,,,,,,,,,,,,,,,,,,,,,,,,,,,,,,,,,,,,,,,,,,,,,,,,,,,,,,2,2,Dropdown,TRUE,,,,,,,,,,,,,,,
,,,,,,,,,,,,,,,,,,,,,,,,,,,,,,,Haru Urara,TM Opera O,Matikanefukukitaru,Admire Vega,,,,,,Meisho Doto,,,,,,,,,,,,,,,Limit Break Crystals,,,,,,,,,,,,,,,,,,
,,,,,,,,,,,,,,,,,,,,,,,,,,,,,,,(New Year),(New Year),Dolphin,,,,,,,,,,,,,,,,,,,,,,SSR,SR,,,,,,,,,,,,,,,,,
,,,,,,,,,,,,,,,,,,,,,,,,,,,,,,,,Dolphin,50-60x Free Pulls,,,,,,,,,,,,,,,,,,,,,,3,3,,,,,,,,,,,,,,,,,
,,,,,,,,,,,,,,,,,,,,,,,,,,JP,,Global,,,,,,,,,,,,,,,,,0,2026-02-05 22:00:00,k1,0,2026-02-14 21:59:59,,,,,,Date Override,,Start Date,End Date,,,,,,,,,,,,,,,
,,,,,,,,,,,,,,,,,,,,,,,,,,Start Date,End Date,Start Date,End Date,,Releases In,,,,,,,Do NOT Pull On This Uma Musume Banner,,,,,,,1080,First Day,Hours,0,Throughout,,,,,,2026-02-05,,2026-02-05,2026-02-14,,,,,,,,,,,,,,,
,,,,,,,,,,,,,,,,,,,,,,,,,,2022-01-11,2022-01-20,2026-02-05,2026-02-14,,-141 Days,,,,,,,,,,,,,,80,Uma Story Ch 1-4,,,,,,,,,Banner Type,1,2026-02-05 22:00:00,2026-02-14 21:59:59,(All),S. Anshinzawa,,,,,,,,,,,,,
,,,,,,,,,,,,,,,,,,,,,,,,,,,,,,,,,,,,,,,,,,,,,1000,1st Racing Carnival,,,,,,,,,JP,,JP Datedif,321,,,,,,,0,0,0,0,2026-02-05 22:00:00,,,,
,,,,,,,,,,,,,,,,,,,,,,,,,,,,,,,,,,,,,,,,,,,,,,,,,,,,,,,Start Date,End Date,Global Datedif,224,,,,,,,,,,,,,,,
,,,,,,,,,,,,,,,,,,,,,,,,,,,,,,,,,,,,,,,,,,,,,,,,,,,,,,,2022-01-11,2022-01-20,D-Day,-141,,,,,,,,,,,,,,,
,,,,,,,,,,,,,,,,,,,,,,,,,,,,,,,,,,,,,,,,,,,,,0,2026-02-14 21:59:59,k3,,,,,,,,Pull Tickets,,Finals Day,-133,,,,,,,,,,,,,,,
,,,,,,,,,,,,,,,,,,,,,,,,,,,,,,,,,,,,,,,,,,,,,0,Last Day,,,,,,,,,Uma,Support,Length,9,,,,,,,,,,,,,,,
,,,,,,,,,,,,,,,,,,,,,,,,,,,,,,,,,,,,,,,,,,,,,,,,,,,,,,,3,3,Dropdown,TRUE,,,,,,,,,,,,,,,
,,,,,,,,,,,,,,,,,,,,,,,,,,,,,,,(All),,S. Anshinzawa,,Tamamo Cross,,,,,,,,,,,,,,,,,,,,Limit Break Crystals,,,,,,,,,,,,,,,,,,
,,,,,,,,,,,,,,,,,,,,,,,,,,,,,,,"Pity to Select Any Character
 up to New Years",,,,,,,,,,,,,,,,,,,,,,,,SSR,SR,,,,,,,,,,,,,,,,,
,,,,,,,,,,,,,,,,,,,,,,,,,,,,,,,,,,,,,,,,,,,,,,,,,,,,,,,2,2,,,,,,,,,,,,,,,,,
,,,,,,,,,,,,,,,,,,,,,,,,,,JP,,Global,,,,,,,,,,,,,,,,,0,2026-02-11 22:00:00,k1,0,2026-02-19 21:59:59,,,,,,Date Override,,Start Date,End Date,,,,,,,,,,,,,,,
,,,,,,,,,,,,,,,,,,,,,,,,,,Start Date,End Date,Start Date,End Date,,Releases In,,,,,,,,,,,,,,80,First Day,Hours,0,Throughout,,,,,,2026-02-11,,2026-02-11,2026-02-19,,,,,,,,,,,,,,,
,,,,,,,,,,,,,,,,,,,,,,,,,,2022-01-20,2022-01-28,2026-02-11,2026-02-19,,-135 Days,,,,,,,,,,,,,,80,Uma Story Ch 1-4,,,,,,,,,Banner Type,1,2026-02-11 22:00:00,2026-02-19 21:59:59,Sakura Chiyono O,Tazuna + Riko Kashimoto,,,,,,,,,,,,,
,,,,,,,,,,,,,,,,,,,,,,,,,,,,,,,,,,,,,,,,,,,,,,,,,,,,,,,JP,,JP Datedif,330,,,,,,,0,0,0,0,2026-02-11 22:00:00,,,,
,,,,,,,,,,,,,,,,,,,,,,,,,,,,,,,,,,,,,,,,,,,,,,,,,,,,,,,Start Date,End Date,Global Datedif,230,,,,,,,,,,,,,,,
,,,,,,,,,,,,,,,,,,,,,,,,,,,,,,,,,,,,,,,,,,,,,,,,,,,,,,,2022-01-20,2022-01-28,D-Day,-135,,,,,,,,,,,,,,,
,,,,,,,,,,,,,,,,,,,,,,,,,,,,,,,,,,,,,,,,,,,,,0,2026-02-19 21:59:59,k3,,,,,,,,Pull Tickets,,Finals Day,-128,,,,,,,,,,,,,,,
,,,,,,,,,,,,,,,,,,,,,,,,,,,,,,,,,,,,,,,,,,,,,0,Last Day,,,,,,,,,Uma,Support,Length,8,,,,,,,,,,,,,,,
,Banner 26,Banner 27,Banner 28,Banner 29,Banner 30,Banner 31,Banner 32,Banner 33,Banner 34,Banner 35,Banner 36,Banner 37,Banner 38,Banner 39,Banner 40,Banner 41,Banner 42,Banner 43,Banner 44,Banner 45,Banner 46,Banner 47,Banner 48,Banner 49,Banner 50,,,,,,,,,,,,,,,,,,,,,,,,,,,,,,0,0,Dropdown,TRUE,,,,,,,,,,,,,,,
,Uma,Uma,Uma,Uma,Uma,Uma,Uma,Uma,Uma,Uma,Uma,Uma,Uma,Uma,Uma,Uma,Uma,Uma,Uma,Uma,Uma,Uma,Uma,Uma,Uma,,,,,,Sakura Chiyono O,,Tazuna,Riko Kashimoto,,,,,,,,,,,,,,,,,,,,,Limit Break Crystals,,,,,,,,,,,,,,,,,,
,N/A,N/A,N/A,N/A,N/A,N/A,N/A,N/A,N/A,N/A,N/A,N/A,N/A,N/A,N/A,N/A,N/A,N/A,N/A,N/A,N/A,N/A,N/A,N/A,N/A,,,,,,Whale,,BAIT,BAIT,,,,,,,,,,,,,,,,,,,,,SSR,SR,,,,,,,,,,,,,,,,,
,Air Shakur,Air Shakur,Air Shakur,Air Shakur,Air Shakur,Air Shakur,Air Shakur,Air Shakur,Air Shakur,Air Shakur,Air Shakur,Air Shakur,Air Shakur,Air Shakur,Air Shakur,Air Shakur,Air Shakur,Air Shakur,Air Shakur,Air Shakur,Air Shakur,Air Shakur,Air Shakur,Air Shakur,Air Shakur,,,,,,,,,,,,,,,,,,,,,,,,,,,,,,,,,,,,,,,,,,,,,,,,
,Seiun Sky (Rerun) + Narita Brian (Rerun),Seiun Sky (Rerun) + Narita Brian (Rerun),Seiun Sky (Rerun) + Narita Brian (Rerun),Seiun Sky (Rerun) + Narita Brian (Rerun),Seiun Sky (Rerun) + Narita Brian (Rerun),Seiun Sky (Rerun) + Narita Brian (Rerun),Seiun Sky (Rerun) + Narita Brian (Rerun),Seiun Sky (Rerun) + Narita Brian (Rerun),Seiun Sky (Rerun) + Narita Brian (Rerun),Seiun Sky (Rerun) + Narita Brian (Rerun),Seiun Sky (Rerun) + Narita Brian (Rerun),Seiun Sky (Rerun) + Narita Brian (Rerun),Seiun Sky (Rerun) + Narita Brian (Rerun),Seiun Sky (Rerun) + Narita Brian (Rerun),Seiun Sky (Rerun) + Narita Brian (Rerun),Seiun Sky (Rerun) + Narita Brian (Rerun),Seiun Sky (Rerun) + Narita Brian (Rerun),Seiun Sky (Rerun) + Narita Brian (Rerun),Seiun Sky (Rerun) + Narita Brian (Rerun),Seiun Sky (Rerun) + Narita Brian (Rerun),Seiun Sky (Rerun) + Narita Brian (Rerun),Seiun Sky (Rerun) + Narita Brian (Rerun),Seiun Sky (Rerun) + Narita Brian (Rerun),Seiun Sky (Rerun) + Narita Brian (Rerun),Seiun Sky (Rerun) + Narita Brian (Rerun),,,,,,,,,,,,,,,,,,,,,,,,,,,,,,Date Override,,Start Date,End Date,,,,,,,,,,,,,,,
,Mejiro McQueen (Summer) + Gold Ship (Summer),Mejiro McQueen (Summer) + Gold Ship (Summer),Mejiro McQueen (Summer) + Gold Ship (Summer),Mejiro McQueen (Summer) + Gold Ship (Summer),Mejiro McQueen (Summer) + Gold Ship (Summer),Mejiro McQueen (Summer) + Gold Ship (Summer),Mejiro McQueen (Summer) + Gold Ship (Summer),Mejiro McQueen (Summer) + Gold Ship (Summer),Mejiro McQueen (Summer) + Gold Ship (Summer),Mejiro McQueen (Summer) + Gold Ship (Summer),Mejiro McQueen (Summer) + Gold Ship (Summer),Mejiro McQueen (Summer) + Gold Ship (Summer),Mejiro McQueen (Summer) + Gold Ship (Summer),Mejiro McQueen (Summer) + Gold Ship (Summer),Mejiro McQueen (Summer) + Gold Ship (Summer),Mejiro McQueen (Summer) + Gold Ship (Summer),Mejiro McQueen (Summer) + Gold Ship (Summer),Mejiro McQueen (Summer) + Gold Ship (Summer),Mejiro McQueen (Summer) + Gold Ship (Summer),Mejiro McQueen (Summer) + Gold Ship (Summer),Mejiro McQueen (Summer) + Gold Ship (Summer),Mejiro McQueen (Summer) + Gold Ship (Summer),Mejiro McQueen (Summer) + Gold Ship (Summer),Mejiro McQueen (Summer) + Gold Ship (Summer),Mejiro McQueen (Summer) + Gold Ship (Summer),,,,,,,,,,,,,,,,,,,,,,,,,,,,,,2026-02-13,,2026-02-13,2026-02-19,,,,,,,,,,,,,,,
,Bamboo Memory,Bamboo Memory,Bamboo Memory,Bamboo Memory,Bamboo Memory,Bamboo Memory,Bamboo Memory,Bamboo Memory,Bamboo Memory,Bamboo Memory,Bamboo Memory,Bamboo Memory,Bamboo Memory,Bamboo Memory,Bamboo Memory,Bamboo Memory,Bamboo Memory,Bamboo Memory,Bamboo Memory,Bamboo Memory,Bamboo Memory,Bamboo Memory,Bamboo Memory,Bamboo Memory,Bamboo Memory,,,,,,,,,,,,,,,,,,,,,,,,,,,,,,Banner Type,-1,2026-02-13 22:00:00,2026-02-19 21:59:59,,,,,,,,,,,,,,,
,Copano Rickey,Copano Rickey,Copano Rickey,Copano Rickey,Copano Rickey,Copano Rickey,Copano Rickey,Copano Rickey,Copano Rickey,Copano Rickey,Copano Rickey,Copano Rickey,Copano Rickey,Copano Rickey,Copano Rickey,Copano Rickey,Copano Rickey,Copano Rickey,Copano Rickey,Copano Rickey,Copano Rickey,Copano Rickey,Copano Rickey,Copano Rickey,Copano Rickey,,,,,,,,,,,,,,,,,,,,,,,,,,,,,,JP,,JP Datedif,332,,,,,,,0,0,0,0,2026-02-13 22:00:00,0,2026-02-18 21:59:59,,
,Smart Falcon (Grand Live),Smart Falcon (Grand Live),Smart Falcon (Grand Live),Smart Falcon (Grand Live),Smart Falcon (Grand Live),Smart Falcon (Grand Live),Smart Falcon (Grand Live),Smart Falcon (Grand Live),Smart Falcon (Grand Live),Smart Falcon (Grand Live),Smart Falcon (Grand Live),Smart Falcon (Grand Live),Smart Falcon (Grand Live),Smart Falcon (Grand Live),Smart Falcon (Grand Live),Smart Falcon (Grand Live),Smart Falcon (Grand Live),Smart Falcon (Grand Live),Smart Falcon (Grand Live),Smart Falcon (Grand Live),Smart Falcon (Grand Live),Smart Falcon (Grand Live),Smart Falcon (Grand Live),Smart Falcon (Grand Live),Smart Falcon (Grand Live),,,,,,,,,,,,,,,,,,,,,,,,,,,,,,Start Date,End Date,Global Datedif,232,,,,,,,,,,,,,,,
,Winning Ticket (Steampunk) + Narita Taishin (Steampunk),Winning Ticket (Steampunk) + Narita Taishin (Steampunk),Winning Ticket (Steampunk) + Narita Taishin (Steampunk),Winning Ticket (Steampunk) + Narita Taishin (Steampunk),Winning Ticket (Steampunk) + Narita Taishin (Steampunk),Winning Ticket (Steampunk) + Narita Taishin (Steampunk),Winning Ticket (Steampunk) + Narita Taishin (Steampunk),Winning Ticket (Steampunk) + Narita Taishin (Steampunk),Winning Ticket (Steampunk) + Narita Taishin (Steampunk),Winning Ticket (Steampunk) + Narita Taishin (Steampunk),Winning Ticket (Steampunk) + Narita Taishin (Steampunk),Winning Ticket (Steampunk) + Narita Taishin (Steampunk),Winning Ticket (Steampunk) + Narita Taishin (Steampunk),Winning Ticket (Steampunk) + Narita Taishin (Steampunk),Winning Ticket (Steampunk) + Narita Taishin (Steampunk),Winning Ticket (Steampunk) + Narita Taishin (Steampunk),Winning Ticket (Steampunk) + Narita Taishin (Steampunk),Winning Ticket (Steampunk) + Narita Taishin (Steampunk),Winning Ticket (Steampunk) + Narita Taishin (Steampunk),Winning Ticket (Steampunk) + Narita Taishin (Steampunk),Winning Ticket (Steampunk) + Narita Taishin (Steampunk),Winning Ticket (Steampunk) + Narita Taishin (Steampunk),Winning Ticket (Steampunk) + Narita Taishin (Steampunk),Winning Ticket (Steampunk) + Narita Taishin (Steampunk),Winning Ticket (Steampunk) + Narita Taishin (Steampunk),,,,,,,,,,,,,,,,,,,,,,,,,,,,,,2022-01-22,2022-01-28,D-Day,-133,,,,,,,,,,,,,,,
,Yukino Bijin,Yukino Bijin,Yukino Bijin,Yukino Bijin,Yukino Bijin,Yukino Bijin,Yukino Bijin,Yukino Bijin,Yukino Bijin,Yukino Bijin,Yukino Bijin,Yukino Bijin,Yukino Bijin,Yukino Bijin,Yukino Bijin,Yukino Bijin,Yukino Bijin,Yukino Bijin,Yukino Bijin,Yukino Bijin,Yukino Bijin,Yukino Bijin,Yukino Bijin,Yukino Bijin,Yukino Bijin,,,,,,,300,1100+,400+,900+,,,,,,,,,,,,,,,,,,,,Pull Tickets,,Finals Day,-128,,,,,,,,,,,,,,,
,Seeking the Pearl,Seeking the Pearl,Seeking the Pearl,Seeking the Pearl,Seeking the Pearl,Seeking the Pearl,Seeking the Pearl,Seeking the Pearl,Seeking the Pearl,Seeking the Pearl,Seeking the Pearl,Seeking the Pearl,Seeking the Pearl,Seeking the Pearl,Seeking the Pearl,Seeking the Pearl,Seeking the Pearl,Seeking the Pearl,Seeking the Pearl,Seeking the Pearl,Seeking the Pearl,Seeking the Pearl,Seeking the Pearl,Seeking the Pearl,Seeking the Pearl,,,,,,,,,,,,,,,,,,,,,,,,,,,,,,Uma,Support,Length,6,,,,,,,,,,,,,,,
,Agnes Digital (Halloween) + Meisho Doto (Halloween),Agnes Digital (Halloween) + Meisho Doto (Halloween),Agnes Digital (Halloween) + Meisho Doto (Halloween),Agnes Digital (Halloween) + Meisho Doto (Halloween),Agnes Digital (Halloween) + Meisho Doto (Halloween),Agnes Digital (Halloween) + Meisho Doto (Halloween),Agnes Digital (Halloween) + Meisho Doto (Halloween),Agnes Digital (Halloween) + Meisho Doto (Halloween),Agnes Digital (Halloween) + Meisho Doto (Halloween),Agnes Digital (Halloween) + Meisho Doto (Halloween),Agnes Digital (Halloween) + Meisho Doto (Halloween),Agnes Digital (Halloween) + Meisho Doto (Halloween),Agnes Digital (Halloween) + Meisho Doto (Halloween),Agnes Digital (Halloween) + Meisho Doto (Halloween),Agnes Digital (Halloween) + Meisho Doto (Halloween),Agnes Digital (Halloween) + Meisho Doto (Halloween),Agnes Digital (Halloween) + Meisho Doto (Halloween),Agnes Digital (Halloween) + Meisho Doto (Halloween),Agnes Digital (Halloween) + Meisho Doto (Halloween),Agnes Digital (Halloween) + Meisho Doto (Halloween),Agnes Digital (Halloween) + Meisho Doto (Halloween),Agnes Digital (Halloween) + Meisho Doto (Halloween),Agnes Digital (Halloween) + Meisho Doto (Halloween),Agnes Digital (Halloween) + Meisho Doto (Halloween),Agnes Digital (Halloween) + Meisho Doto (Halloween),,,,,,,,,,,,,,,,,,,,,,,,,,,,,,,,Dropdown,TRUE,,,,,,,,,,,,,,,
,Aston Machan,Aston Machan,Aston Machan,Aston Machan,Aston Machan,Aston Machan,Aston Machan,Aston Machan,Aston Machan,Aston Machan,Aston Machan,Aston Machan,Aston Machan,Aston Machan,Aston Machan,Aston Machan,Aston Machan,Aston Machan,Aston Machan,Aston Machan,Aston Machan,Aston Machan,Aston Machan,Aston Machan,Aston Machan,,,,,,,,,,,,,,,,,,,,,,,,,,,,,,Limit Break Crystals,,,,,,,,,,,,,,,,,,
,Seeking the Pearl (Rerun),Seeking the Pearl (Rerun),Seeking the Pearl (Rerun),Seeking the Pearl (Rerun),Seeking the Pearl (Rerun),Seeking the Pearl (Rerun),Seeking the Pearl (Rerun),Seeking the Pearl (Rerun),Seeking the Pearl (Rerun),Seeking the Pearl (Rerun),Seeking the Pearl (Rerun),Seeking the Pearl (Rerun),Seeking the Pearl (Rerun),Seeking the Pearl (Rerun),Seeking the Pearl (Rerun),Seeking the Pearl (Rerun),Seeking the Pearl (Rerun),Seeking the Pearl (Rerun),Seeking the Pearl (Rerun),Seeking the Pearl (Rerun),Seeking the Pearl (Rerun),Seeking the Pearl (Rerun),Seeking the Pearl (Rerun),Seeking the Pearl (Rerun),Seeking the Pearl (Rerun),,,,,,,,,,,,,,,,,,,,,,,,,,,,,,SSR,SR,,,,,,,,,,,,,,,,,
,Yamanin Zephyr,Yamanin Zephyr,Yamanin Zephyr,Yamanin Zephyr,Yamanin Zephyr,Yamanin Zephyr,Yamanin Zephyr,Yamanin Zephyr,Yamanin Zephyr,Yamanin Zephyr,Yamanin Zephyr,Yamanin Zephyr,Yamanin Zephyr,Yamanin Zephyr,Yamanin Zephyr,Yamanin Zephyr,Yamanin Zephyr,Yamanin Zephyr,Yamanin Zephyr,Yamanin Zephyr,Yamanin Zephyr,Yamanin Zephyr,Yamanin Zephyr,Yamanin Zephyr,Yamanin Zephyr,,,,,,,,,,,,,,,,,,,,,,,,,,,,,,,,,,,,,,,,,,,,,,,,
,Tamamo Cross (Festival) + Inari One (Festival),Tamamo Cross (Festival) + Inari One (Festival),Tamamo Cross (Festival) + Inari One (Festival),Tamamo Cross (Festival) + Inari One (Festival),Tamamo Cross (Festival) + Inari One (Festival),Tamamo Cross (Festival) + Inari One (Festival),Tamamo Cross (Festival) + Inari One (Festival),Tamamo Cross (Festival) + Inari One (Festival),Tamamo Cross (Festival) + Inari One (Festival),Tamamo Cross (Festival) + Inari One (Festival),Tamamo Cross (Festival) + Inari One (Festival),Tamamo Cross (Festival) + Inari One (Festival),Tamamo Cross (Festival) + Inari One (Festival),Tamamo Cross (Festival) + Inari One (Festival),Tamamo Cross (Festival) + Inari One (Festival),Tamamo Cross (Festival) + Inari One (Festival),Tamamo Cross (Festival) + Inari One (Festival),Tamamo Cross (Festival) + Inari One (Festival),Tamamo Cross (Festival) + Inari One (Festival),Tamamo Cross (Festival) + Inari One (Festival),Tamamo Cross (Festival) + Inari One (Festival),Tamamo Cross (Festival) + Inari One (Festival),Tamamo Cross (Festival) + Inari One (Festival),Tamamo Cross (Festival) + Inari One (Festival),Tamamo Cross (Festival) + Inari One (Festival),JP,,Global,,,,,,,,,,,,,,,,,0,2026-02-18 22:00:00,k1,0,2026-03-01 21:59:59,,,,,,Date Override,,Start Date,End Date,,,,,,,,,,,,,,,
,Nakayama Festa,Nakayama Festa,Nakayama Festa,Nakayama Festa,Nakayama Festa,Nakayama Festa,Nakayama Festa,Nakayama Festa,Nakayama Festa,Nakayama Festa,Nakayama Festa,Nakayama Festa,Nakayama Festa,Nakayama Festa,Nakayama Festa,Nakayama Festa,Nakayama Festa,Nakayama Festa,Nakayama Festa,Nakayama Festa,Nakayama Festa,Nakayama Festa,Nakayama Festa,Nakayama Festa,Nakayama Festa,Start Date,End Date,Start Date,End Date,,Releases In,,,,,,,,,,,,,,0,First Day,Hours,2160,Throughout,,,,,,2026-02-18,,2026-02-18,2026-03-01,,,,,,,,,,,,,,,
,Wonder Acute,Wonder Acute,Wonder Acute,Wonder Acute,Wonder Acute,Wonder Acute,Wonder Acute,Wonder Acute,Wonder Acute,Wonder Acute,Wonder Acute,Wonder Acute,Wonder Acute,Wonder Acute,Wonder Acute,Wonder Acute,Wonder Acute,Wonder Acute,Wonder Acute,Wonder Acute,Wonder Acute,Wonder Acute,Wonder Acute,Wonder Acute,Wonder Acute,2022-01-28,2022-02-08,2026-02-18,2026-03-01,,-128 Days,,,,,,,,,,,,,,,,,2160,"Event Rewards (Story, Bingo, Event Pt)",,,,,,Banner Type,1,2026-02-18 22:00:00,2026-03-01 21:59:59,Mihono Bourbon (Valentine) + Eishin Flash (Valentine),Sakura Bakushin O + Nishino Flower,,,,,,,,,,,,,
,Vodka (Christmas) + Daiwa Scarlet (Christmas),Vodka (Christmas) + Daiwa Scarlet (Christmas),Vodka (Christmas) + Daiwa Scarlet (Christmas),Vodka (Christmas) + Daiwa Scarlet (Christmas),Vodka (Christmas) + Daiwa Scarlet (Christmas),Vodka (Christmas) + Daiwa Scarlet (Christmas),Vodka (Christmas) + Daiwa Scarlet (Christmas),Vodka (Christmas) + Daiwa Scarlet (Christmas),Vodka (Christmas) + Daiwa Scarlet (Christmas),Vodka (Christmas) + Daiwa Scarlet (Christmas),Vodka (Christmas) + Daiwa Scarlet (Christmas),Vodka (Christmas) + Daiwa Scarlet (Christmas),Vodka (Christmas) + Daiwa Scarlet (Christmas),Vodka (Christmas) + Daiwa Scarlet (Christmas),Vodka (Christmas) + Daiwa Scarlet (Christmas),Vodka (Christmas) + Daiwa Scarlet (Christmas),Vodka (Christmas) + Daiwa Scarlet (Christmas),Vodka (Christmas) + Daiwa Scarlet (Christmas),Vodka (Christmas) + Daiwa Scarlet (Christmas),Vodka (Christmas) + Daiwa Scarlet (Christmas),Vodka (Christmas) + Daiwa Scarlet (Christmas),Vodka (Christmas) + Daiwa Scarlet (Christmas),Vodka (Christmas) + Daiwa Scarlet (Christmas),Vodka (Christmas) + Daiwa Scarlet (Christmas),Vodka (Christmas) + Daiwa Scarlet (Christmas),,,,,,,,,,,,,,,,,,,,,,,,,,,,,,JP,,JP Datedif,338,,,,,,,0,0,0,0,2026-02-18 22:00:00,,,,
,Zenno Rob Roy,Zenno Rob Roy,Zenno Rob Roy,Zenno Rob Roy,Zenno Rob Roy,Zenno Rob Roy,Zenno Rob Roy,Zenno Rob Roy,Zenno Rob Roy,Zenno Rob Roy,Zenno Rob Roy,Zenno Rob Roy,Zenno Rob Roy,Zenno Rob Roy,Zenno Rob Roy,Zenno Rob Roy,Zenno Rob Roy,Zenno Rob Roy,Zenno Rob Roy,Zenno Rob Roy,Zenno Rob Roy,Zenno Rob Roy,Zenno Rob Roy,Zenno Rob Roy,Zenno Rob Roy,,,,,,,,,,,,,,,,,,,,,,,,,,,,,,Start Date,End Date,Global Datedif,237,,,,,,,,,,,,,,,
,Narita Brian (Blaze),Narita Brian (Blaze),Narita Brian (Blaze),Narita Brian (Blaze),Narita Brian (Blaze),Narita Brian (Blaze),Narita Brian (Blaze),Narita Brian (Blaze),Narita Brian (Blaze),Narita Brian (Blaze),Narita Brian (Blaze),Narita Brian (Blaze),Narita Brian (Blaze),Narita Brian (Blaze),Narita Brian (Blaze),Narita Brian (Blaze),Narita Brian (Blaze),Narita Brian (Blaze),Narita Brian (Blaze),Narita Brian (Blaze),Narita Brian (Blaze),Narita Brian (Blaze),Narita Brian (Blaze),Narita Brian (Blaze),Narita Brian (Blaze),,,,,,,,,,,,,,,,,,,,,,,,,,,,,,2022-01-28,2022-02-08,D-Day,-128,,,,,,,,,,,,,,,
,Kitasan Black (New Year) + Satono Diamond (New Year),Kitasan Black (New Year) + Satono Diamond (New Year),Kitasan Black (New Year) + Satono Diamond (New Year),Kitasan Black (New Year) + Satono Diamond (New Year),Kitasan Black (New Year) + Satono Diamond (New Year),Kitasan Black (New Year) + Satono Diamond (New Year),Kitasan Black (New Year) + Satono Diamond (New Year),Kitasan Black (New Year) + Satono Diamond (New Year),Kitasan Black (New Year) + Satono Diamond (New Year),Kitasan Black (New Year) + Satono Diamond (New Year),Kitasan Black (New Year) + Satono Diamond (New Year),Kitasan Black (New Year) + Satono Diamond (New Year),Kitasan Black (New Year) + Satono Diamond (New Year),Kitasan Black (New Year) + Satono Diamond (New Year),Kitasan Black (New Year) + Satono Diamond (New Year),Kitasan Black (New Year) + Satono Diamond (New Year),Kitasan Black (New Year) + Satono Diamond (New Year),Kitasan Black (New Year) + Satono Diamond (New Year),Kitasan Black (New Year) + Satono Diamond (New Year),Kitasan Black (New Year) + Satono Diamond (New Year),Kitasan Black (New Year) + Satono Diamond (New Year),Kitasan Black (New Year) + Satono Diamond (New Year),Kitasan Black (New Year) + Satono Diamond (New Year),Kitasan Black (New Year) + Satono Diamond (New Year),Kitasan Black (New Year) + Satono Diamond (New Year),,,,,,,,,,,,,,,,,,,,0,2026-03-01 21:59:59,k3,,,,,,,,Pull Tickets,,Finals Day,-118,,,,,,,,,,,,,,,
,Hokko Tarumae,Hokko Tarumae,Hokko Tarumae,Hokko Tarumae,Hokko Tarumae,Hokko Tarumae,Hokko Tarumae,Hokko Tarumae,Hokko Tarumae,Hokko Tarumae,Hokko Tarumae,Hokko Tarumae,Hokko Tarumae,Hokko Tarumae,Hokko Tarumae,Hokko Tarumae,Hokko Tarumae,Hokko Tarumae,Hokko Tarumae,Hokko Tarumae,Hokko Tarumae,Hokko Tarumae,Hokko Tarumae,Hokko Tarumae,Hokko Tarumae,,,,,,,,,,,,,,,,,,,,0,Last Day,,,,,,,,,Uma,Support,Length,11,,,,,,,,,,,,,,,
,Daitaku Helios,Daitaku Helios,Daitaku Helios,Daitaku Helios,Daitaku Helios,Daitaku Helios,Daitaku Helios,Daitaku Helios,Daitaku Helios,Daitaku Helios,Daitaku Helios,Daitaku Helios,Daitaku Helios,Daitaku Helios,Daitaku Helios,Daitaku Helios,Daitaku Helios,Daitaku Helios,Daitaku Helios,Daitaku Helios,Daitaku Helios,Daitaku Helios,Daitaku Helios,Daitaku Helios,Daitaku Helios,,,,,,,,,,,,,,,,,,,,,,,,,,,,,,2,2,Dropdown,TRUE,,,,,,,,,,,,,,,
,Rice Shower (Halloween) + Haru Urara (New Year),Rice Shower (Halloween) + Haru Urara (New Year),Rice Shower (Halloween) + Haru Urara (New Year),Rice Shower (Halloween) + Haru Urara (New Year),Rice Shower (Halloween) + Haru Urara (New Year),Rice Shower (Halloween) + Haru Urara (New Year),Rice Shower (Halloween) + Haru Urara (New Year),Rice Shower (Halloween) + Haru Urara (New Year),Rice Shower (Halloween) + Haru Urara (New Year),Rice Shower (Halloween) + Haru Urara (New Year),Rice Shower (Halloween) + Haru Urara (New Year),Rice Shower (Halloween) + Haru Urara (New Year),Rice Shower (Halloween) + Haru Urara (New Year),Rice Shower (Halloween) + Haru Urara (New Year),Rice Shower (Halloween) + Haru Urara (New Year),Rice Shower (Halloween) + Haru Urara (New Year),Rice Shower (Halloween) + Haru Urara (New Year),Rice Shower (Halloween) + Haru Urara (New Year),Rice Shower (Halloween) + Haru Urara (New Year),Rice Shower (Halloween) + Haru Urara (New Year),Rice Shower (Halloween) + Haru Urara (New Year),Rice Shower (Halloween) + Haru Urara (New Year),Rice Shower (Halloween) + Haru Urara (New Year),Rice Shower (Halloween) + Haru Urara (New Year),Rice Shower (Halloween) + Haru Urara (New Year),,,,,,Mihono Bourbon,Eishin Flash,Sakura Bakushin O,Nishino Flower,,,,SSR Uncap Crystal,,Tosen Jordan,,,,,,,,,,,,,,,Limit Break Crystals,,,,,,,,,,,,,,,,,,
,Ines Fujin (Valentine) + Mejiro Ryan (Valentine),Ines Fujin (Valentine) + Mejiro Ryan (Valentine),Ines Fujin (Valentine) + Mejiro Ryan (Valentine),Ines Fujin (Valentine) + Mejiro Ryan (Valentine),Ines Fujin (Valentine) + Mejiro Ryan (Valentine),Ines Fujin (Valentine) + Mejiro Ryan (Valentine),Ines Fujin (Valentine) + Mejiro Ryan (Valentine),Ines Fujin (Valentine) + Mejiro Ryan (Valentine),Ines Fujin (Valentine) + Mejiro Ryan (Valentine),Ines Fujin (Valentine) + Mejiro Ryan (Valentine),Ines Fujin (Valentine) + Mejiro Ryan (Valentine),Ines Fujin (Valentine) + Mejiro Ryan (Valentine),Ines Fujin (Valentine) + Mejiro Ryan (Valentine),Ines Fujin (Valentine) + Mejiro Ryan (Valentine),Ines Fujin (Valentine) + Mejiro Ryan (Valentine),Ines Fujin (Valentine) + Mejiro Ryan (Valentine),Ines Fujin (Valentine) + Mejiro Ryan (Valentine),Ines Fujin (Valentine) + Mejiro Ryan (Valentine),Ines Fujin (Valentine) + Mejiro Ryan (Valentine),Ines Fujin (Valentine) + Mejiro Ryan (Valentine),Ines Fujin (Valentine) + Mejiro Ryan (Valentine),Ines Fujin (Valentine) + Mejiro Ryan (Valentine),Ines Fujin (Valentine) + Mejiro Ryan (Valentine),Ines Fujin (Valentine) + Mejiro Ryan (Valentine),Ines Fujin (Valentine) + Mejiro Ryan (Valentine),,,,,,(Valentine),(Valentine),Whale,,,,,Enough Fragments to Complete a Crystal,,,,,,,,,,,,,,,,,SSR,SR,,,,,,,,,,,,,,,,,
,Shinko Windy,Shinko Windy,Shinko Windy,Shinko Windy,Shinko Windy,Shinko Windy,Shinko Windy,Shinko Windy,Shinko Windy,Shinko Windy,Shinko Windy,Shinko Windy,Shinko Windy,Shinko Windy,Shinko Windy,Shinko Windy,Shinko Windy,Shinko Windy,Shinko Windy,Shinko Windy,Shinko Windy,Shinko Windy,Shinko Windy,Shinko Windy,Shinko Windy,,,,,,Dolphin,,,,,,,,,,,,,,,,,,,,,,,,3,3,,,,,,,,,,,,,,,,,
,Mr. C.B. + Twin Turbo,Mr. C.B. + Twin Turbo,Mr. C.B. + Twin Turbo,Mr. C.B. + Twin Turbo,Mr. C.B. + Twin Turbo,Mr. C.B. + Twin Turbo,Mr. C.B. + Twin Turbo,Mr. C.B. + Twin Turbo,Mr. C.B. + Twin Turbo,Mr. C.B. + Twin Turbo,Mr. C.B. + Twin Turbo,Mr. C.B. + Twin Turbo,Mr. C.B. + Twin Turbo,Mr. C.B. + Twin Turbo,Mr. C.B. + Twin Turbo,Mr. C.B. + Twin Turbo,Mr. C.B. + Twin Turbo,Mr. C.B. + Twin Turbo,Mr. C.B. + Twin Turbo,Mr. C.B. + Twin Turbo,Mr. C.B. + Twin Turbo,Mr. C.B. + Twin Turbo,Mr. C.B. + Twin Turbo,Mr. C.B. + Twin Turbo,Mr. C.B. + Twin Turbo,JP,,Global,,,,Free Pulls,,,,,,,,,,,,,0,2026-02-25 22:00:00,k1,0,2026-03-05 21:59:59,,,,,,Date Override,,Start Date,End Date,,,,,,,,,,,,,,,
,Daiichi Ruby,Daiichi Ruby,Daiichi Ruby,Daiichi Ruby,Daiichi Ruby,Daiichi Ruby,Daiichi Ruby,Daiichi Ruby,Daiichi Ruby,Daiichi Ruby,Daiichi Ruby,Daiichi Ruby,Daiichi Ruby,Daiichi Ruby,Daiichi Ruby,Daiichi Ruby,Daiichi Ruby,Daiichi Ruby,Daiichi Ruby,Daiichi Ruby,Daiichi Ruby,Daiichi Ruby,Daiichi Ruby,Daiichi Ruby,Daiichi Ruby,Start Date,End Date,Start Date,End Date,,Releases In,Uma,Support,,,,,,,,,,,,80,First Day,Hours,750,Throughout,,,,,,2026-02-25,,2026-02-25,2026-03-05,,,,,,,,,,,,,,,
,Symboli Kris S,Symboli Kris S,Symboli Kris S,Symboli Kris S,Symboli Kris S,Symboli Kris S,Symboli Kris S,Symboli Kris S,Symboli Kris S,Symboli Kris S,Symboli Kris S,Symboli Kris S,Symboli Kris S,Symboli Kris S,Symboli Kris S,Symboli Kris S,Symboli Kris S,Symboli Kris S,Symboli Kris S,Symboli Kris S,Symboli Kris S,Symboli Kris S,Symboli Kris S,Symboli Kris S,Symboli Kris S,2022-02-08,2022-02-16,2026-02-25,2026-03-05,,-121 Days,3,0,,,,,,,,,,,,80,Uma Story Ch 1-4,,250,Legend Race (Hishi Amazon),,,,,,Banner Type,1,2026-02-25 22:00:00,2026-03-05 21:59:59,Mejiro Ardan,Agnes Digital,,,,,,,,,,,,,
,Mejiro Ardan (Ballroom) + Sakura Chiyono O (Ballroom),Mejiro Ardan (Ballroom) + Sakura Chiyono O (Ballroom),Mejiro Ardan (Ballroom) + Sakura Chiyono O (Ballroom),Mejiro Ardan (Ballroom) + Sakura Chiyono O (Ballroom),Mejiro Ardan (Ballroom) + Sakura Chiyono O (Ballroom),Mejiro Ardan (Ballroom) + Sakura Chiyono O (Ballroom),Mejiro Ardan (Ballroom) + Sakura Chiyono O (Ballroom),Mejiro Ardan (Ballroom) + Sakura Chiyono O (Ballroom),Mejiro Ardan (Ballroom) + Sakura Chiyono O (Ballroom),Mejiro Ardan (Ballroom) + Sakura Chiyono O (Ballroom),Mejiro Ardan (Ballroom) + Sakura Chiyono O (Ballroom),Mejiro Ardan (Ballroom) + Sakura Chiyono O (Ballroom),Mejiro Ardan (Ballroom) + Sakura Chiyono O (Ballroom),Mejiro Ardan (Ballroom) + Sakura Chiyono O (Ballroom),Mejiro Ardan (Ballroom) + Sakura Chiyono O (Ballroom),Mejiro Ardan (Ballroom) + Sakura Chiyono O (Ballroom),Mejiro Ardan (Ballroom) + Sakura Chiyono O (Ballroom),Mejiro Ardan (Ballroom) + Sakura Chiyono O (Ballroom),Mejiro Ardan (Ballroom) + Sakura Chiyono O (Ballroom),Mejiro Ardan (Ballroom) + Sakura Chiyono O (Ballroom),Mejiro Ardan (Ballroom) + Sakura Chiyono O (Ballroom),Mejiro Ardan (Ballroom) + Sakura Chiyono O (Ballroom),Mejiro Ardan (Ballroom) + Sakura Chiyono O (Ballroom),Mejiro Ardan (Ballroom) + Sakura Chiyono O (Ballroom),Mejiro Ardan (Ballroom) + Sakura Chiyono O (Ballroom),,,,,,,,,,,,,,,,,,,,,,,250,Legend Race (Mejiro Dober),,,,,,JP,,JP Datedif,349,,,,,,,0,0,0,0,2026-02-25 22:00:00,,,,
,Sakura Laurel,Sakura Laurel,Sakura Laurel,Sakura Laurel,Sakura Laurel,Sakura Laurel,Sakura Laurel,Sakura Laurel,Sakura Laurel,Sakura Laurel,Sakura Laurel,Sakura Laurel,Sakura Laurel,Sakura Laurel,Sakura Laurel,Sakura Laurel,Sakura Laurel,Sakura Laurel,Sakura Laurel,Sakura Laurel,Sakura Laurel,Sakura Laurel,Sakura Laurel,Sakura Laurel,Sakura Laurel,,,,,,,,,,,,,,,,,,,,,,,250,Legend Race (Gold City),,,,,,Start Date,End Date,Global Datedif,244,,,,,,,,,,,,,,,
,Neo Universe,Neo Universe,Neo Universe,Neo Universe,Neo Universe,Neo Universe,Neo Universe,Neo Universe,Neo Universe,Neo Universe,Neo Universe,Neo Universe,Neo Universe,Neo Universe,Neo Universe,Neo Universe,Neo Universe,Neo Universe,Neo Universe,Neo Universe,Neo Universe,Neo Universe,Neo Universe,Neo Universe,Neo Universe,,,,,,,,,,,,,,,,,,,,,,,,,,,,,,2022-02-08,2022-02-16,D-Day,-121,,,,,,,,,,,,,,,
,Matikanetannhauser (Sports Festival) + Sakura Bakushin O (Sports Festival),Matikanetannhauser (Sports Festival) + Sakura Bakushin O (Sports Festival),Matikanetannhauser (Sports Festival) + Sakura Bakushin O (Sports Festival),Matikanetannhauser (Sports Festival) + Sakura Bakushin O (Sports Festival),Matikanetannhauser (Sports Festival) + Sakura Bakushin O (Sports Festival),Matikanetannhauser (Sports Festival) + Sakura Bakushin O (Sports Festival),Matikanetannhauser (Sports Festival) + Sakura Bakushin O (Sports Festival),Matikanetannhauser (Sports Festival) + Sakura Bakushin O (Sports Festival),Matikanetannhauser (Sports Festival) + Sakura Bakushin O (Sports Festival),Matikanetannhauser (Sports Festival) + Sakura Bakushin O (Sports Festival),Matikanetannhauser (Sports Festival) + Sakura Bakushin O (Sports Festival),Matikanetannhauser (Sports Festival) + Sakura Bakushin O (Sports Festival),Matikanetannhauser (Sports Festival) + Sakura Bakushin O (Sports Festival),Matikanetannhauser (Sports Festival) + Sakura Bakushin O (Sports Festival),Matikanetannhauser (Sports Festival) + Sakura Bakushin O (Sports Festival),Matikanetannhauser (Sports Festival) + Sakura Bakushin O (Sports Festival),Matikanetannhauser (Sports Festival) + Sakura Bakushin O (Sports Festival),Matikanetannhauser (Sports Festival) + Sakura Bakushin O (Sports Festival),Matikanetannhauser (Sports Festival) + Sakura Bakushin O (Sports Festival),Matikanetannhauser (Sports Festival) + Sakura Bakushin O (Sports Festival),Matikanetannhauser (Sports Festival) + Sakura Bakushin O (Sports Festival),Matikanetannhauser (Sports Festival) + Sakura Bakushin O (Sports Festival),Matikanetannhauser (Sports Festival) + Sakura Bakushin O (Sports Festival),Matikanetannhauser (Sports Festival) + Sakura Bakushin O (Sports Festival),Matikanetannhauser (Sports Festival) + Sakura Bakushin O (Sports Festival),,,,,,,,,,,,,,,,,,,,0,2026-03-05 21:59:59,k3,,,,,,,,Pull Tickets,,Finals Day,-114,,,,,,,,,,,,,,,
,Gold City + Tosen Jordan + Mejiro Palmer + Daitaku Helios,Gold City + Tosen Jordan + Mejiro Palmer + Daitaku Helios,Gold City + Tosen Jordan + Mejiro Palmer + Daitaku Helios,Gold City + Tosen Jordan + Mejiro Palmer + Daitaku Helios,Gold City + Tosen Jordan + Mejiro Palmer + Daitaku Helios,Gold City + Tosen Jordan + Mejiro Palmer + Daitaku Helios,Gold City + Tosen Jordan + Mejiro Palmer + Daitaku Helios,Gold City + Tosen Jordan + Mejiro Palmer + Daitaku Helios,Gold City + Tosen Jordan + Mejiro Palmer + Daitaku Helios,Gold City + Tosen Jordan + Mejiro Palmer + Daitaku Helios,Gold City + Tosen Jordan + Mejiro Palmer + Daitaku Helios,Gold City + Tosen Jordan + Mejiro Palmer + Daitaku Helios,Gold City + Tosen Jordan + Mejiro Palmer + Daitaku Helios,Gold City + Tosen Jordan + Mejiro Palmer + Daitaku Helios,Gold City + Tosen Jordan + Mejiro Palmer + Daitaku Helios,Gold City + Tosen Jordan + Mejiro Palmer + Daitaku Helios,Gold City + Tosen Jordan + Mejiro Palmer + Daitaku Helios,Gold City + Tosen Jordan + Mejiro Palmer + Daitaku Helios,Gold City + Tosen Jordan + Mejiro Palmer + Daitaku Helios,Gold City + Tosen Jordan + Mejiro Palmer + Daitaku Helios,Gold City + Tosen Jordan + Mejiro Palmer + Daitaku Helios,Gold City + Tosen Jordan + Mejiro Palmer + Daitaku Helios,Gold City + Tosen Jordan + Mejiro Palmer + Daitaku Helios,Gold City + Tosen Jordan + Mejiro Palmer + Daitaku Helios,Gold City + Tosen Jordan + Mejiro Palmer + Daitaku Helios,,,,,,,,,,,,,,,,,,,,650,Last Day,,,,,,,,,Uma,Support,Length,8,,,,,,,,,,,,,,,
,Hishi Miracle,Hishi Miracle,Hishi Miracle,Hishi Miracle,Hishi Miracle,Hishi Miracle,Hishi Miracle,Hishi Miracle,Hishi Miracle,Hishi Miracle,Hishi Miracle,Hishi Miracle,Hishi Miracle,Hishi Miracle,Hishi Miracle,Hishi Miracle,Hishi Miracle,Hishi Miracle,Hishi Miracle,Hishi Miracle,Hishi Miracle,Hishi Miracle,Hishi Miracle,Hishi Miracle,Hishi Miracle,,,,,,,,,,,,,,,,,,,,500,1st Anniversary Celebration Mission Part 1,,,,,,,,,0,0,Dropdown,TRUE,,,,,,,,,,,,,,,
,Tanino Gimlet,Tanino Gimlet,Tanino Gimlet,Tanino Gimlet,Tanino Gimlet,Tanino Gimlet,Tanino Gimlet,Tanino Gimlet,Tanino Gimlet,Tanino Gimlet,Tanino Gimlet,Tanino Gimlet,Tanino Gimlet,Tanino Gimlet,Tanino Gimlet,Tanino Gimlet,Tanino Gimlet,Tanino Gimlet,Tanino Gimlet,Tanino Gimlet,Tanino Gimlet,Tanino Gimlet,Tanino Gimlet,Tanino Gimlet,Tanino Gimlet,,,,,,Mejiro Ardan,,Agnes Digital,,Ines Fujin,,,,,,,,,,150,Spring G1 Celebration Missions Part 1 (February Stakes),,,,,,,,,Limit Break Crystals,,,,,,,,,,,,,,,,,,
,Hishi Amazon (Wedding) + Nishino Flower (Wedding),Hishi Amazon (Wedding) + Nishino Flower (Wedding),Hishi Amazon (Wedding) + Nishino Flower (Wedding),Hishi Amazon (Wedding) + Nishino Flower (Wedding),Hishi Amazon (Wedding) + Nishino Flower (Wedding),Hishi Amazon (Wedding) + Nishino Flower (Wedding),Hishi Amazon (Wedding) + Nishino Flower (Wedding),Hishi Amazon (Wedding) + Nishino Flower (Wedding),Hishi Amazon (Wedding) + Nishino Flower (Wedding),Hishi Amazon (Wedding) + Nishino Flower (Wedding),Hishi Amazon (Wedding) + Nishino Flower (Wedding),Hishi Amazon (Wedding) + Nishino Flower (Wedding),Hishi Amazon (Wedding) + Nishino Flower (Wedding),Hishi Amazon (Wedding) + Nishino Flower (Wedding),Hishi Amazon (Wedding) + Nishino Flower (Wedding),Hishi Amazon (Wedding) + Nishino Flower (Wedding),Hishi Amazon (Wedding) + Nishino Flower (Wedding),Hishi Amazon (Wedding) + Nishino Flower (Wedding),Hishi Amazon (Wedding) + Nishino Flower (Wedding),Hishi Amazon (Wedding) + Nishino Flower (Wedding),Hishi Amazon (Wedding) + Nishino Flower (Wedding),Hishi Amazon (Wedding) + Nishino Flower (Wedding),Hishi Amazon (Wedding) + Nishino Flower (Wedding),Hishi Amazon (Wedding) + Nishino Flower (Wedding),Hishi Amazon (Wedding) + Nishino Flower (Wedding),,,,,,3x Free Pulls,,,,,,,,,,,,,,,,,,,,,,,,SSR,SR,,,,,,,,,,,,,,,,,
,Taiki Shuttle (Camping) + Yamanin Zephyr (Rerun),Taiki Shuttle (Camping) + Yamanin Zephyr (Rerun),Taiki Shuttle (Camping) + Yamanin Zephyr (Rerun),Taiki Shuttle (Camping) + Yamanin Zephyr (Rerun),Taiki Shuttle (Camping) + Yamanin Zephyr (Rerun),Taiki Shuttle (Camping) + Yamanin Zephyr (Rerun),Taiki Shuttle (Camping) + Yamanin Zephyr (Rerun),Taiki Shuttle (Camping) + Yamanin Zephyr (Rerun),Taiki Shuttle (Camping) + Yamanin Zephyr (Rerun),Taiki Shuttle (Camping) + Yamanin Zephyr (Rerun),Taiki Shuttle (Camping) + Yamanin Zephyr (Rerun),Taiki Shuttle (Camping) + Yamanin Zephyr (Rerun),Taiki Shuttle (Camping) + Yamanin Zephyr (Rerun),Taiki Shuttle (Camping) + Yamanin Zephyr (Rerun),Taiki Shuttle (Camping) + Yamanin Zephyr (Rerun),Taiki Shuttle (Camping) + Yamanin Zephyr (Rerun),Taiki Shuttle (Camping) + Yamanin Zephyr (Rerun),Taiki Shuttle (Camping) + Yamanin Zephyr (Rerun),Taiki Shuttle (Camping) + Yamanin Zephyr (Rerun),Taiki Shuttle (Camping) + Yamanin Zephyr (Rerun),Taiki Shuttle (Camping) + Yamanin Zephyr (Rerun),Taiki Shuttle (Camping) + Yamanin Zephyr (Rerun),Taiki Shuttle (Camping) + Yamanin Zephyr (Rerun),Taiki Shuttle (Camping) + Yamanin Zephyr (Rerun),Taiki Shuttle (Camping) + Yamanin Zephyr (Rerun),,,,,,,,,,,,,,,,,,,,,,,,,,,,,,1,2,,,,,,,,,,,,,,,,,
,Marvelous Sunday,Marvelous Sunday,Marvelous Sunday,Marvelous Sunday,Marvelous Sunday,Marvelous Sunday,Marvelous Sunday,Marvelous Sunday,Marvelous Sunday,Marvelous Sunday,Marvelous Sunday,Marvelous Sunday,Marvelous Sunday,Marvelous Sunday,Marvelous Sunday,Marvelous Sunday,Marvelous Sunday,Marvelous Sunday,Marvelous Sunday,Marvelous Sunday,Marvelous Sunday,Marvelous Sunday,Marvelous Sunday,Marvelous Sunday,Marvelous Sunday,JP,,Global,,,,Free Pulls,,,,,,,,,,,,,0,2026-03-05 22:00:00,k1,0,2026-03-13 21:59:59,,,,,,Date Override,,Start Date,End Date,,,,,,,,,,,,,,,
,Bamboo Memory (Summer Trip) + Tosen Jordan (Summer Trip),Bamboo Memory (Summer Trip) + Tosen Jordan (Summer Trip),Bamboo Memory (Summer Trip) + Tosen Jordan (Summer Trip),Bamboo Memory (Summer Trip) + Tosen Jordan (Summer Trip),Bamboo Memory (Summer Trip) + Tosen Jordan (Summer Trip),Bamboo Memory (Summer Trip) + Tosen Jordan (Summer Trip),Bamboo Memory (Summer Trip) + Tosen Jordan (Summer Trip),Bamboo Memory (Summer Trip) + Tosen Jordan (Summer Trip),Bamboo Memory (Summer Trip) + Tosen Jordan (Summer Trip),Bamboo Memory (Summer Trip) + Tosen Jordan (Summer Trip),Bamboo Memory (Summer Trip) + Tosen Jordan (Summer Trip),Bamboo Memory (Summer Trip) + Tosen Jordan (Summer Trip),Bamboo Memory (Summer Trip) + Tosen Jordan (Summer Trip),Bamboo Memory (Summer Trip) + Tosen Jordan (Summer Trip),Bamboo Memory (Summer Trip) + Tosen Jordan (Summer Trip),Bamboo Memory (Summer Trip) + Tosen Jordan (Summer Trip),Bamboo Memory (Summer Trip) + Tosen Jordan (Summer Trip),Bamboo Memory (Summer Trip) + Tosen Jordan (Summer Trip),Bamboo Memory (Summer Trip) + Tosen Jordan (Summer Trip),Bamboo Memory (Summer Trip) + Tosen Jordan (Summer Trip),Bamboo Memory (Summer Trip) + Tosen Jordan (Summer Trip),Bamboo Memory (Summer Trip) + Tosen Jordan (Summer Trip),Bamboo Memory (Summer Trip) + Tosen Jordan (Summer Trip),Bamboo Memory (Summer Trip) + Tosen Jordan (Summer Trip),Bamboo Memory (Summer Trip) + Tosen Jordan (Summer Trip),Start Date,End Date,Start Date,End Date,,Releases In,Uma,Support,,,,,,,,,,,,80,First Day,Hours,1500,Throughout,,,,,,2026-03-05,,2026-03-05,2026-03-13,,,,,,,,,,,,,,,
,Katsuragi Ace,Katsuragi Ace,Katsuragi Ace,Katsuragi Ace,Katsuragi Ace,Katsuragi Ace,Katsuragi Ace,Katsuragi Ace,Katsuragi Ace,Katsuragi Ace,Katsuragi Ace,Katsuragi Ace,Katsuragi Ace,Katsuragi Ace,Katsuragi Ace,Katsuragi Ace,Katsuragi Ace,Katsuragi Ace,Katsuragi Ace,Katsuragi Ace,Katsuragi Ace,Katsuragi Ace,Katsuragi Ace,Katsuragi Ace,Katsuragi Ace,2022-02-16,2022-02-24,2026-03-05,2026-03-13,,-113 Days,3,6,,,,,,,,,,,,80,Uma Story Ch 1-4,,1500,1st Anniversary Countdown Login Bonus,,,,,,Banner Type,1,2026-03-05 22:00:00,2026-03-13 21:59:59,Admire Vega,Fine Motion + Kawakami Princess,,,,,,,,,,,,,
,Sirius Symboli,Sirius Symboli,Sirius Symboli,Sirius Symboli,Sirius Symboli,Sirius Symboli,Sirius Symboli,Sirius Symboli,Sirius Symboli,Sirius Symboli,Sirius Symboli,Sirius Symboli,Sirius Symboli,Sirius Symboli,Sirius Symboli,Sirius Symboli,Sirius Symboli,Sirius Symboli,Sirius Symboli,Sirius Symboli,Sirius Symboli,Sirius Symboli,Sirius Symboli,Sirius Symboli,Sirius Symboli,,,,,,,,,,,,,,,,,,,,,,,,,,,,,,JP,,JP Datedif,357,,,,,,,0,0,0,0,2026-03-05 22:00:00,,,,
,Agnes Tachyon (Summer) + Silence Suzuka (Summer),Agnes Tachyon (Summer) + Silence Suzuka (Summer),Agnes Tachyon (Summer) + Silence Suzuka (Summer),Agnes Tachyon (Summer) + Silence Suzuka (Summer),Agnes Tachyon (Summer) + Silence Suzuka (Summer),Agnes Tachyon (Summer) + Silence Suzuka (Summer),Agnes Tachyon (Summer) + Silence Suzuka (Summer),Agnes Tachyon (Summer) + Silence Suzuka (Summer),Agnes Tachyon (Summer) + Silence Suzuka (Summer),Agnes Tachyon (Summer) + Silence Suzuka (Summer),Agnes Tachyon (Summer) + Silence Suzuka (Summer),Agnes Tachyon (Summer) + Silence Suzuka (Summer),Agnes Tachyon (Summer) + Silence Suzuka (Summer),Agnes Tachyon (Summer) + Silence Suzuka (Summer),Agnes Tachyon (Summer) + Silence Suzuka (Summer),Agnes Tachyon (Summer) + Silence Suzuka (Summer),Agnes Tachyon (Summer) + Silence Suzuka (Summer),Agnes Tachyon (Summer) + Silence Suzuka (Summer),Agnes Tachyon (Summer) + Silence Suzuka (Summer),Agnes Tachyon (Summer) + Silence Suzuka (Summer),Agnes Tachyon (Summer) + Silence Suzuka (Summer),Agnes Tachyon (Summer) + Silence Suzuka (Summer),Agnes Tachyon (Summer) + Silence Suzuka (Summer),Agnes Tachyon (Summer) + Silence Suzuka (Summer),Agnes Tachyon (Summer) + Silence Suzuka (Summer),,,,,,,,,,,,,,,,,,,,,,,,,,,,,,Start Date,End Date,Global Datedif,252,,,,,,,,,,,,,,,
,Copano Rickey (Rerun) + Hokko Tarumae (Rerun),Copano Rickey (Rerun) + Hokko Tarumae (Rerun),Copano Rickey (Rerun) + Hokko Tarumae (Rerun),Copano Rickey (Rerun) + Hokko Tarumae (Rerun),Copano Rickey (Rerun) + Hokko Tarumae (Rerun),Copano Rickey (Rerun) + Hokko Tarumae (Rerun),Copano Rickey (Rerun) + Hokko Tarumae (Rerun),Copano Rickey (Rerun) + Hokko Tarumae (Rerun),Copano Rickey (Rerun) + Hokko Tarumae (Rerun),Copano Rickey (Rerun) + Hokko Tarumae (Rerun),Copano Rickey (Rerun) + Hokko Tarumae (Rerun),Copano Rickey (Rerun) + Hokko Tarumae (Rerun),Copano Rickey (Rerun) + Hokko Tarumae (Rerun),Copano Rickey (Rerun) + Hokko Tarumae (Rerun),Copano Rickey (Rerun) + Hokko Tarumae (Rerun),Copano Rickey (Rerun) + Hokko Tarumae (Rerun),Copano Rickey (Rerun) + Hokko Tarumae (Rerun),Copano Rickey (Rerun) + Hokko Tarumae (Rerun),Copano Rickey (Rerun) + Hokko Tarumae (Rerun),Copano Rickey (Rerun) + Hokko Tarumae (Rerun),Copano Rickey (Rerun) + Hokko Tarumae (Rerun),Copano Rickey (Rerun) + Hokko Tarumae (Rerun),Copano Rickey (Rerun) + Hokko Tarumae (Rerun),Copano Rickey (Rerun) + Hokko Tarumae (Rerun),Copano Rickey (Rerun) + Hokko Tarumae (Rerun),,,,,,,,,,,,,,,,,,,,,,,,,,,,,,2022-02-16,2022-02-24,D-Day,-113,,,,,,,,,,,,,,,
,Narita Top Road,Narita Top Road,Narita Top Road,Narita Top Road,Narita Top Road,Narita Top Road,Narita Top Road,Narita Top Road,Narita Top Road,Narita Top Road,Narita Top Road,Narita Top Road,Narita Top Road,Narita Top Road,Narita Top Road,Narita Top Road,Narita Top Road,Narita Top Road,Narita Top Road,Narita Top Road,Narita Top Road,Narita Top Road,Narita Top Road,Narita Top Road,Narita Top Road,,,,,,,,,,,,,,,,,,,,0,2026-03-13 21:59:59,k3,,,,,,,,Pull Tickets,,Finals Day,-106,,,,,,,,,,,,,,,
,Gold Ship (Project L'Arc),Gold Ship (Project L'Arc),Gold Ship (Project L'Arc),Gold Ship (Project L'Arc),Gold Ship (Project L'Arc),Gold Ship (Project L'Arc),Gold Ship (Project L'Arc),Gold Ship (Project L'Arc),Gold Ship (Project L'Arc),Gold Ship (Project L'Arc),Gold Ship (Project L'Arc),Gold Ship (Project L'Arc),Gold Ship (Project L'Arc),Gold Ship (Project L'Arc),Gold Ship (Project L'Arc),Gold Ship (Project L'Arc),Gold Ship (Project L'Arc),Gold Ship (Project L'Arc),Gold Ship (Project L'Arc),Gold Ship (Project L'Arc),Gold Ship (Project L'Arc),Gold Ship (Project L'Arc),Gold Ship (Project L'Arc),Gold Ship (Project L'Arc),Gold Ship (Project L'Arc),,,,,,,,,,,,,,,,,,,,0,Last Day,,,,,,,,,Uma,Support,Length,8,,,,,,,,,,,,,,,
,Satono Diamond (Project L'Arc),Satono Diamond (Project L'Arc),Satono Diamond (Project L'Arc),Satono Diamond (Project L'Arc),Satono Diamond (Project L'Arc),Satono Diamond (Project L'Arc),Satono Diamond (Project L'Arc),Satono Diamond (Project L'Arc),Satono Diamond (Project L'Arc),Satono Diamond (Project L'Arc),Satono Diamond (Project L'Arc),Satono Diamond (Project L'Arc),Satono Diamond (Project L'Arc),Satono Diamond (Project L'Arc),Satono Diamond (Project L'Arc),Satono Diamond (Project L'Arc),Satono Diamond (Project L'Arc),Satono Diamond (Project L'Arc),Satono Diamond (Project L'Arc),Satono Diamond (Project L'Arc),Satono Diamond (Project L'Arc),Satono Diamond (Project L'Arc),Satono Diamond (Project L'Arc),Satono Diamond (Project L'Arc),Satono Diamond (Project L'Arc),,,,,,,,,,,,,,,,,,,,,,,,,,,,,,5,5,Dropdown,TRUE,,,,,,,,,,,,,,,
,K.S.Miracle,K.S.Miracle,K.S.Miracle,K.S.Miracle,K.S.Miracle,K.S.Miracle,K.S.Miracle,K.S.Miracle,K.S.Miracle,K.S.Miracle,K.S.Miracle,K.S.Miracle,K.S.Miracle,K.S.Miracle,K.S.Miracle,K.S.Miracle,K.S.Miracle,K.S.Miracle,K.S.Miracle,K.S.Miracle,K.S.Miracle,K.S.Miracle,K.S.Miracle,K.S.Miracle,K.S.Miracle,,,,,,Admire Vega,,Fine Motion,Kawakami Princess,,,,,,,,,,,,,,,,,,,,,Limit Break Crystals,,,,,,,,,,,,,,,,,,
,Air Shakur (Halloween) + Symboli Kris S (Halloween),Air Shakur (Halloween) + Symboli Kris S (Halloween),Air Shakur (Halloween) + Symboli Kris S (Halloween),Air Shakur (Halloween) + Symboli Kris S (Halloween),Air Shakur (Halloween) + Symboli Kris S (Halloween),Air Shakur (Halloween) + Symboli Kris S (Halloween),Air Shakur (Halloween) + Symboli Kris S (Halloween),Air Shakur (Halloween) + Symboli Kris S (Halloween),Air Shakur (Halloween) + Symboli Kris S (Halloween),Air Shakur (Halloween) + Symboli Kris S (Halloween),Air Shakur (Halloween) + Symboli Kris S (Halloween),Air Shakur (Halloween) + Symboli Kris S (Halloween),Air Shakur (Halloween) + Symboli Kris S (Halloween),Air Shakur (Halloween) + Symboli Kris S (Halloween),Air Shakur (Halloween) + Symboli Kris S (Halloween),Air Shakur (Halloween) + Symboli Kris S (Halloween),Air Shakur (Halloween) + Symboli Kris S (Halloween),Air Shakur (Halloween) + Symboli Kris S (Halloween),Air Shakur (Halloween) + Symboli Kris S (Halloween),Air Shakur (Halloween) + Symboli Kris S (Halloween),Air Shakur (Halloween) + Symboli Kris S (Halloween),Air Shakur (Halloween) + Symboli Kris S (Halloween),Air Shakur (Halloween) + Symboli Kris S (Halloween),Air Shakur (Halloween) + Symboli Kris S (Halloween),Air Shakur (Halloween) + Symboli Kris S (Halloween),,,,,,3x Free Pulls,,Dolphin,,,,,,,,,,,,,,,,,,,,,,SSR,SR,,,,,,,,,,,,,,,,,
,Mejiro Ramonu,Mejiro Ramonu,Mejiro Ramonu,Mejiro Ramonu,Mejiro Ramonu,Mejiro Ramonu,Mejiro Ramonu,Mejiro Ramonu,Mejiro Ramonu,Mejiro Ramonu,Mejiro Ramonu,Mejiro Ramonu,Mejiro Ramonu,Mejiro Ramonu,Mejiro Ramonu,Mejiro Ramonu,Mejiro Ramonu,Mejiro Ramonu,Mejiro Ramonu,Mejiro Ramonu,Mejiro Ramonu,Mejiro Ramonu,Mejiro Ramonu,Mejiro Ramonu,Mejiro Ramonu,,,,,,,,6x Free Pulls,,,,,,,,,,,,,,,,,,,,,,1,1,,,,,,,,,,,,,,,,,
,Kawakami Princess (Festival) + Tokai Teio (Festival),Kawakami Princess (Festival) + Tokai Teio (Festival),Kawakami Princess (Festival) + Tokai Teio (Festival),Kawakami Princess (Festival) + Tokai Teio (Festival),Kawakami Princess (Festival) + Tokai Teio (Festival),Kawakami Princess (Festival) + Tokai Teio (Festival),Kawakami Princess (Festival) + Tokai Teio (Festival),Kawakami Princess (Festival) + Tokai Teio (Festival),Kawakami Princess (Festival) + Tokai Teio (Festival),Kawakami Princess (Festival) + Tokai Teio (Festival),Kawakami Princess (Festival) + Tokai Teio (Festival),Kawakami Princess (Festival) + Tokai Teio (Festival),Kawakami Princess (Festival) + Tokai Teio (Festival),Kawakami Princess (Festival) + Tokai Teio (Festival),Kawakami Princess (Festival) + Tokai Teio (Festival),Kawakami Princess (Festival) + Tokai Teio (Festival),Kawakami Princess (Festival) + Tokai Teio (Festival),Kawakami Princess (Festival) + Tokai Teio (Festival),Kawakami Princess (Festival) + Tokai Teio (Festival),Kawakami Princess (Festival) + Tokai Teio (Festival),Kawakami Princess (Festival) + Tokai Teio (Festival),Kawakami Princess (Festival) + Tokai Teio (Festival),Kawakami Princess (Festival) + Tokai Teio (Festival),Kawakami Princess (Festival) + Tokai Teio (Festival),Kawakami Princess (Festival) + Tokai Teio (Festival),JP,,Global,,,,,,,,,,,,,,,,,,,,,,,,,,,Date Override,,Start Date,End Date,,,,,,,,,,,,,,,
,Tap Dance City,Tap Dance City,Tap Dance City,Tap Dance City,Tap Dance City,Tap Dance City,Tap Dance City,Tap Dance City,Tap Dance City,Tap Dance City,Tap Dance City,Tap Dance City,Tap Dance City,Tap Dance City,Tap Dance City,Tap Dance City,Tap Dance City,Tap Dance City,Tap Dance City,Tap Dance City,Tap Dance City,Tap Dance City,Tap Dance City,Tap Dance City,Tap Dance City,,,,,,,,,,,,,,,,,,,,,,,,,,,,,,2026-03-06,,2026-03-06,2026-03-12,,,,,,,,,,,,,,,
,Mejiro Palmer (Christmas) + Mejiro Bright (Christmas),Mejiro Palmer (Christmas) + Mejiro Bright (Christmas),Mejiro Palmer (Christmas) + Mejiro Bright (Christmas),Mejiro Palmer (Christmas) + Mejiro Bright (Christmas),Mejiro Palmer (Christmas) + Mejiro Bright (Christmas),Mejiro Palmer (Christmas) + Mejiro Bright (Christmas),Mejiro Palmer (Christmas) + Mejiro Bright (Christmas),Mejiro Palmer (Christmas) + Mejiro Bright (Christmas),Mejiro Palmer (Christmas) + Mejiro Bright (Christmas),Mejiro Palmer (Christmas) + Mejiro Bright (Christmas),Mejiro Palmer (Christmas) + Mejiro Bright (Christmas),Mejiro Palmer (Christmas) + Mejiro Bright (Christmas),Mejiro Palmer (Christmas) + Mejiro Bright (Christmas),Mejiro Palmer (Christmas) + Mejiro Bright (Christmas),Mejiro Palmer (Christmas) + Mejiro Bright (Christmas),Mejiro Palmer (Christmas) + Mejiro Bright (Christmas),Mejiro Palmer (Christmas) + Mejiro Bright (Christmas),Mejiro Palmer (Christmas) + Mejiro Bright (Christmas),Mejiro Palmer (Christmas) + Mejiro Bright (Christmas),Mejiro Palmer (Christmas) + Mejiro Bright (Christmas),Mejiro Palmer (Christmas) + Mejiro Bright (Christmas),Mejiro Palmer (Christmas) + Mejiro Bright (Christmas),Mejiro Palmer (Christmas) + Mejiro Bright (Christmas),Mejiro Palmer (Christmas) + Mejiro Bright (Christmas),Mejiro Palmer (Christmas) + Mejiro Bright (Christmas),,,,,,,,,,,,,,,,,,,,,,,,,,,,,,Banner Type,-1,2026-03-06 22:00:00,2026-03-12 21:59:59,,,,,,,,,,,,,,,
,Satono Crown,Satono Crown,Satono Crown,Satono Crown,Satono Crown,Satono Crown,Satono Crown,Satono Crown,Satono Crown,Satono Crown,Satono Crown,Satono Crown,Satono Crown,Satono Crown,Satono Crown,Satono Crown,Satono Crown,Satono Crown,Satono Crown,Satono Crown,Satono Crown,Satono Crown,Satono Crown,Satono Crown,Satono Crown,,,,,,,,,,,,,,,,,,,,,,,,,,,,,,JP,,JP Datedif,359,,,,,,,0,0,0,0,2026-03-06 22:00:00,0,2026-03-11 21:59:59,,
,Cheval Grand,Cheval Grand,Cheval Grand,Cheval Grand,Cheval Grand,Cheval Grand,Cheval Grand,Cheval Grand,Cheval Grand,Cheval Grand,Cheval Grand,Cheval Grand,Cheval Grand,Cheval Grand,Cheval Grand,Cheval Grand,Cheval Grand,Cheval Grand,Cheval Grand,Cheval Grand,Cheval Grand,Cheval Grand,Cheval Grand,Cheval Grand,Cheval Grand,,,,,,,,,,,,,,,,,,,,,,,,,,,,,,Start Date,End Date,Global Datedif,253,,,,,,,,,,,,,,,
,Kitasan Black (Anime Collab),Kitasan Black (Anime Collab),Kitasan Black (Anime Collab),Kitasan Black (Anime Collab),Kitasan Black (Anime Collab),Kitasan Black (Anime Collab),Kitasan Black (Anime Collab),Kitasan Black (Anime Collab),Kitasan Black (Anime Collab),Kitasan Black (Anime Collab),Kitasan Black (Anime Collab),Kitasan Black (Anime Collab),Kitasan Black (Anime Collab),Kitasan Black (Anime Collab),Kitasan Black (Anime Collab),Kitasan Black (Anime Collab),Kitasan Black (Anime Collab),Kitasan Black (Anime Collab),Kitasan Black (Anime Collab),Kitasan Black (Anime Collab),Kitasan Black (Anime Collab),Kitasan Black (Anime Collab),Kitasan Black (Anime Collab),Kitasan Black (Anime Collab),Kitasan Black (Anime Collab),,,,,,,,,,,,,,,,,,,,,,,,,,,,,,2022-02-18,2022-02-24,D-Day,-112,,,,,,,,,,,,,,,
,Nice Nature (New Year),Nice Nature (New Year),Nice Nature (New Year),Nice Nature (New Year),Nice Nature (New Year),Nice Nature (New Year),Nice Nature (New Year),Nice Nature (New Year),Nice Nature (New Year),Nice Nature (New Year),Nice Nature (New Year),Nice Nature (New Year),Nice Nature (New Year),Nice Nature (New Year),Nice Nature (New Year),Nice Nature (New Year),Nice Nature (New Year),Nice Nature (New Year),Nice Nature (New Year),Nice Nature (New Year),Nice Nature (New Year),Nice Nature (New Year),Nice Nature (New Year),Nice Nature (New Year),Nice Nature (New Year),,,,,,,650,1000+,400,1000+,,,,,,,,,,,,,,,,,,,,Pull Tickets,,Finals Day,-107,,,,,,,,,,,,,,,
,Vivlos,Vivlos,Vivlos,Vivlos,Vivlos,Vivlos,Vivlos,Vivlos,Vivlos,Vivlos,Vivlos,Vivlos,Vivlos,Vivlos,Vivlos,Vivlos,Vivlos,Vivlos,Vivlos,Vivlos,Vivlos,Vivlos,Vivlos,Vivlos,Vivlos,,,,,,,,,,,,,,,,,,,,,,,,,,,,,,Uma,Support,Length,6,,,,,,,,,,,,,,,
,Yukino Bijin (Valentine) + Manhattan Cafe (Valentine),Yukino Bijin (Valentine) + Manhattan Cafe (Valentine),Yukino Bijin (Valentine) + Manhattan Cafe (Valentine),Yukino Bijin (Valentine) + Manhattan Cafe (Valentine),Yukino Bijin (Valentine) + Manhattan Cafe (Valentine),Yukino Bijin (Valentine) + Manhattan Cafe (Valentine),Yukino Bijin (Valentine) + Manhattan Cafe (Valentine),Yukino Bijin (Valentine) + Manhattan Cafe (Valentine),Yukino Bijin (Valentine) + Manhattan Cafe (Valentine),Yukino Bijin (Valentine) + Manhattan Cafe (Valentine),Yukino Bijin (Valentine) + Manhattan Cafe (Valentine),Yukino Bijin (Valentine) + Manhattan Cafe (Valentine),Yukino Bijin (Valentine) + Manhattan Cafe (Valentine),Yukino Bijin (Valentine) + Manhattan Cafe (Valentine),Yukino Bijin (Valentine) + Manhattan Cafe (Valentine),Yukino Bijin (Valentine) + Manhattan Cafe (Valentine),Yukino Bijin (Valentine) + Manhattan Cafe (Valentine),Yukino Bijin (Valentine) + Manhattan Cafe (Valentine),Yukino Bijin (Valentine) + Manhattan Cafe (Valentine),Yukino Bijin (Valentine) + Manhattan Cafe (Valentine),Yukino Bijin (Valentine) + Manhattan Cafe (Valentine),Yukino Bijin (Valentine) + Manhattan Cafe (Valentine),Yukino Bijin (Valentine) + Manhattan Cafe (Valentine),Yukino Bijin (Valentine) + Manhattan Cafe (Valentine),Yukino Bijin (Valentine) + Manhattan Cafe (Valentine),,,,,,,,,,,,,,,,,,,,,,,,,,,,,,,,Dropdown,TRUE,,,,,,,,,,,,,,,
,Biko Pegasus,Biko Pegasus,Biko Pegasus,Biko Pegasus,Biko Pegasus,Biko Pegasus,Biko Pegasus,Biko Pegasus,Biko Pegasus,Biko Pegasus,Biko Pegasus,Biko Pegasus,Biko Pegasus,Biko Pegasus,Biko Pegasus,Biko Pegasus,Biko Pegasus,Biko Pegasus,Biko Pegasus,Biko Pegasus,Biko Pegasus,Biko Pegasus,Biko Pegasus,Biko Pegasus,Biko Pegasus,,,,,,,,,,,,,,,,,,,,,,,,,,,,,,Limit Break Crystals,,,,,,,,,,,,,,,,,,
,Duramente + Ikuno Dictus,Duramente + Ikuno Dictus,Duramente + Ikuno Dictus,Duramente + Ikuno Dictus,Duramente + Ikuno Dictus,Duramente + Ikuno Dictus,Duramente + Ikuno Dictus,Duramente + Ikuno Dictus,Duramente + Ikuno Dictus,Duramente + Ikuno Dictus,Duramente + Ikuno Dictus,Duramente + Ikuno Dictus,Duramente + Ikuno Dictus,Duramente + Ikuno Dictus,Duramente + Ikuno Dictus,Duramente + Ikuno Dictus,Duramente + Ikuno Dictus,Duramente + Ikuno Dictus,Duramente + Ikuno Dictus,Duramente + Ikuno Dictus,Duramente + Ikuno Dictus,Duramente + Ikuno Dictus,Duramente + Ikuno Dictus,Duramente + Ikuno Dictus,Duramente + Ikuno Dictus,,,,,,,,,,,,,,,,,,,,,,,,,,,,,,SSR,SR,,,,,,,,,,,,,,,,,
,Transcend,Transcend,Transcend,Transcend,Transcend,Transcend,Transcend,Transcend,Transcend,Transcend,Transcend,Transcend,Transcend,Transcend,Transcend,Transcend,Transcend,Transcend,Transcend,Transcend,Transcend,Transcend,Transcend,Transcend,Transcend,,,,,,,,,,,Trackblazer!!,,,,,,,,,,,,,,,,,,,,,,,,,,,,,,,,,,,,,
,Rhein Kraft,Rhein Kraft,Rhein Kraft,Rhein Kraft,Rhein Kraft,Rhein Kraft,Rhein Kraft,Rhein Kraft,Rhein Kraft,Rhein Kraft,Rhein Kraft,Rhein Kraft,Rhein Kraft,Rhein Kraft,Rhein Kraft,Rhein Kraft,Rhein Kraft,Rhein Kraft,Rhein Kraft,Rhein Kraft,Rhein Kraft,Rhein Kraft,Rhein Kraft,Rhein Kraft,Rhein Kraft,JP,,Global,,,,Free Pulls,,,,,,,,,,,,,0,2026-03-12 22:00:00,k1,0,2026-03-23 21:59:59,,,,,,Date Override,,Start Date,End Date,,,,,,,,,,,,,,,
,Daiichi Ruby (Ballroom) + Daitaku Helios (Ballroom),Daiichi Ruby (Ballroom) + Daitaku Helios (Ballroom),Daiichi Ruby (Ballroom) + Daitaku Helios (Ballroom),Daiichi Ruby (Ballroom) + Daitaku Helios (Ballroom),Daiichi Ruby (Ballroom) + Daitaku Helios (Ballroom),Daiichi Ruby (Ballroom) + Daitaku Helios (Ballroom),Daiichi Ruby (Ballroom) + Daitaku Helios (Ballroom),Daiichi Ruby (Ballroom) + Daitaku Helios (Ballroom),Daiichi Ruby (Ballroom) + Daitaku Helios (Ballroom),Daiichi Ruby (Ballroom) + Daitaku Helios (Ballroom),Daiichi Ruby (Ballroom) + Daitaku Helios (Ballroom),Daiichi Ruby (Ballroom) + Daitaku Helios (Ballroom),Daiichi Ruby (Ballroom) + Daitaku Helios (Ballroom),Daiichi Ruby (Ballroom) + Daitaku Helios (Ballroom),Daiichi Ruby (Ballroom) + Daitaku Helios (Ballroom),Daiichi Ruby (Ballroom) + Daitaku Helios (Ballroom),Daiichi Ruby (Ballroom) + Daitaku Helios (Ballroom),Daiichi Ruby (Ballroom) + Daitaku Helios (Ballroom),Daiichi Ruby (Ballroom) + Daitaku Helios (Ballroom),Daiichi Ruby (Ballroom) + Daitaku Helios (Ballroom),Daiichi Ruby (Ballroom) + Daitaku Helios (Ballroom),Daiichi Ruby (Ballroom) + Daitaku Helios (Ballroom),Daiichi Ruby (Ballroom) + Daitaku Helios (Ballroom),Daiichi Ruby (Ballroom) + Daitaku Helios (Ballroom),Daiichi Ruby (Ballroom) + Daitaku Helios (Ballroom),Start Date,End Date,Start Date,End Date,,Releases In,Uma,Support,,,1st Anniversary: March 12th 2026,,,,,,,,,3160,First Day,Hours,5440,Throughout,,,,,,2026-03-12,,2026-03-12,2026-03-23,,,,,,,,,,,,,,,
,Winning Ticket (U.A.F.),Winning Ticket (U.A.F.),Winning Ticket (U.A.F.),Winning Ticket (U.A.F.),Winning Ticket (U.A.F.),Winning Ticket (U.A.F.),Winning Ticket (U.A.F.),Winning Ticket (U.A.F.),Winning Ticket (U.A.F.),Winning Ticket (U.A.F.),Winning Ticket (U.A.F.),Winning Ticket (U.A.F.),Winning Ticket (U.A.F.),Winning Ticket (U.A.F.),Winning Ticket (U.A.F.),Winning Ticket (U.A.F.),Winning Ticket (U.A.F.),Winning Ticket (U.A.F.),Winning Ticket (U.A.F.),Winning Ticket (U.A.F.),Winning Ticket (U.A.F.),Winning Ticket (U.A.F.),Winning Ticket (U.A.F.),Winning Ticket (U.A.F.),Winning Ticket (U.A.F.),2022-02-24,2022-03-07,2026-03-12,2026-03-23,,-106 Days,60,60,,,,,,,,,,,,3000,1st Anniversary Gift,,3000,1st Anniversary Login Bonus,,,,,,Banner Type,1,2026-03-12 22:00:00,2026-03-23 21:59:59,Kitasan Black + Matikanetannhauser,Narita Top Road,,,,,,,,,,,,,
,Sounds of Earth,Sounds of Earth,Sounds of Earth,Sounds of Earth,Sounds of Earth,Sounds of Earth,Sounds of Earth,Sounds of Earth,Sounds of Earth,Sounds of Earth,Sounds of Earth,Sounds of Earth,Sounds of Earth,Sounds of Earth,Sounds of Earth,Sounds of Earth,Sounds of Earth,Sounds of Earth,Sounds of Earth,Sounds of Earth,Sounds of Earth,Sounds of Earth,Sounds of Earth,Sounds of Earth,Sounds of Earth,,,,,,,,,,,,,,,,,,,,80,Uma Story Ch 1-4,,2440,"Event Rewards (Story, Bingo, Event Pt)",,,,,,JP,,JP Datedif,365,,,,,,,0,0,0,0,2026-03-12 22:00:00,,,,
,Super Creek (Warfare) + Yaeno Muteki (Warfare),Super Creek (Warfare) + Yaeno Muteki (Warfare),Super Creek (Warfare) + Yaeno Muteki (Warfare),Super Creek (Warfare) + Yaeno Muteki (Warfare),Super Creek (Warfare) + Yaeno Muteki (Warfare),Super Creek (Warfare) + Yaeno Muteki (Warfare),Super Creek (Warfare) + Yaeno Muteki (Warfare),Super Creek (Warfare) + Yaeno Muteki (Warfare),Super Creek (Warfare) + Yaeno Muteki (Warfare),Super Creek (Warfare) + Yaeno Muteki (Warfare),Super Creek (Warfare) + Yaeno Muteki (Warfare),Super Creek (Warfare) + Yaeno Muteki (Warfare),Super Creek (Warfare) + Yaeno Muteki (Warfare),Super Creek (Warfare) + Yaeno Muteki (Warfare),Super Creek (Warfare) + Yaeno Muteki (Warfare),Super Creek (Warfare) + Yaeno Muteki (Warfare),Super Creek (Warfare) + Yaeno Muteki (Warfare),Super Creek (Warfare) + Yaeno Muteki (Warfare),Super Creek (Warfare) + Yaeno Muteki (Warfare),Super Creek (Warfare) + Yaeno Muteki (Warfare),Super Creek (Warfare) + Yaeno Muteki (Warfare),Super Creek (Warfare) + Yaeno Muteki (Warfare),Super Creek (Warfare) + Yaeno Muteki (Warfare),Super Creek (Warfare) + Yaeno Muteki (Warfare),Super Creek (Warfare) + Yaeno Muteki (Warfare),,,,,,,,,,,,,,,,,,,,80,Uma Story Ch 1-4,,,,,,,,,Start Date,End Date,Global Datedif,259,,,,,,,,,,,,,,,
,Katsuragi Ace + Sakura Chiyono O + (Ballroom) + Hishi Amazon + (Wedding),Katsuragi Ace + Sakura Chiyono O + (Ballroom) + Hishi Amazon + (Wedding),Katsuragi Ace + Sakura Chiyono O + (Ballroom) + Hishi Amazon + (Wedding),Katsuragi Ace + Sakura Chiyono O + (Ballroom) + Hishi Amazon + (Wedding),Katsuragi Ace + Sakura Chiyono O + (Ballroom) + Hishi Amazon + (Wedding),Katsuragi Ace + Sakura Chiyono O + (Ballroom) + Hishi Amazon + (Wedding),Katsuragi Ace + Sakura Chiyono O + (Ballroom) + Hishi Amazon + (Wedding),Katsuragi Ace + Sakura Chiyono O + (Ballroom) + Hishi Amazon + (Wedding),Katsuragi Ace + Sakura Chiyono O + (Ballroom) + Hishi Amazon + (Wedding),Katsuragi Ace + Sakura Chiyono O + (Ballroom) + Hishi Amazon + (Wedding),Katsuragi Ace + Sakura Chiyono O + (Ballroom) + Hishi Amazon + (Wedding),Katsuragi Ace + Sakura Chiyono O + (Ballroom) + Hishi Amazon + (Wedding),Katsuragi Ace + Sakura Chiyono O + (Ballroom) + Hishi Amazon + (Wedding),Katsuragi Ace + Sakura Chiyono O + (Ballroom) + Hishi Amazon + (Wedding),Katsuragi Ace + Sakura Chiyono O + (Ballroom) + Hishi Amazon + (Wedding),Katsuragi Ace + Sakura Chiyono O + (Ballroom) + Hishi Amazon + (Wedding),Katsuragi Ace + Sakura Chiyono O + (Ballroom) + Hishi Amazon + (Wedding),Katsuragi Ace + Sakura Chiyono O + (Ballroom) + Hishi Amazon + (Wedding),Katsuragi Ace + Sakura Chiyono O + (Ballroom) + Hishi Amazon + (Wedding),Katsuragi Ace + Sakura Chiyono O + (Ballroom) + Hishi Amazon + (Wedding),Katsuragi Ace + Sakura Chiyono O + (Ballroom) + Hishi Amazon + (Wedding),Katsuragi Ace + Sakura Chiyono O + (Ballroom) + Hishi Amazon + (Wedding),Katsuragi Ace + Sakura Chiyono O + (Ballroom) + Hishi Amazon + (Wedding),Katsuragi Ace + Sakura Chiyono O + (Ballroom) + Hishi Amazon + (Wedding),Katsuragi Ace + Sakura Chiyono O + (Ballroom) + Hishi Amazon + (Wedding),,,,,,,,,,,,,,,,,,,,,,,,,,,,,,2022-02-24,2022-03-07,D-Day,-106,,,,,,,,,,,,,,,
,Agnes Tachyon (Alt Version),Agnes Tachyon (Alt Version),Agnes Tachyon (Alt Version),Agnes Tachyon (Alt Version),Agnes Tachyon (Alt Version),Agnes Tachyon (Alt Version),Agnes Tachyon (Alt Version),Agnes Tachyon (Alt Version),Agnes Tachyon (Alt Version),Agnes Tachyon (Alt Version),Agnes Tachyon (Alt Version),Agnes Tachyon (Alt Version),Agnes Tachyon (Alt Version),Agnes Tachyon (Alt Version),Agnes Tachyon (Alt Version),Agnes Tachyon (Alt Version),Agnes Tachyon (Alt Version),Agnes Tachyon (Alt Version),Agnes Tachyon (Alt Version),Agnes Tachyon (Alt Version),Agnes Tachyon (Alt Version),Agnes Tachyon (Alt Version),Agnes Tachyon (Alt Version),Agnes Tachyon (Alt Version),Agnes Tachyon (Alt Version),,,,,,,,,,,,,,,,,,,,0,2026-03-23 21:59:59,k3,,,,,,,,Pull Tickets,,Finals Day,-96,,,,,,,,,,,,,,,
,North Flight,North Flight,North Flight,North Flight,North Flight,North Flight,North Flight,North Flight,North Flight,North Flight,North Flight,North Flight,North Flight,North Flight,North Flight,North Flight,North Flight,North Flight,North Flight,North Flight,North Flight,North Flight,North Flight,North Flight,North Flight,,,,,,,,,,,,,,,,,,,,500,Last Day,,,,,,,,,Uma,Support,Length,11,,,,,,,,,,,,,,,
,King Halo (Wedding) + Sweep Tosho (Wedding),King Halo (Wedding) + Sweep Tosho (Wedding),King Halo (Wedding) + Sweep Tosho (Wedding),King Halo (Wedding) + Sweep Tosho (Wedding),King Halo (Wedding) + Sweep Tosho (Wedding),King Halo (Wedding) + Sweep Tosho (Wedding),King Halo (Wedding) + Sweep Tosho (Wedding),King Halo (Wedding) + Sweep Tosho (Wedding),King Halo (Wedding) + Sweep Tosho (Wedding),King Halo (Wedding) + Sweep Tosho (Wedding),King Halo (Wedding) + Sweep Tosho (Wedding),King Halo (Wedding) + Sweep Tosho (Wedding),King Halo (Wedding) + Sweep Tosho (Wedding),King Halo (Wedding) + Sweep Tosho (Wedding),King Halo (Wedding) + Sweep Tosho (Wedding),King Halo (Wedding) + Sweep Tosho (Wedding),King Halo (Wedding) + Sweep Tosho (Wedding),King Halo (Wedding) + Sweep Tosho (Wedding),King Halo (Wedding) + Sweep Tosho (Wedding),King Halo (Wedding) + Sweep Tosho (Wedding),King Halo (Wedding) + Sweep Tosho (Wedding),King Halo (Wedding) + Sweep Tosho (Wedding),King Halo (Wedding) + Sweep Tosho (Wedding),King Halo (Wedding) + Sweep Tosho (Wedding),King Halo (Wedding) + Sweep Tosho (Wedding),,,,,,,,,,,,,,,,,,,,500,1st Anniversary Celebration Missions Part 2,,,,,,,,,2,2,Dropdown,TRUE,,,,,,,,,,,,,,,
,Jungle Pocket,Jungle Pocket,Jungle Pocket,Jungle Pocket,Jungle Pocket,Jungle Pocket,Jungle Pocket,Jungle Pocket,Jungle Pocket,Jungle Pocket,Jungle Pocket,Jungle Pocket,Jungle Pocket,Jungle Pocket,Jungle Pocket,Jungle Pocket,Jungle Pocket,Jungle Pocket,Jungle Pocket,Jungle Pocket,Jungle Pocket,Jungle Pocket,Jungle Pocket,Jungle Pocket,Jungle Pocket,,,,,,Kitasan Black,Matikanetannhauser,Narita Top Road,,Admire Vega,Mejiro Ryan,Sakura Bakushin O,3* Uma Selector,SSR Selector,Satono Diamond,Mejiro Bright,Special Week,,,,,,,,,,,,,Limit Break Crystals,,,,,,,,,,,,,,,,,,
,Dream Journey,Dream Journey,Dream Journey,Dream Journey,Dream Journey,Dream Journey,Dream Journey,Dream Journey,Dream Journey,Dream Journey,Dream Journey,Dream Journey,Dream Journey,Dream Journey,Dream Journey,Dream Journey,Dream Journey,Dream Journey,Dream Journey,Dream Journey,Dream Journey,Dream Journey,Dream Journey,Dream Journey,Dream Journey,,,,,,Dolphin,✩✩,Dolphin,,Dolphin,,,1 Paid ($21),1 Paid ($21),,,,,,,,,,,,,,,,SSR,SR,,,,,,,,,,,,,,,,,
,Rice Shower (Great Food Festival),Rice Shower (Great Food Festival),Rice Shower (Great Food Festival),Rice Shower (Great Food Festival),Rice Shower (Great Food Festival),Rice Shower (Great Food Festival),Rice Shower (Great Food Festival),Rice Shower (Great Food Festival),Rice Shower (Great Food Festival),Rice Shower (Great Food Festival),Rice Shower (Great Food Festival),Rice Shower (Great Food Festival),Rice Shower (Great Food Festival),Rice Shower (Great Food Festival),Rice Shower (Great Food Festival),Rice Shower (Great Food Festival),Rice Shower (Great Food Festival),Rice Shower (Great Food Festival),Rice Shower (Great Food Festival),Rice Shower (Great Food Festival),Rice Shower (Great Food Festival),Rice Shower (Great Food Festival),Rice Shower (Great Food Festival),Rice Shower (Great Food Festival),Rice Shower (Great Food Festival),,,,,,60x Free Pulls,,60x Free Pulls,,,,,Up to NY Haru & TM Opera,Up to Admire Vega/Spd Matikanefuku,,,,,,,,,,,,,,,,4,4,,,,,,,,,,,,,,,,,
,Calstone Light O,Calstone Light O,Calstone Light O,Calstone Light O,Calstone Light O,Calstone Light O,Calstone Light O,Calstone Light O,Calstone Light O,Calstone Light O,Calstone Light O,Calstone Light O,Calstone Light O,Calstone Light O,Calstone Light O,Calstone Light O,Calstone Light O,Calstone Light O,Calstone Light O,Calstone Light O,Calstone Light O,Calstone Light O,Calstone Light O,Calstone Light O,Calstone Light O,JP,,Global,,,,Free Pulls,,,,,,,,,,,,,0,2026-03-22 22:00:00,k1,0,2026-04-02 21:59:59,,,,,,Date Override,,Start Date,End Date,,,,,,,,,,,,,,,
,Eishin Flash (Summer Trip) + Hokko Tarumae (Summer Trip),Eishin Flash (Summer Trip) + Hokko Tarumae (Summer Trip),Eishin Flash (Summer Trip) + Hokko Tarumae (Summer Trip),Eishin Flash (Summer Trip) + Hokko Tarumae (Summer Trip),Eishin Flash (Summer Trip) + Hokko Tarumae (Summer Trip),Eishin Flash (Summer Trip) + Hokko Tarumae (Summer Trip),Eishin Flash (Summer Trip) + Hokko Tarumae (Summer Trip),Eishin Flash (Summer Trip) + Hokko Tarumae (Summer Trip),Eishin Flash (Summer Trip) + Hokko Tarumae (Summer Trip),Eishin Flash (Summer Trip) + Hokko Tarumae (Summer Trip),Eishin Flash (Summer Trip) + Hokko Tarumae (Summer Trip),Eishin Flash (Summer Trip) + Hokko Tarumae (Summer Trip),Eishin Flash (Summer Trip) + Hokko Tarumae (Summer Trip),Eishin Flash (Summer Trip) + Hokko Tarumae (Summer Trip),Eishin Flash (Summer Trip) + Hokko Tarumae (Summer Trip),Eishin Flash (Summer Trip) + Hokko Tarumae (Summer Trip),Eishin Flash (Summer Trip) + Hokko Tarumae (Summer Trip),Eishin Flash (Summer Trip) + Hokko Tarumae (Summer Trip),Eishin Flash (Summer Trip) + Hokko Tarumae (Summer Trip),Eishin Flash (Summer Trip) + Hokko Tarumae (Summer Trip),Eishin Flash (Summer Trip) + Hokko Tarumae (Summer Trip),Eishin Flash (Summer Trip) + Hokko Tarumae (Summer Trip),Eishin Flash (Summer Trip) + Hokko Tarumae (Summer Trip),Eishin Flash (Summer Trip) + Hokko Tarumae (Summer Trip),Eishin Flash (Summer Trip) + Hokko Tarumae (Summer Trip),Start Date,End Date,Start Date,End Date,,Releases In,Uma,Support,,,,,,,,,,,,80,First Day,Hours,3000,Throughout,,,,,,2026-03-22,,2026-03-22,2026-04-02,,,,,,,,,,,,,,,
,(All) 2,(All) 2,(All) 2,(All) 2,(All) 2,(All) 2,(All) 2,(All) 2,(All) 2,(All) 2,(All) 2,(All) 2,(All) 2,(All) 2,(All) 2,(All) 2,(All) 2,(All) 2,(All) 2,(All) 2,(All) 2,(All) 2,(All) 2,(All) 2,(All) 2,2022-03-07,2022-03-18,2026-03-22,2026-04-02,,-96 Days,12,0,,,,,,,,,,,,80,Uma Story Ch 1-4,,2250,1st Anniversary Login Bonus,,,,,,Banner Type,1,2026-03-22 22:00:00,2026-04-02 21:59:59,Satono Diamond,Marvelous Sunday,,,,,,,,,,,,,
,Gentildonna,Gentildonna,Gentildonna,Gentildonna,Gentildonna,Gentildonna,Gentildonna,Gentildonna,Gentildonna,Gentildonna,Gentildonna,Gentildonna,Gentildonna,Gentildonna,Gentildonna,Gentildonna,Gentildonna,Gentildonna,Gentildonna,Gentildonna,Gentildonna,Gentildonna,Gentildonna,Gentildonna,Gentildonna,,,,,,,,,,,,,,,,,,,,,,,,,,,,,,JP,,JP Datedif,376,,,,,,,0,0,0,0,2026-03-22 22:00:00,,,,
,Neo Universe (Autumn) + Zenno Rob Roy (Autumn),Neo Universe (Autumn) + Zenno Rob Roy (Autumn),Neo Universe (Autumn) + Zenno Rob Roy (Autumn),Neo Universe (Autumn) + Zenno Rob Roy (Autumn),Neo Universe (Autumn) + Zenno Rob Roy (Autumn),Neo Universe (Autumn) + Zenno Rob Roy (Autumn),Neo Universe (Autumn) + Zenno Rob Roy (Autumn),Neo Universe (Autumn) + Zenno Rob Roy (Autumn),Neo Universe (Autumn) + Zenno Rob Roy (Autumn),Neo Universe (Autumn) + Zenno Rob Roy (Autumn),Neo Universe (Autumn) + Zenno Rob Roy (Autumn),Neo Universe (Autumn) + Zenno Rob Roy (Autumn),Neo Universe (Autumn) + Zenno Rob Roy (Autumn),Neo Universe (Autumn) + Zenno Rob Roy (Autumn),Neo Universe (Autumn) + Zenno Rob Roy (Autumn),Neo Universe (Autumn) + Zenno Rob Roy (Autumn),Neo Universe (Autumn) + Zenno Rob Roy (Autumn),Neo Universe (Autumn) + Zenno Rob Roy (Autumn),Neo Universe (Autumn) + Zenno Rob Roy (Autumn),Neo Universe (Autumn) + Zenno Rob Roy (Autumn),Neo Universe (Autumn) + Zenno Rob Roy (Autumn),Neo Universe (Autumn) + Zenno Rob Roy (Autumn),Neo Universe (Autumn) + Zenno Rob Roy (Autumn),Neo Universe (Autumn) + Zenno Rob Roy (Autumn),Neo Universe (Autumn) + Zenno Rob Roy (Autumn),,,,,,,,,,,,,,,,,,,,,,,250,Legend Race (Agnes Tachyon),,,,,,Start Date,End Date,Global Datedif,269,,,,,,,,,,,,,,,
,Cesario,Cesario,Cesario,Cesario,Cesario,Cesario,Cesario,Cesario,Cesario,Cesario,Cesario,Cesario,Cesario,Cesario,Cesario,Cesario,Cesario,Cesario,Cesario,Cesario,Cesario,Cesario,Cesario,Cesario,Cesario,,,,,,,,,,,,,,,,,,,,,,,250,Legend Race (Narita Taishin),,,,,,2022-03-07,2022-03-18,D-Day,-96,,,,,,,,,,,,,,,
,Durandal,Durandal,Durandal,Durandal,Durandal,Durandal,Durandal,Durandal,Durandal,Durandal,Durandal,Durandal,Durandal,Durandal,Durandal,Durandal,Durandal,Durandal,Durandal,Durandal,Durandal,Durandal,Durandal,Durandal,Durandal,,,,,,,,,,,,,,,,,,,,0,2026-04-02 21:59:59,k3,250,Legend Race (Narita Brian),,,,,,Pull Tickets,,Finals Day,-86,,,,,,,,,,,,,,,
,Seeking the Pearl (Halloween) + Mayano Top Gun (Halloween),Seeking the Pearl (Halloween) + Mayano Top Gun (Halloween),Seeking the Pearl (Halloween) + Mayano Top Gun (Halloween),Seeking the Pearl (Halloween) + Mayano Top Gun (Halloween),Seeking the Pearl (Halloween) + Mayano Top Gun (Halloween),Seeking the Pearl (Halloween) + Mayano Top Gun (Halloween),Seeking the Pearl (Halloween) + Mayano Top Gun (Halloween),Seeking the Pearl (Halloween) + Mayano Top Gun (Halloween),Seeking the Pearl (Halloween) + Mayano Top Gun (Halloween),Seeking the Pearl (Halloween) + Mayano Top Gun (Halloween),Seeking the Pearl (Halloween) + Mayano Top Gun (Halloween),Seeking the Pearl (Halloween) + Mayano Top Gun (Halloween),Seeking the Pearl (Halloween) + Mayano Top Gun (Halloween),Seeking the Pearl (Halloween) + Mayano Top Gun (Halloween),Seeking the Pearl (Halloween) + Mayano Top Gun (Halloween),Seeking the Pearl (Halloween) + Mayano Top Gun (Halloween),Seeking the Pearl (Halloween) + Mayano Top Gun (Halloween),Seeking the Pearl (Halloween) + Mayano Top Gun (Halloween),Seeking the Pearl (Halloween) + Mayano Top Gun (Halloween),Seeking the Pearl (Halloween) + Mayano Top Gun (Halloween),Seeking the Pearl (Halloween) + Mayano Top Gun (Halloween),Seeking the Pearl (Halloween) + Mayano Top Gun (Halloween),Seeking the Pearl (Halloween) + Mayano Top Gun (Halloween),Seeking the Pearl (Halloween) + Mayano Top Gun (Halloween),Seeking the Pearl (Halloween) + Mayano Top Gun (Halloween),,,,,,,,,,,,,,,,,,,,450,Last Day,,,,,,,,,Uma,Support,Length,11,,,,,,,,,,,,,,,
,Bubble Gum Fellow,Bubble Gum Fellow,Bubble Gum Fellow,Bubble Gum Fellow,Bubble Gum Fellow,Bubble Gum Fellow,Bubble Gum Fellow,Bubble Gum Fellow,Bubble Gum Fellow,Bubble Gum Fellow,Bubble Gum Fellow,Bubble Gum Fellow,Bubble Gum Fellow,Bubble Gum Fellow,Bubble Gum Fellow,Bubble Gum Fellow,Bubble Gum Fellow,Bubble Gum Fellow,Bubble Gum Fellow,Bubble Gum Fellow,Bubble Gum Fellow,Bubble Gum Fellow,Bubble Gum Fellow,Bubble Gum Fellow,Bubble Gum Fellow,,,,,,,,,,,,,,,,,,,,450,"1st Anniversary Celebration Missions Part 3, SSR Selector",,,,,,,,,1,1,Dropdown,TRUE,,,,,,,,,,,,,,,
,Biwa Hayahide (Mecha),Biwa Hayahide (Mecha),Biwa Hayahide (Mecha),Biwa Hayahide (Mecha),Biwa Hayahide (Mecha),Biwa Hayahide (Mecha),Biwa Hayahide (Mecha),Biwa Hayahide (Mecha),Biwa Hayahide (Mecha),Biwa Hayahide (Mecha),Biwa Hayahide (Mecha),Biwa Hayahide (Mecha),Biwa Hayahide (Mecha),Biwa Hayahide (Mecha),Biwa Hayahide (Mecha),Biwa Hayahide (Mecha),Biwa Hayahide (Mecha),Biwa Hayahide (Mecha),Biwa Hayahide (Mecha),Biwa Hayahide (Mecha),Biwa Hayahide (Mecha),Biwa Hayahide (Mecha),Biwa Hayahide (Mecha),Biwa Hayahide (Mecha),Biwa Hayahide (Mecha),,,,,,Satono Diamond,,Marvelous Sunday,,Curren Chan,,,,Free SSR Selector,,,,,,,,,,,,,,,,Limit Break Crystals,,,,,,,,,,,,,,,,,,
,Narita Taishin (Mecha),Narita Taishin (Mecha),Narita Taishin (Mecha),Narita Taishin (Mecha),Narita Taishin (Mecha),Narita Taishin (Mecha),Narita Taishin (Mecha),Narita Taishin (Mecha),Narita Taishin (Mecha),Narita Taishin (Mecha),Narita Taishin (Mecha),Narita Taishin (Mecha),Narita Taishin (Mecha),Narita Taishin (Mecha),Narita Taishin (Mecha),Narita Taishin (Mecha),Narita Taishin (Mecha),Narita Taishin (Mecha),Narita Taishin (Mecha),Narita Taishin (Mecha),Narita Taishin (Mecha),Narita Taishin (Mecha),Narita Taishin (Mecha),Narita Taishin (Mecha),Narita Taishin (Mecha),,,,,,12x Free Pulls,,,,,,,,Up to Admire Vega/Spd Matikanefuku,,,,,,,,,,,,,,,,SSR,SR,,,,,,,,,,,,,,,,,
,Air Messiah,Air Messiah,Air Messiah,Air Messiah,Air Messiah,Air Messiah,Air Messiah,Air Messiah,Air Messiah,Air Messiah,Air Messiah,Air Messiah,Air Messiah,Air Messiah,Air Messiah,Air Messiah,Air Messiah,Air Messiah,Air Messiah,Air Messiah,Air Messiah,Air Messiah,Air Messiah,Air Messiah,Air Messiah,,,,,,,,,,,,,,,,,,,,,,,,,,,,,,1,3,,,,,,,,,,,,,,,,,
,Narita Top Road (Christmas) + Admire Vega (Christmas),Narita Top Road (Christmas) + Admire Vega (Christmas),Narita Top Road (Christmas) + Admire Vega (Christmas),Narita Top Road (Christmas) + Admire Vega (Christmas),Narita Top Road (Christmas) + Admire Vega (Christmas),Narita Top Road (Christmas) + Admire Vega (Christmas),Narita Top Road (Christmas) + Admire Vega (Christmas),Narita Top Road (Christmas) + Admire Vega (Christmas),Narita Top Road (Christmas) + Admire Vega (Christmas),Narita Top Road (Christmas) + Admire Vega (Christmas),Narita Top Road (Christmas) + Admire Vega (Christmas),Narita Top Road (Christmas) + Admire Vega (Christmas),Narita Top Road (Christmas) + Admire Vega (Christmas),Narita Top Road (Christmas) + Admire Vega (Christmas),Narita Top Road (Christmas) + Admire Vega (Christmas),Narita Top Road (Christmas) + Admire Vega (Christmas),Narita Top Road (Christmas) + Admire Vega (Christmas),Narita Top Road (Christmas) + Admire Vega (Christmas),Narita Top Road (Christmas) + Admire Vega (Christmas),Narita Top Road (Christmas) + Admire Vega (Christmas),Narita Top Road (Christmas) + Admire Vega (Christmas),Narita Top Road (Christmas) + Admire Vega (Christmas),Narita Top Road (Christmas) + Admire Vega (Christmas),Narita Top Road (Christmas) + Admire Vega (Christmas),Narita Top Road (Christmas) + Admire Vega (Christmas),JP,,Global,,,,Free Pulls,,,,Daily Legend Races Released: March 26th 2026,,,,,,,,,0,2026-03-26 22:00:00,k1,0,2026-04-06 21:59:59,,,,,,Date Override,,Start Date,End Date,,,,,,,,,,,,,,,
,Win Variation,Win Variation,Win Variation,Win Variation,Win Variation,Win Variation,Win Variation,Win Variation,Win Variation,Win Variation,Win Variation,Win Variation,Win Variation,Win Variation,Win Variation,Win Variation,Win Variation,Win Variation,Win Variation,Win Variation,Win Variation,Win Variation,Win Variation,Win Variation,Win Variation,Start Date,End Date,Start Date,End Date,,Releases In,Uma,Support,,,,,,,,,,,,80,First Day,Hours,1380,Throughout,,,,,,2026-03-26,,2026-03-26,2026-04-06,,,,,,,,,,,,,,,
,Grass Wonder (New Year),Grass Wonder (New Year),Grass Wonder (New Year),Grass Wonder (New Year),Grass Wonder (New Year),Grass Wonder (New Year),Grass Wonder (New Year),Grass Wonder (New Year),Grass Wonder (New Year),Grass Wonder (New Year),Grass Wonder (New Year),Grass Wonder (New Year),Grass Wonder (New Year),Grass Wonder (New Year),Grass Wonder (New Year),Grass Wonder (New Year),Grass Wonder (New Year),Grass Wonder (New Year),Grass Wonder (New Year),Grass Wonder (New Year),Grass Wonder (New Year),Grass Wonder (New Year),Grass Wonder (New Year),Grass Wonder (New Year),Grass Wonder (New Year),2022-03-18,2022-03-29,2026-03-26,2026-04-06,,-92 Days,0,12,,,,,,,,,,,,80,Uma Story Ch 1-4,,480,Main Story Reward,,,,,,Banner Type,1,2026-03-26 22:00:00,2026-04-06 21:59:59,Mejiro Bright,Zenno Rob Roy + Curren Chan,,,,,,,,,,,,,
,Katsuragi Ace (New Year) + Mr. C.B. (New Year),Katsuragi Ace (New Year) + Mr. C.B. (New Year),Katsuragi Ace (New Year) + Mr. C.B. (New Year),Katsuragi Ace (New Year) + Mr. C.B. (New Year),Katsuragi Ace (New Year) + Mr. C.B. (New Year),Katsuragi Ace (New Year) + Mr. C.B. (New Year),Katsuragi Ace (New Year) + Mr. C.B. (New Year),Katsuragi Ace (New Year) + Mr. C.B. (New Year),Katsuragi Ace (New Year) + Mr. C.B. (New Year),Katsuragi Ace (New Year) + Mr. C.B. (New Year),Katsuragi Ace (New Year) + Mr. C.B. (New Year),Katsuragi Ace (New Year) + Mr. C.B. (New Year),Katsuragi Ace (New Year) + Mr. C.B. (New Year),Katsuragi Ace (New Year) + Mr. C.B. (New Year),Katsuragi Ace (New Year) + Mr. C.B. (New Year),Katsuragi Ace (New Year) + Mr. C.B. (New Year),Katsuragi Ace (New Year) + Mr. C.B. (New Year),Katsuragi Ace (New Year) + Mr. C.B. (New Year),Katsuragi Ace (New Year) + Mr. C.B. (New Year),Katsuragi Ace (New Year) + Mr. C.B. (New Year),Katsuragi Ace (New Year) + Mr. C.B. (New Year),Katsuragi Ace (New Year) + Mr. C.B. (New Year),Katsuragi Ace (New Year) + Mr. C.B. (New Year),Katsuragi Ace (New Year) + Mr. C.B. (New Year),Katsuragi Ace (New Year) + Mr. C.B. (New Year),,,,,,,,,,,,,,,,,,,,,,,900,Trainer Skill Test,,,,,,JP,,JP Datedif,387,,,,,,,0,0,0,0,2026-03-26 22:00:00,,,,
,Maruzensky (New Year),Maruzensky (New Year),Maruzensky (New Year),Maruzensky (New Year),Maruzensky (New Year),Maruzensky (New Year),Maruzensky (New Year),Maruzensky (New Year),Maruzensky (New Year),Maruzensky (New Year),Maruzensky (New Year),Maruzensky (New Year),Maruzensky (New Year),Maruzensky (New Year),Maruzensky (New Year),Maruzensky (New Year),Maruzensky (New Year),Maruzensky (New Year),Maruzensky (New Year),Maruzensky (New Year),Maruzensky (New Year),Maruzensky (New Year),Maruzensky (New Year),Maruzensky (New Year),Maruzensky (New Year),,,,,,,,,,,,,,,,,,,,,,,,,,,,,,Start Date,End Date,Global Datedif,273,,,,,,,,,,,,,,,
,Furioso,Furioso,Furioso,Furioso,Furioso,Furioso,Furioso,Furioso,Furioso,Furioso,Furioso,Furioso,Furioso,Furioso,Furioso,Furioso,Furioso,Furioso,Furioso,Furioso,Furioso,Furioso,Furioso,Furioso,Furioso,,,,,,,,,,,,,,,,,,,,,,,,,,,,,,2022-03-18,2022-03-29,D-Day,-92,,,,,,,,,,,,,,,
,Yamanin Zephyr (Valentine) + Aston Machan (Valentine),Yamanin Zephyr (Valentine) + Aston Machan (Valentine),Yamanin Zephyr (Valentine) + Aston Machan (Valentine),Yamanin Zephyr (Valentine) + Aston Machan (Valentine),Yamanin Zephyr (Valentine) + Aston Machan (Valentine),Yamanin Zephyr (Valentine) + Aston Machan (Valentine),Yamanin Zephyr (Valentine) + Aston Machan (Valentine),Yamanin Zephyr (Valentine) + Aston Machan (Valentine),Yamanin Zephyr (Valentine) + Aston Machan (Valentine),Yamanin Zephyr (Valentine) + Aston Machan (Valentine),Yamanin Zephyr (Valentine) + Aston Machan (Valentine),Yamanin Zephyr (Valentine) + Aston Machan (Valentine),Yamanin Zephyr (Valentine) + Aston Machan (Valentine),Yamanin Zephyr (Valentine) + Aston Machan (Valentine),Yamanin Zephyr (Valentine) + Aston Machan (Valentine),Yamanin Zephyr (Valentine) + Aston Machan (Valentine),Yamanin Zephyr (Valentine) + Aston Machan (Valentine),Yamanin Zephyr (Valentine) + Aston Machan (Valentine),Yamanin Zephyr (Valentine) + Aston Machan (Valentine),Yamanin Zephyr (Valentine) + Aston Machan (Valentine),Yamanin Zephyr (Valentine) + Aston Machan (Valentine),Yamanin Zephyr (Valentine) + Aston Machan (Valentine),Yamanin Zephyr (Valentine) + Aston Machan (Valentine),Yamanin Zephyr (Valentine) + Aston Machan (Valentine),Yamanin Zephyr (Valentine) + Aston Machan (Valentine),,,,,,,,,,,,,,,,,,,,0,2026-04-06 21:59:59,k3,,,,,,,,Pull Tickets,,Finals Day,-82,,,,,,,,,,,,,,,
,Tsurumaru Tsuyoshi,Tsurumaru Tsuyoshi,Tsurumaru Tsuyoshi,Tsurumaru Tsuyoshi,Tsurumaru Tsuyoshi,Tsurumaru Tsuyoshi,Tsurumaru Tsuyoshi,Tsurumaru Tsuyoshi,Tsurumaru Tsuyoshi,Tsurumaru Tsuyoshi,Tsurumaru Tsuyoshi,Tsurumaru Tsuyoshi,Tsurumaru Tsuyoshi,Tsurumaru Tsuyoshi,Tsurumaru Tsuyoshi,Tsurumaru Tsuyoshi,Tsurumaru Tsuyoshi,Tsurumaru Tsuyoshi,Tsurumaru Tsuyoshi,Tsurumaru Tsuyoshi,Tsurumaru Tsuyoshi,Tsurumaru Tsuyoshi,Tsurumaru Tsuyoshi,Tsurumaru Tsuyoshi,Tsurumaru Tsuyoshi,,,,,,,,,,,,,,,,,,,,450,Last Day,,,,,,,,,Uma,Support,Length,11,,,,,,,,,,,,,,,
,Orfevre,Orfevre,Orfevre,Orfevre,Orfevre,Orfevre,Orfevre,Orfevre,Orfevre,Orfevre,Orfevre,Orfevre,Orfevre,Orfevre,Orfevre,Orfevre,Orfevre,Orfevre,Orfevre,Orfevre,Orfevre,Orfevre,Orfevre,Orfevre,Orfevre,,,,,,,,,,,,,,,,,,,,150,Spring G1 Celebration Missions Part 1 (Takamatsunomiya Kinen),,,,,,,,,5,5,Dropdown,TRUE,,,,,,,,,,,,,,,
,Gran Alegria,Gran Alegria,Gran Alegria,Gran Alegria,Gran Alegria,Gran Alegria,Gran Alegria,Gran Alegria,Gran Alegria,Gran Alegria,Gran Alegria,Gran Alegria,Gran Alegria,Gran Alegria,Gran Alegria,Gran Alegria,Gran Alegria,Gran Alegria,Gran Alegria,Gran Alegria,Gran Alegria,Gran Alegria,Gran Alegria,Gran Alegria,Gran Alegria,,,,,,Mejiro Bright,,Zenno Rob Roy,Curren Chan,,,,,Random SSR Card,,,Team Sirius,,,300,Tracen Academy Special: Master Trainer's Road 3,,,,,,,,,Limit Break Crystals,,,,,,,,,,,,,,,,,,
,No Reason,No Reason,No Reason,No Reason,No Reason,No Reason,No Reason,No Reason,No Reason,No Reason,No Reason,No Reason,No Reason,No Reason,No Reason,No Reason,No Reason,No Reason,No Reason,No Reason,No Reason,No Reason,No Reason,No Reason,No Reason,,,,,,,,12x Free Pulls,,,,,,Up to Curren Chan wit/Narita Brian stam,,,,,,,,,,,,,,,,SSR,SR,,,,,,,,,,,,,,,,,
,Tap Dance City (Ballroom) + Tanino Gimlet (Ballroom),Tap Dance City (Ballroom) + Tanino Gimlet (Ballroom),Tap Dance City (Ballroom) + Tanino Gimlet (Ballroom),Tap Dance City (Ballroom) + Tanino Gimlet (Ballroom),Tap Dance City (Ballroom) + Tanino Gimlet (Ballroom),Tap Dance City (Ballroom) + Tanino Gimlet (Ballroom),Tap Dance City (Ballroom) + Tanino Gimlet (Ballroom),Tap Dance City (Ballroom) + Tanino Gimlet (Ballroom),Tap Dance City (Ballroom) + Tanino Gimlet (Ballroom),Tap Dance City (Ballroom) + Tanino Gimlet (Ballroom),Tap Dance City (Ballroom) + Tanino Gimlet (Ballroom),Tap Dance City (Ballroom) + Tanino Gimlet (Ballroom),Tap Dance City (Ballroom) + Tanino Gimlet (Ballroom),Tap Dance City (Ballroom) + Tanino Gimlet (Ballroom),Tap Dance City (Ballroom) + Tanino Gimlet (Ballroom),Tap Dance City (Ballroom) + Tanino Gimlet (Ballroom),Tap Dance City (Ballroom) + Tanino Gimlet (Ballroom),Tap Dance City (Ballroom) + Tanino Gimlet (Ballroom),Tap Dance City (Ballroom) + Tanino Gimlet (Ballroom),Tap Dance City (Ballroom) + Tanino Gimlet (Ballroom),Tap Dance City (Ballroom) + Tanino Gimlet (Ballroom),Tap Dance City (Ballroom) + Tanino Gimlet (Ballroom),Tap Dance City (Ballroom) + Tanino Gimlet (Ballroom),Tap Dance City (Ballroom) + Tanino Gimlet (Ballroom),Tap Dance City (Ballroom) + Tanino Gimlet (Ballroom),,,,,,,,,,,,,,,,,,,,,,,,,,,,,,1,1,,,,,,,,,,,,,,,,,
,Sirius Symboli (The Twinkle Legends),Sirius Symboli (The Twinkle Legends),Sirius Symboli (The Twinkle Legends),Sirius Symboli (The Twinkle Legends),Sirius Symboli (The Twinkle Legends),Sirius Symboli (The Twinkle Legends),Sirius Symboli (The Twinkle Legends),Sirius Symboli (The Twinkle Legends),Sirius Symboli (The Twinkle Legends),Sirius Symboli (The Twinkle Legends),Sirius Symboli (The Twinkle Legends),Sirius Symboli (The Twinkle Legends),Sirius Symboli (The Twinkle Legends),Sirius Symboli (The Twinkle Legends),Sirius Symboli (The Twinkle Legends),Sirius Symboli (The Twinkle Legends),Sirius Symboli (The Twinkle Legends),Sirius Symboli (The Twinkle Legends),Sirius Symboli (The Twinkle Legends),Sirius Symboli (The Twinkle Legends),Sirius Symboli (The Twinkle Legends),Sirius Symboli (The Twinkle Legends),Sirius Symboli (The Twinkle Legends),Sirius Symboli (The Twinkle Legends),Sirius Symboli (The Twinkle Legends),,,,,,,,,,,,,,,,,,,,,,,,,,,,,,Date Override,,Start Date,End Date,,,,,,,,,,,,,,,
,Fenomeno,Fenomeno,Fenomeno,Fenomeno,Fenomeno,Fenomeno,Fenomeno,Fenomeno,Fenomeno,Fenomeno,Fenomeno,Fenomeno,Fenomeno,Fenomeno,Fenomeno,Fenomeno,Fenomeno,Fenomeno,Fenomeno,Fenomeno,Fenomeno,Fenomeno,Fenomeno,Fenomeno,Fenomeno,,,,,,,,,,,,,,,,,,,,,,,,,,,,,,2026-03-30,,2026-03-30,2026-04-05,,,,,,,,,,,,,,,
,Copano Rickey (Parade) + Smart Falcon (Parade),Copano Rickey (Parade) + Smart Falcon (Parade),Copano Rickey (Parade) + Smart Falcon (Parade),Copano Rickey (Parade) + Smart Falcon (Parade),Copano Rickey (Parade) + Smart Falcon (Parade),Copano Rickey (Parade) + Smart Falcon (Parade),Copano Rickey (Parade) + Smart Falcon (Parade),Copano Rickey (Parade) + Smart Falcon (Parade),Copano Rickey (Parade) + Smart Falcon (Parade),Copano Rickey (Parade) + Smart Falcon (Parade),Copano Rickey (Parade) + Smart Falcon (Parade),Copano Rickey (Parade) + Smart Falcon (Parade),Copano Rickey (Parade) + Smart Falcon (Parade),Copano Rickey (Parade) + Smart Falcon (Parade),Copano Rickey (Parade) + Smart Falcon (Parade),Copano Rickey (Parade) + Smart Falcon (Parade),Copano Rickey (Parade) + Smart Falcon (Parade),Copano Rickey (Parade) + Smart Falcon (Parade),Copano Rickey (Parade) + Smart Falcon (Parade),Copano Rickey (Parade) + Smart Falcon (Parade),Copano Rickey (Parade) + Smart Falcon (Parade),Copano Rickey (Parade) + Smart Falcon (Parade),Copano Rickey (Parade) + Smart Falcon (Parade),Copano Rickey (Parade) + Smart Falcon (Parade),Copano Rickey (Parade) + Smart Falcon (Parade),,,,,,,,,,,,,,,,,,,,,,,,,,,,,,Banner Type,-1,2026-03-30 22:00:00,2026-04-05 21:59:59,,,,,,,,,,,,,,,
,Oguri Cap + (Christmas) + Gold Ship (Summer) + (Project L'Arc) + Mejiro McQueen + (Summer) + (Anime Collab) + Tamamo Cross + (Festival) + Curren Chan + (Wedding) + Seiun Sky + (Ballroom) + Hishi Miracle + Biwa Hayahide + (Christmas) + (Mecha),Oguri Cap + (Christmas) + Gold Ship (Summer) + (Project L'Arc) + Mejiro McQueen + (Summer) + (Anime Collab) + Tamamo Cross + (Festival) + Curren Chan + (Wedding) + Seiun Sky + (Ballroom) + Hishi Miracle + Biwa Hayahide + (Christmas) + (Mecha),Oguri Cap + (Christmas) + Gold Ship (Summer) + (Project L'Arc) + Mejiro McQueen + (Summer) + (Anime Collab) + Tamamo Cross + (Festival) + Curren Chan + (Wedding) + Seiun Sky + (Ballroom) + Hishi Miracle + Biwa Hayahide + (Christmas) + (Mecha),Oguri Cap + (Christmas) + Gold Ship (Summer) + (Project L'Arc) + Mejiro McQueen + (Summer) + (Anime Collab) + Tamamo Cross + (Festival) + Curren Chan + (Wedding) + Seiun Sky + (Ballroom) + Hishi Miracle + Biwa Hayahide + (Christmas) + (Mecha),Oguri Cap + (Christmas) + Gold Ship (Summer) + (Project L'Arc) + Mejiro McQueen + (Summer) + (Anime Collab) + Tamamo Cross + (Festival) + Curren Chan + (Wedding) + Seiun Sky + (Ballroom) + Hishi Miracle + Biwa Hayahide + (Christmas) + (Mecha),Oguri Cap + (Christmas) + Gold Ship (Summer) + (Project L'Arc) + Mejiro McQueen + (Summer) + (Anime Collab) + Tamamo Cross + (Festival) + Curren Chan + (Wedding) + Seiun Sky + (Ballroom) + Hishi Miracle + Biwa Hayahide + (Christmas) + (Mecha),Oguri Cap + (Christmas) + Gold Ship (Summer) + (Project L'Arc) + Mejiro McQueen + (Summer) + (Anime Collab) + Tamamo Cross + (Festival) + Curren Chan + (Wedding) + Seiun Sky + (Ballroom) + Hishi Miracle + Biwa Hayahide + (Christmas) + (Mecha),Oguri Cap + (Christmas) + Gold Ship (Summer) + (Project L'Arc) + Mejiro McQueen + (Summer) + (Anime Collab) + Tamamo Cross + (Festival) + Curren Chan + (Wedding) + Seiun Sky + (Ballroom) + Hishi Miracle + Biwa Hayahide + (Christmas) + (Mecha),Oguri Cap + (Christmas) + Gold Ship (Summer) + (Project L'Arc) + Mejiro McQueen + (Summer) + (Anime Collab) + Tamamo Cross + (Festival) + Curren Chan + (Wedding) + Seiun Sky + (Ballroom) + Hishi Miracle + Biwa Hayahide + (Christmas) + (Mecha),Oguri Cap + (Christmas) + Gold Ship (Summer) + (Project L'Arc) + Mejiro McQueen + (Summer) + (Anime Collab) + Tamamo Cross + (Festival) + Curren Chan + (Wedding) + Seiun Sky + (Ballroom) + Hishi Miracle + Biwa Hayahide + (Christmas) + (Mecha),Oguri Cap + (Christmas) + Gold Ship (Summer) + (Project L'Arc) + Mejiro McQueen + (Summer) + (Anime Collab) + Tamamo Cross + (Festival) + Curren Chan + (Wedding) + Seiun Sky + (Ballroom) + Hishi Miracle + Biwa Hayahide + (Christmas) + (Mecha),Oguri Cap + (Christmas) + Gold Ship (Summer) + (Project L'Arc) + Mejiro McQueen + (Summer) + (Anime Collab) + Tamamo Cross + (Festival) + Curren Chan + (Wedding) + Seiun Sky + (Ballroom) + Hishi Miracle + Biwa Hayahide + (Christmas) + (Mecha),Oguri Cap + (Christmas) + Gold Ship (Summer) + (Project L'Arc) + Mejiro McQueen + (Summer) + (Anime Collab) + Tamamo Cross + (Festival) + Curren Chan + (Wedding) + Seiun Sky + (Ballroom) + Hishi Miracle + Biwa Hayahide + (Christmas) + (Mecha),Oguri Cap + (Christmas) + Gold Ship (Summer) + (Project L'Arc) + Mejiro McQueen + (Summer) + (Anime Collab) + Tamamo Cross + (Festival) + Curren Chan + (Wedding) + Seiun Sky + (Ballroom) + Hishi Miracle + Biwa Hayahide + (Christmas) + (Mecha),Oguri Cap + (Christmas) + Gold Ship (Summer) + (Project L'Arc) + Mejiro McQueen + (Summer) + (Anime Collab) + Tamamo Cross + (Festival) + Curren Chan + (Wedding) + Seiun Sky + (Ballroom) + Hishi Miracle + Biwa Hayahide + (Christmas) + (Mecha),Oguri Cap + (Christmas) + Gold Ship (Summer) + (Project L'Arc) + Mejiro McQueen + (Summer) + (Anime Collab) + Tamamo Cross + (Festival) + Curren Chan + (Wedding) + Seiun Sky + (Ballroom) + Hishi Miracle + Biwa Hayahide + (Christmas) + (Mecha),Oguri Cap + (Christmas) + Gold Ship (Summer) + (Project L'Arc) + Mejiro McQueen + (Summer) + (Anime Collab) + Tamamo Cross + (Festival) + Curren Chan + (Wedding) + Seiun Sky + (Ballroom) + Hishi Miracle + Biwa Hayahide + (Christmas) + (Mecha),Oguri Cap + (Christmas) + Gold Ship (Summer) + (Project L'Arc) + Mejiro McQueen + (Summer) + (Anime Collab) + Tamamo Cross + (Festival) + Curren Chan + (Wedding) + Seiun Sky + (Ballroom) + Hishi Miracle + Biwa Hayahide + (Christmas) + (Mecha),Oguri Cap + (Christmas) + Gold Ship (Summer) + (Project L'Arc) + Mejiro McQueen + (Summer) + (Anime Collab) + Tamamo Cross + (Festival) + Curren Chan + (Wedding) + Seiun Sky + (Ballroom) + Hishi Miracle + Biwa Hayahide + (Christmas) + (Mecha),Oguri Cap + (Christmas) + Gold Ship (Summer) + (Project L'Arc) + Mejiro McQueen + (Summer) + (Anime Collab) + Tamamo Cross + (Festival) + Curren Chan + (Wedding) + Seiun Sky + (Ballroom) + Hishi Miracle + Biwa Hayahide + (Christmas) + (Mecha),Oguri Cap + (Christmas) + Gold Ship (Summer) + (Project L'Arc) + Mejiro McQueen + (Summer) + (Anime Collab) + Tamamo Cross + (Festival) + Curren Chan + (Wedding) + Seiun Sky + (Ballroom) + Hishi Miracle + Biwa Hayahide + (Christmas) + (Mecha),Oguri Cap + (Christmas) + Gold Ship (Summer) + (Project L'Arc) + Mejiro McQueen + (Summer) + (Anime Collab) + Tamamo Cross + (Festival) + Curren Chan + (Wedding) + Seiun Sky + (Ballroom) + Hishi Miracle + Biwa Hayahide + (Christmas) + (Mecha),Oguri Cap + (Christmas) + Gold Ship (Summer) + (Project L'Arc) + Mejiro McQueen + (Summer) + (Anime Collab) + Tamamo Cross + (Festival) + Curren Chan + (Wedding) + Seiun Sky + (Ballroom) + Hishi Miracle + Biwa Hayahide + (Christmas) + (Mecha),Oguri Cap + (Christmas) + Gold Ship (Summer) + (Project L'Arc) + Mejiro McQueen + (Summer) + (Anime Collab) + Tamamo Cross + (Festival) + Curren Chan + (Wedding) + Seiun Sky + (Ballroom) + Hishi Miracle + Biwa Hayahide + (Christmas) + (Mecha),Oguri Cap + (Christmas) + Gold Ship (Summer) + (Project L'Arc) + Mejiro McQueen + (Summer) + (Anime Collab) + Tamamo Cross + (Festival) + Curren Chan + (Wedding) + Seiun Sky + (Ballroom) + Hishi Miracle + Biwa Hayahide + (Christmas) + (Mecha),,,,,,,,,,,,,,,,,,,,,,,,,,,,,,JP,,JP Datedif,391,,,,,,,0,0,0,0,2026-03-30 22:00:00,0,2026-04-04 21:59:59,,
,Verxina,Verxina,Verxina,Verxina,Verxina,Verxina,Verxina,Verxina,Verxina,Verxina,Verxina,Verxina,Verxina,Verxina,Verxina,Verxina,Verxina,Verxina,Verxina,Verxina,Verxina,Verxina,Verxina,Verxina,Verxina,,,,,,,,,,,,,,,,,,,,,,,,,,,,,,Start Date,End Date,Global Datedif,277,,,,,,,,,,,,,,,
,Loves Only You,Loves Only You,Loves Only You,Loves Only You,Loves Only You,Loves Only You,Loves Only You,Loves Only You,Loves Only You,Loves Only You,Loves Only You,Loves Only You,Loves Only You,Loves Only You,Loves Only You,Loves Only You,Loves Only You,Loves Only You,Loves Only You,Loves Only You,Loves Only You,Loves Only You,Loves Only You,Loves Only You,Loves Only You,,,,,,,,,,,,,,,,,,,,,,,,,,,,,,2022-03-22,2022-03-28,D-Day,-88,,,,,,,,,,,,,,,
,Cesario (Wedding) + Mejiro Ramonu (Wedding),Cesario (Wedding) + Mejiro Ramonu (Wedding),Cesario (Wedding) + Mejiro Ramonu (Wedding),Cesario (Wedding) + Mejiro Ramonu (Wedding),Cesario (Wedding) + Mejiro Ramonu (Wedding),Cesario (Wedding) + Mejiro Ramonu (Wedding),Cesario (Wedding) + Mejiro Ramonu (Wedding),Cesario (Wedding) + Mejiro Ramonu (Wedding),Cesario (Wedding) + Mejiro Ramonu (Wedding),Cesario (Wedding) + Mejiro Ramonu (Wedding),Cesario (Wedding) + Mejiro Ramonu (Wedding),Cesario (Wedding) + Mejiro Ramonu (Wedding),Cesario (Wedding) + Mejiro Ramonu (Wedding),Cesario (Wedding) + Mejiro Ramonu (Wedding),Cesario (Wedding) + Mejiro Ramonu (Wedding),Cesario (Wedding) + Mejiro Ramonu (Wedding),Cesario (Wedding) + Mejiro Ramonu (Wedding),Cesario (Wedding) + Mejiro Ramonu (Wedding),Cesario (Wedding) + Mejiro Ramonu (Wedding),Cesario (Wedding) + Mejiro Ramonu (Wedding),Cesario (Wedding) + Mejiro Ramonu (Wedding),Cesario (Wedding) + Mejiro Ramonu (Wedding),Cesario (Wedding) + Mejiro Ramonu (Wedding),Cesario (Wedding) + Mejiro Ramonu (Wedding),Cesario (Wedding) + Mejiro Ramonu (Wedding),,,,,,,1200+1G,1200,500,1200,,,,,,,,,,,,,,,,,,,,Pull Tickets,,Finals Day,-83,,,,,,,,,,,,,,,
,Chrono Genesis,Chrono Genesis,Chrono Genesis,Chrono Genesis,Chrono Genesis,Chrono Genesis,Chrono Genesis,Chrono Genesis,Chrono Genesis,Chrono Genesis,Chrono Genesis,Chrono Genesis,Chrono Genesis,Chrono Genesis,Chrono Genesis,Chrono Genesis,Chrono Genesis,Chrono Genesis,Chrono Genesis,Chrono Genesis,Chrono Genesis,Chrono Genesis,Chrono Genesis,Chrono Genesis,Chrono Genesis,,,,,,,,,,,,,,,,,,,,,,,,,,,,,,Uma,Support,Length,6,,,,,,,,,,,,,,,
,Gold City (Deserted Island),Gold City (Deserted Island),Gold City (Deserted Island),Gold City (Deserted Island),Gold City (Deserted Island),Gold City (Deserted Island),Gold City (Deserted Island),Gold City (Deserted Island),Gold City (Deserted Island),Gold City (Deserted Island),Gold City (Deserted Island),Gold City (Deserted Island),Gold City (Deserted Island),Gold City (Deserted Island),Gold City (Deserted Island),Gold City (Deserted Island),Gold City (Deserted Island),Gold City (Deserted Island),Gold City (Deserted Island),Gold City (Deserted Island),Gold City (Deserted Island),Gold City (Deserted Island),Gold City (Deserted Island),Gold City (Deserted Island),Gold City (Deserted Island),,,,,,,,,,,,,,,,,,,,,,,,,,,,,,,,Dropdown,TRUE,,,,,,,,,,,,,,,
,Ines Fujin (Deserted Island),Ines Fujin (Deserted Island),Ines Fujin (Deserted Island),Ines Fujin (Deserted Island),Ines Fujin (Deserted Island),Ines Fujin (Deserted Island),Ines Fujin (Deserted Island),Ines Fujin (Deserted Island),Ines Fujin (Deserted Island),Ines Fujin (Deserted Island),Ines Fujin (Deserted Island),Ines Fujin (Deserted Island),Ines Fujin (Deserted Island),Ines Fujin (Deserted Island),Ines Fujin (Deserted Island),Ines Fujin (Deserted Island),Ines Fujin (Deserted Island),Ines Fujin (Deserted Island),Ines Fujin (Deserted Island),Ines Fujin (Deserted Island),Ines Fujin (Deserted Island),Ines Fujin (Deserted Island),Ines Fujin (Deserted Island),Ines Fujin (Deserted Island),Ines Fujin (Deserted Island),,,,,,,,,,,,,,,,,,,,,,,,,,,,,,Limit Break Crystals,,,,,,,,,,,,,,,,,,
,Fusaichi Pandora,Fusaichi Pandora,Fusaichi Pandora,Fusaichi Pandora,Fusaichi Pandora,Fusaichi Pandora,Fusaichi Pandora,Fusaichi Pandora,Fusaichi Pandora,Fusaichi Pandora,Fusaichi Pandora,Fusaichi Pandora,Fusaichi Pandora,Fusaichi Pandora,Fusaichi Pandora,Fusaichi Pandora,Fusaichi Pandora,Fusaichi Pandora,Fusaichi Pandora,Fusaichi Pandora,Fusaichi Pandora,Fusaichi Pandora,Fusaichi Pandora,Fusaichi Pandora,Fusaichi Pandora,,,,,,,,,,,,,,,,,,,,,,,,,,,,,,SSR,SR,,,,,,,,,,,,,,,,,
,Cheval Grand (Summer) + Satono Crown (Summer),Cheval Grand (Summer) + Satono Crown (Summer),Cheval Grand (Summer) + Satono Crown (Summer),Cheval Grand (Summer) + Satono Crown (Summer),Cheval Grand (Summer) + Satono Crown (Summer),Cheval Grand (Summer) + Satono Crown (Summer),Cheval Grand (Summer) + Satono Crown (Summer),Cheval Grand (Summer) + Satono Crown (Summer),Cheval Grand (Summer) + Satono Crown (Summer),Cheval Grand (Summer) + Satono Crown (Summer),Cheval Grand (Summer) + Satono Crown (Summer),Cheval Grand (Summer) + Satono Crown (Summer),Cheval Grand (Summer) + Satono Crown (Summer),Cheval Grand (Summer) + Satono Crown (Summer),Cheval Grand (Summer) + Satono Crown (Summer),Cheval Grand (Summer) + Satono Crown (Summer),Cheval Grand (Summer) + Satono Crown (Summer),Cheval Grand (Summer) + Satono Crown (Summer),Cheval Grand (Summer) + Satono Crown (Summer),Cheval Grand (Summer) + Satono Crown (Summer),Cheval Grand (Summer) + Satono Crown (Summer),Cheval Grand (Summer) + Satono Crown (Summer),Cheval Grand (Summer) + Satono Crown (Summer),Cheval Grand (Summer) + Satono Crown (Summer),Cheval Grand (Summer) + Satono Crown (Summer),,,,,,,,,,,,,,,,,,,,,,,,,,,,,,,,,,,,,,,,,,,,,,,,
,Vivlos (Summer),Vivlos (Summer),Vivlos (Summer),Vivlos (Summer),Vivlos (Summer),Vivlos (Summer),Vivlos (Summer),Vivlos (Summer),Vivlos (Summer),Vivlos (Summer),Vivlos (Summer),Vivlos (Summer),Vivlos (Summer),Vivlos (Summer),Vivlos (Summer),Vivlos (Summer),Vivlos (Summer),Vivlos (Summer),Vivlos (Summer),Vivlos (Summer),Vivlos (Summer),Vivlos (Summer),Vivlos (Summer),Vivlos (Summer),Vivlos (Summer),JP,,Global,,,,,,,,,,,,,,,,,0,2026-04-05 22:00:00,k1,0,2026-04-18 21:59:59,,,,,,Date Override,,Start Date,End Date,,,,,,,,,,,,,,,
,Still in Love,Still in Love,Still in Love,Still in Love,Still in Love,Still in Love,Still in Love,Still in Love,Still in Love,Still in Love,Still in Love,Still in Love,Still in Love,Still in Love,Still in Love,Still in Love,Still in Love,Still in Love,Still in Love,Still in Love,Still in Love,Still in Love,Still in Love,Still in Love,Still in Love,Start Date,End Date,Start Date,End Date,,Releases In,,,,,,,,,,,,,,0,First Day,Hours,2160,Throughout,,,,,,2026-04-05,,2026-04-05,2026-04-18,,,,,,,,,,,,,,,
,K.S.Miracle (Alt Version) + Hishi Miracle (Alt Version),K.S.Miracle (Alt Version) + Hishi Miracle (Alt Version),K.S.Miracle (Alt Version) + Hishi Miracle (Alt Version),K.S.Miracle (Alt Version) + Hishi Miracle (Alt Version),K.S.Miracle (Alt Version) + Hishi Miracle (Alt Version),K.S.Miracle (Alt Version) + Hishi Miracle (Alt Version),K.S.Miracle (Alt Version) + Hishi Miracle (Alt Version),K.S.Miracle (Alt Version) + Hishi Miracle (Alt Version),K.S.Miracle (Alt Version) + Hishi Miracle (Alt Version),K.S.Miracle (Alt Version) + Hishi Miracle (Alt Version),K.S.Miracle (Alt Version) + Hishi Miracle (Alt Version),K.S.Miracle (Alt Version) + Hishi Miracle (Alt Version),K.S.Miracle (Alt Version) + Hishi Miracle (Alt Version),K.S.Miracle (Alt Version) + Hishi Miracle (Alt Version),K.S.Miracle (Alt Version) + Hishi Miracle (Alt Version),K.S.Miracle (Alt Version) + Hishi Miracle (Alt Version),K.S.Miracle (Alt Version) + Hishi Miracle (Alt Version),K.S.Miracle (Alt Version) + Hishi Miracle (Alt Version),K.S.Miracle (Alt Version) + Hishi Miracle (Alt Version),K.S.Miracle (Alt Version) + Hishi Miracle (Alt Version),K.S.Miracle (Alt Version) + Hishi Miracle (Alt Version),K.S.Miracle (Alt Version) + Hishi Miracle (Alt Version),K.S.Miracle (Alt Version) + Hishi Miracle (Alt Version),K.S.Miracle (Alt Version) + Hishi Miracle (Alt Version),K.S.Miracle (Alt Version) + Hishi Miracle (Alt Version),2022-03-29,2022-04-11,2026-04-05,2026-04-18,,-82 Days,,,,,,,,,,,,,,,,,2160,"Event Rewards (Story, Bingo, Event Pt)",,,,,,Banner Type,1,2026-04-05 22:00:00,2026-04-18 21:59:59,Seiun Sky (Ballroom) + Fuji Kiseki (Ballroom),Symboli Rudolf + Sirius Symboli,,,,,,,,,,,,,
,Espoir City,Espoir City,Espoir City,Espoir City,Espoir City,Espoir City,Espoir City,Espoir City,Espoir City,Espoir City,Espoir City,Espoir City,Espoir City,Espoir City,Espoir City,Espoir City,Espoir City,Espoir City,Espoir City,Espoir City,Espoir City,Espoir City,Espoir City,Espoir City,Espoir City,,,,,,,,,,,,,,,,,,,,,,,,,,,,,,JP,,JP Datedif,398,,,,,,,0,0,0,0,2026-04-05 22:00:00,,,,
,Believe,Believe,Believe,Believe,Believe,Believe,Believe,Believe,Believe,Believe,Believe,Believe,Believe,Believe,Believe,Believe,Believe,Believe,Believe,Believe,Believe,Believe,Believe,Believe,Believe,,,,,,,,,,,,,,,,,,,,,,,,,,,,,,Start Date,End Date,Global Datedif,283,,,,,,,,,,,,,,,
,Hishi Akebono (Halloween) + Marvelous Sunday (Halloween),Hishi Akebono (Halloween) + Marvelous Sunday (Halloween),Hishi Akebono (Halloween) + Marvelous Sunday (Halloween),Hishi Akebono (Halloween) + Marvelous Sunday (Halloween),Hishi Akebono (Halloween) + Marvelous Sunday (Halloween),Hishi Akebono (Halloween) + Marvelous Sunday (Halloween),Hishi Akebono (Halloween) + Marvelous Sunday (Halloween),Hishi Akebono (Halloween) + Marvelous Sunday (Halloween),Hishi Akebono (Halloween) + Marvelous Sunday (Halloween),Hishi Akebono (Halloween) + Marvelous Sunday (Halloween),Hishi Akebono (Halloween) + Marvelous Sunday (Halloween),Hishi Akebono (Halloween) + Marvelous Sunday (Halloween),Hishi Akebono (Halloween) + Marvelous Sunday (Halloween),Hishi Akebono (Halloween) + Marvelous Sunday (Halloween),Hishi Akebono (Halloween) + Marvelous Sunday (Halloween),Hishi Akebono (Halloween) + Marvelous Sunday (Halloween),Hishi Akebono (Halloween) + Marvelous Sunday (Halloween),Hishi Akebono (Halloween) + Marvelous Sunday (Halloween),Hishi Akebono (Halloween) + Marvelous Sunday (Halloween),Hishi Akebono (Halloween) + Marvelous Sunday (Halloween),Hishi Akebono (Halloween) + Marvelous Sunday (Halloween),Hishi Akebono (Halloween) + Marvelous Sunday (Halloween),Hishi Akebono (Halloween) + Marvelous Sunday (Halloween),Hishi Akebono (Halloween) + Marvelous Sunday (Halloween),Hishi Akebono (Halloween) + Marvelous Sunday (Halloween),,,,,,,,,,,,,,,,,,,,,,,,,,,,,,2022-03-29,2022-04-11,D-Day,-82,,,,,,,,,,,,,,,
,Tosen Jordan (Halloween),Tosen Jordan (Halloween),Tosen Jordan (Halloween),Tosen Jordan (Halloween),Tosen Jordan (Halloween),Tosen Jordan (Halloween),Tosen Jordan (Halloween),Tosen Jordan (Halloween),Tosen Jordan (Halloween),Tosen Jordan (Halloween),Tosen Jordan (Halloween),Tosen Jordan (Halloween),Tosen Jordan (Halloween),Tosen Jordan (Halloween),Tosen Jordan (Halloween),Tosen Jordan (Halloween),Tosen Jordan (Halloween),Tosen Jordan (Halloween),Tosen Jordan (Halloween),Tosen Jordan (Halloween),Tosen Jordan (Halloween),Tosen Jordan (Halloween),Tosen Jordan (Halloween),Tosen Jordan (Halloween),Tosen Jordan (Halloween),,,,,,,,,,,,,,,,,,,,0,2026-04-18 21:59:59,k3,,,,,,,,Pull Tickets,,Finals Day,-70,,,,,,,,,,,,,,,
,Dantsu Flame,Dantsu Flame,Dantsu Flame,Dantsu Flame,Dantsu Flame,Dantsu Flame,Dantsu Flame,Dantsu Flame,Dantsu Flame,Dantsu Flame,Dantsu Flame,Dantsu Flame,Dantsu Flame,Dantsu Flame,Dantsu Flame,Dantsu Flame,Dantsu Flame,Dantsu Flame,Dantsu Flame,Dantsu Flame,Dantsu Flame,Dantsu Flame,Dantsu Flame,Dantsu Flame,Dantsu Flame,,,,,,,,,,,,,,,,,,,,300,Last Day,,,,,,,,,Uma,Support,Length,13,,,,,,,,,,,,,,,
,Jungle Pocket (Rerun),Jungle Pocket (Rerun),Jungle Pocket (Rerun),Jungle Pocket (Rerun),Jungle Pocket (Rerun),Jungle Pocket (Rerun),Jungle Pocket (Rerun),Jungle Pocket (Rerun),Jungle Pocket (Rerun),Jungle Pocket (Rerun),Jungle Pocket (Rerun),Jungle Pocket (Rerun),Jungle Pocket (Rerun),Jungle Pocket (Rerun),Jungle Pocket (Rerun),Jungle Pocket (Rerun),Jungle Pocket (Rerun),Jungle Pocket (Rerun),Jungle Pocket (Rerun),Jungle Pocket (Rerun),Jungle Pocket (Rerun),Jungle Pocket (Rerun),Jungle Pocket (Rerun),Jungle Pocket (Rerun),Jungle Pocket (Rerun),,,,,,,,,,,,,,,,,,,,150,Spring G1 Celebration Missions Part 1 (Osaka Hai),,,,,,,,,2,2,Dropdown,TRUE,,,,,,,,,,,,,,,
,Transcend (Onsen),Transcend (Onsen),Transcend (Onsen),Transcend (Onsen),Transcend (Onsen),Transcend (Onsen),Transcend (Onsen),Transcend (Onsen),Transcend (Onsen),Transcend (Onsen),Transcend (Onsen),Transcend (Onsen),Transcend (Onsen),Transcend (Onsen),Transcend (Onsen),Transcend (Onsen),Transcend (Onsen),Transcend (Onsen),Transcend (Onsen),Transcend (Onsen),Transcend (Onsen),Transcend (Onsen),Transcend (Onsen),Transcend (Onsen),Transcend (Onsen),,,,,,Seiun Sky,Fuji Kiseki,Symboli Rudolf,Sirius Symboli,,,,,Random SSR Card,Air Shakur,Smart Falcon,,,,150,Spring G1 Celebration Missions Part 1 (Oka Sho),,,,,,,,,Limit Break Crystals,,,,,,,,,,,,,,,,,,
,Wonder Acute (Onsen),Wonder Acute (Onsen),Wonder Acute (Onsen),Wonder Acute (Onsen),Wonder Acute (Onsen),Wonder Acute (Onsen),Wonder Acute (Onsen),Wonder Acute (Onsen),Wonder Acute (Onsen),Wonder Acute (Onsen),Wonder Acute (Onsen),Wonder Acute (Onsen),Wonder Acute (Onsen),Wonder Acute (Onsen),Wonder Acute (Onsen),Wonder Acute (Onsen),Wonder Acute (Onsen),Wonder Acute (Onsen),Wonder Acute (Onsen),Wonder Acute (Onsen),Wonder Acute (Onsen),Wonder Acute (Onsen),Wonder Acute (Onsen),Wonder Acute (Onsen),Wonder Acute (Onsen),,,,,,(Ballroom),(Ballroom),,,,,,,Up to Curren Chan wit/Narita Brian stam,,,,,,,,,,,,,,,,SSR,SR,,,,,,,,,,,,,,,,,
,Buena Vista,Buena Vista,Buena Vista,Buena Vista,Buena Vista,Buena Vista,Buena Vista,Buena Vista,Buena Vista,Buena Vista,Buena Vista,Buena Vista,Buena Vista,Buena Vista,Buena Vista,Buena Vista,Buena Vista,Buena Vista,Buena Vista,Buena Vista,Buena Vista,Buena Vista,Buena Vista,Buena Vista,Buena Vista,,,,,,Whale,,,,,,,,,,,,,,,,,,,,,,,,3,3,,,,,,,,,,,,,,,,,
,Nakayama Festa (Christmas) + Dream Journey (Christmas),Nakayama Festa (Christmas) + Dream Journey (Christmas),Nakayama Festa (Christmas) + Dream Journey (Christmas),Nakayama Festa (Christmas) + Dream Journey (Christmas),Nakayama Festa (Christmas) + Dream Journey (Christmas),Nakayama Festa (Christmas) + Dream Journey (Christmas),Nakayama Festa (Christmas) + Dream Journey (Christmas),Nakayama Festa (Christmas) + Dream Journey (Christmas),Nakayama Festa (Christmas) + Dream Journey (Christmas),Nakayama Festa (Christmas) + Dream Journey (Christmas),Nakayama Festa (Christmas) + Dream Journey (Christmas),Nakayama Festa (Christmas) + Dream Journey (Christmas),Nakayama Festa (Christmas) + Dream Journey (Christmas),Nakayama Festa (Christmas) + Dream Journey (Christmas),Nakayama Festa (Christmas) + Dream Journey (Christmas),Nakayama Festa (Christmas) + Dream Journey (Christmas),Nakayama Festa (Christmas) + Dream Journey (Christmas),Nakayama Festa (Christmas) + Dream Journey (Christmas),Nakayama Festa (Christmas) + Dream Journey (Christmas),Nakayama Festa (Christmas) + Dream Journey (Christmas),Nakayama Festa (Christmas) + Dream Journey (Christmas),Nakayama Festa (Christmas) + Dream Journey (Christmas),Nakayama Festa (Christmas) + Dream Journey (Christmas),Nakayama Festa (Christmas) + Dream Journey (Christmas),Nakayama Festa (Christmas) + Dream Journey (Christmas),JP,,Global,,,,,,,,,,,,,,,,,0,2026-04-12 22:00:00,k1,0,2026-04-20 21:59:59,,,,,,Date Override,,Start Date,End Date,,,,,,,,,,,,,,,
,Oguri Cap (Anime Collab),Oguri Cap (Anime Collab),Oguri Cap (Anime Collab),Oguri Cap (Anime Collab),Oguri Cap (Anime Collab),Oguri Cap (Anime Collab),Oguri Cap (Anime Collab),Oguri Cap (Anime Collab),Oguri Cap (Anime Collab),Oguri Cap (Anime Collab),Oguri Cap (Anime Collab),Oguri Cap (Anime Collab),Oguri Cap (Anime Collab),Oguri Cap (Anime Collab),Oguri Cap (Anime Collab),Oguri Cap (Anime Collab),Oguri Cap (Anime Collab),Oguri Cap (Anime Collab),Oguri Cap (Anime Collab),Oguri Cap (Anime Collab),Oguri Cap (Anime Collab),Oguri Cap (Anime Collab),Oguri Cap (Anime Collab),Oguri Cap (Anime Collab),Oguri Cap (Anime Collab),Start Date,End Date,Start Date,End Date,,Releases In,,,,,,,,,,,,,,80,First Day,Hours,0,Throughout,,,,,,2026-04-12,,2026-04-12,2026-04-20,,,,,,,,,,,,,,,
,Stay Gold,Stay Gold,Stay Gold,Stay Gold,Stay Gold,Stay Gold,Stay Gold,Stay Gold,Stay Gold,Stay Gold,Stay Gold,Stay Gold,Stay Gold,Stay Gold,Stay Gold,Stay Gold,Stay Gold,Stay Gold,Stay Gold,Stay Gold,Stay Gold,Stay Gold,Stay Gold,Stay Gold,Stay Gold,2022-04-11,2022-04-19,2026-04-12,2026-04-20,,-75 Days,,,,,,,,,,,,,,80,Uma Story Ch 1-4,,,,,,,,,Banner Type,1,2026-04-12 22:00:00,2026-04-20 21:59:59,Nishino Flower,Daiwa Scarlet ♡,,,,,,,,,,,,,
,Ikuno Dictus (New Year) + Sakura Laurel (New Year),Ikuno Dictus (New Year) + Sakura Laurel (New Year),Ikuno Dictus (New Year) + Sakura Laurel (New Year),Ikuno Dictus (New Year) + Sakura Laurel (New Year),Ikuno Dictus (New Year) + Sakura Laurel (New Year),Ikuno Dictus (New Year) + Sakura Laurel (New Year),Ikuno Dictus (New Year) + Sakura Laurel (New Year),Ikuno Dictus (New Year) + Sakura Laurel (New Year),Ikuno Dictus (New Year) + Sakura Laurel (New Year),Ikuno Dictus (New Year) + Sakura Laurel (New Year),Ikuno Dictus (New Year) + Sakura Laurel (New Year),Ikuno Dictus (New Year) + Sakura Laurel (New Year),Ikuno Dictus (New Year) + Sakura Laurel (New Year),Ikuno Dictus (New Year) + Sakura Laurel (New Year),Ikuno Dictus (New Year) + Sakura Laurel (New Year),Ikuno Dictus (New Year) + Sakura Laurel (New Year),Ikuno Dictus (New Year) + Sakura Laurel (New Year),Ikuno Dictus (New Year) + Sakura Laurel (New Year),Ikuno Dictus (New Year) + Sakura Laurel (New Year),Ikuno Dictus (New Year) + Sakura Laurel (New Year),Ikuno Dictus (New Year) + Sakura Laurel (New Year),Ikuno Dictus (New Year) + Sakura Laurel (New Year),Ikuno Dictus (New Year) + Sakura Laurel (New Year),Ikuno Dictus (New Year) + Sakura Laurel (New Year),Ikuno Dictus (New Year) + Sakura Laurel (New Year),,,,,,,,,,,,,,,,,,,,,,,,,,,,,,JP,,JP Datedif,411,,,,,,,0,0,0,0,2026-04-12 22:00:00,,,,
,Gentildonna (Rerun),Gentildonna (Rerun),Gentildonna (Rerun),Gentildonna (Rerun),Gentildonna (Rerun),Gentildonna (Rerun),Gentildonna (Rerun),Gentildonna (Rerun),Gentildonna (Rerun),Gentildonna (Rerun),Gentildonna (Rerun),Gentildonna (Rerun),Gentildonna (Rerun),Gentildonna (Rerun),Gentildonna (Rerun),Gentildonna (Rerun),Gentildonna (Rerun),Gentildonna (Rerun),Gentildonna (Rerun),Gentildonna (Rerun),Gentildonna (Rerun),Gentildonna (Rerun),Gentildonna (Rerun),Gentildonna (Rerun),Gentildonna (Rerun),,,,,,,,,,,,,,,,,,,,,,,,,,,,,,Start Date,End Date,Global Datedif,290,,,,,,,,,,,,,,,
,Orfevre (Rerun),Orfevre (Rerun),Orfevre (Rerun),Orfevre (Rerun),Orfevre (Rerun),Orfevre (Rerun),Orfevre (Rerun),Orfevre (Rerun),Orfevre (Rerun),Orfevre (Rerun),Orfevre (Rerun),Orfevre (Rerun),Orfevre (Rerun),Orfevre (Rerun),Orfevre (Rerun),Orfevre (Rerun),Orfevre (Rerun),Orfevre (Rerun),Orfevre (Rerun),Orfevre (Rerun),Orfevre (Rerun),Orfevre (Rerun),Orfevre (Rerun),Orfevre (Rerun),Orfevre (Rerun),,,,,,,,,,,,,,,,,,,,,,,,,,,,,,2022-04-11,2022-04-19,D-Day,-75,,,,,,,,,,,,,,,
,Bubble Gum Fellow (New Year),Bubble Gum Fellow (New Year),Bubble Gum Fellow (New Year),Bubble Gum Fellow (New Year),Bubble Gum Fellow (New Year),Bubble Gum Fellow (New Year),Bubble Gum Fellow (New Year),Bubble Gum Fellow (New Year),Bubble Gum Fellow (New Year),Bubble Gum Fellow (New Year),Bubble Gum Fellow (New Year),Bubble Gum Fellow (New Year),Bubble Gum Fellow (New Year),Bubble Gum Fellow (New Year),Bubble Gum Fellow (New Year),Bubble Gum Fellow (New Year),Bubble Gum Fellow (New Year),Bubble Gum Fellow (New Year),Bubble Gum Fellow (New Year),Bubble Gum Fellow (New Year),Bubble Gum Fellow (New Year),Bubble Gum Fellow (New Year),Bubble Gum Fellow (New Year),Bubble Gum Fellow (New Year),Bubble Gum Fellow (New Year),,,,,,,,,,,,,,,,,,,,0,2026-04-20 21:59:59,k3,,,,,,,,Pull Tickets,,Finals Day,-68,,,,,,,,,,,,,,,
,Kiseki,Kiseki,Kiseki,Kiseki,Kiseki,Kiseki,Kiseki,Kiseki,Kiseki,Kiseki,Kiseki,Kiseki,Kiseki,Kiseki,Kiseki,Kiseki,Kiseki,Kiseki,Kiseki,Kiseki,Kiseki,Kiseki,Kiseki,Kiseki,Kiseki,,,,,,,,,,,,,,,,,,,,150,Last Day,,,,,,,,,Uma,Support,Length,8,,,,,,,,,,,,,,,
,Taiki Shuttle (Valentine) + Sounds of Earth (Valentine),Taiki Shuttle (Valentine) + Sounds of Earth (Valentine),Taiki Shuttle (Valentine) + Sounds of Earth (Valentine),Taiki Shuttle (Valentine) + Sounds of Earth (Valentine),Taiki Shuttle (Valentine) + Sounds of Earth (Valentine),Taiki Shuttle (Valentine) + Sounds of Earth (Valentine),Taiki Shuttle (Valentine) + Sounds of Earth (Valentine),Taiki Shuttle (Valentine) + Sounds of Earth (Valentine),Taiki Shuttle (Valentine) + Sounds of Earth (Valentine),Taiki Shuttle (Valentine) + Sounds of Earth (Valentine),Taiki Shuttle (Valentine) + Sounds of Earth (Valentine),Taiki Shuttle (Valentine) + Sounds of Earth (Valentine),Taiki Shuttle (Valentine) + Sounds of Earth (Valentine),Taiki Shuttle (Valentine) + Sounds of Earth (Valentine),Taiki Shuttle (Valentine) + Sounds of Earth (Valentine),Taiki Shuttle (Valentine) + Sounds of Earth (Valentine),Taiki Shuttle (Valentine) + Sounds of Earth (Valentine),Taiki Shuttle (Valentine) + Sounds of Earth (Valentine),Taiki Shuttle (Valentine) + Sounds of Earth (Valentine),Taiki Shuttle (Valentine) + Sounds of Earth (Valentine),Taiki Shuttle (Valentine) + Sounds of Earth (Valentine),Taiki Shuttle (Valentine) + Sounds of Earth (Valentine),Taiki Shuttle (Valentine) + Sounds of Earth (Valentine),Taiki Shuttle (Valentine) + Sounds of Earth (Valentine),Taiki Shuttle (Valentine) + Sounds of Earth (Valentine),,,,,,,,,,,,,,,,,,,,150,Spring G1 Celebration Missions Part 1 (Satsuki Sho),,,,,,,,,0,0,Dropdown,TRUE,,,,,,,,,,,,,,,
,Royce and Royce,Royce and Royce,Royce and Royce,Royce and Royce,Royce and Royce,Royce and Royce,Royce and Royce,Royce and Royce,Royce and Royce,Royce and Royce,Royce and Royce,Royce and Royce,Royce and Royce,Royce and Royce,Royce and Royce,Royce and Royce,Royce and Royce,Royce and Royce,Royce and Royce,Royce and Royce,Royce and Royce,Royce and Royce,Royce and Royce,Royce and Royce,Royce and Royce,,,,,,Nishino Flower,,Daiwa Scarlet ♡,,Sweep Tosho,,,,,,,,,,,,,,,,,,,,Limit Break Crystals,,,,,,,,,,,,,,,,,,
,Almond Eye,Almond Eye,Almond Eye,Almond Eye,Almond Eye,Almond Eye,Almond Eye,Almond Eye,Almond Eye,Almond Eye,Almond Eye,Almond Eye,Almond Eye,Almond Eye,Almond Eye,Almond Eye,Almond Eye,Almond Eye,Almond Eye,Almond Eye,Almond Eye,Almond Eye,Almond Eye,Almond Eye,Almond Eye,,,,,,Dolphin,,,,,,,,,,,,,,,,,,,,,,,,SSR,SR,,,,,,,,,,,,,,,,,
,Loves Only You (Beyond Dreams),Loves Only You (Beyond Dreams),Loves Only You (Beyond Dreams),Loves Only You (Beyond Dreams),Loves Only You (Beyond Dreams),Loves Only You (Beyond Dreams),Loves Only You (Beyond Dreams),Loves Only You (Beyond Dreams),Loves Only You (Beyond Dreams),Loves Only You (Beyond Dreams),Loves Only You (Beyond Dreams),Loves Only You (Beyond Dreams),Loves Only You (Beyond Dreams),Loves Only You (Beyond Dreams),Loves Only You (Beyond Dreams),Loves Only You (Beyond Dreams),Loves Only You (Beyond Dreams),Loves Only You (Beyond Dreams),Loves Only You (Beyond Dreams),Loves Only You (Beyond Dreams),Loves Only You (Beyond Dreams),Loves Only You (Beyond Dreams),Loves Only You (Beyond Dreams),Loves Only You (Beyond Dreams),Loves Only You (Beyond Dreams),,,,,,,,,,,,,,,,,,,,,,,,,,,,,,,,,,,,,,,,,,,,,,,,
,Victoire Pisa,Victoire Pisa,Victoire Pisa,Victoire Pisa,Victoire Pisa,Victoire Pisa,Victoire Pisa,Victoire Pisa,Victoire Pisa,Victoire Pisa,Victoire Pisa,Victoire Pisa,Victoire Pisa,Victoire Pisa,Victoire Pisa,Victoire Pisa,Victoire Pisa,Victoire Pisa,Victoire Pisa,Victoire Pisa,Victoire Pisa,Victoire Pisa,Victoire Pisa,Victoire Pisa,Victoire Pisa,JP,,Global,,,,,,,,,,,,,,,,,0,2026-04-20 22:00:00,k1,0,2026-04-29 21:59:59,,,,,,Date Override,,Start Date,End Date,,,,,,,,,,,,,,,
,Sakura Bakushin O (Ballroom) + North Flight (Ballroom),Sakura Bakushin O (Ballroom) + North Flight (Ballroom),Sakura Bakushin O (Ballroom) + North Flight (Ballroom),Sakura Bakushin O (Ballroom) + North Flight (Ballroom),Sakura Bakushin O (Ballroom) + North Flight (Ballroom),Sakura Bakushin O (Ballroom) + North Flight (Ballroom),Sakura Bakushin O (Ballroom) + North Flight (Ballroom),Sakura Bakushin O (Ballroom) + North Flight (Ballroom),Sakura Bakushin O (Ballroom) + North Flight (Ballroom),Sakura Bakushin O (Ballroom) + North Flight (Ballroom),Sakura Bakushin O (Ballroom) + North Flight (Ballroom),Sakura Bakushin O (Ballroom) + North Flight (Ballroom),Sakura Bakushin O (Ballroom) + North Flight (Ballroom),Sakura Bakushin O (Ballroom) + North Flight (Ballroom),Sakura Bakushin O (Ballroom) + North Flight (Ballroom),Sakura Bakushin O (Ballroom) + North Flight (Ballroom),Sakura Bakushin O (Ballroom) + North Flight (Ballroom),Sakura Bakushin O (Ballroom) + North Flight (Ballroom),Sakura Bakushin O (Ballroom) + North Flight (Ballroom),Sakura Bakushin O (Ballroom) + North Flight (Ballroom),Sakura Bakushin O (Ballroom) + North Flight (Ballroom),Sakura Bakushin O (Ballroom) + North Flight (Ballroom),Sakura Bakushin O (Ballroom) + North Flight (Ballroom),Sakura Bakushin O (Ballroom) + North Flight (Ballroom),Sakura Bakushin O (Ballroom) + North Flight (Ballroom),Start Date,End Date,Start Date,End Date,,Releases In,,,,,,,,,,,,,,1080,First Day,Hours,0,Throughout,,,,,,2026-04-20,,2026-04-20,2026-04-29,,,,,,,,,,,,,,,
,Lucky Lilac,Lucky Lilac,Lucky Lilac,Lucky Lilac,Lucky Lilac,Lucky Lilac,Lucky Lilac,Lucky Lilac,Lucky Lilac,Lucky Lilac,Lucky Lilac,Lucky Lilac,Lucky Lilac,Lucky Lilac,Lucky Lilac,Lucky Lilac,Lucky Lilac,Lucky Lilac,Lucky Lilac,Lucky Lilac,Lucky Lilac,Lucky Lilac,Lucky Lilac,Lucky Lilac,Lucky Lilac,2022-04-19,2022-04-28,2026-04-20,2026-04-29,,-67 Days,,,,,,,,,,,,,,80,Uma Story Ch 1-4,,,,,,,,,Banner Type,1,2026-04-20 22:00:00,2026-04-29 21:59:59,Yaeno Muteki,Twin Turbo + Ines Fujin,,,,,,,,,,,,,
,Admire Groove,Admire Groove,Admire Groove,Admire Groove,Admire Groove,Admire Groove,Admire Groove,Admire Groove,Admire Groove,Admire Groove,Admire Groove,Admire Groove,Admire Groove,Admire Groove,Admire Groove,Admire Groove,Admire Groove,Admire Groove,Admire Groove,Admire Groove,Admire Groove,Admire Groove,Admire Groove,Admire Groove,Admire Groove,,,,,,,,,,,,,,,,,,,,1000,2nd Racing Carnival,,,,,,,,,JP,,JP Datedif,419,,,,,,,0,0,0,0,2026-04-20 22:00:00,,,,
,Fuji Kiseki (Cheerleader) + Jungle Pocket (Cheerleader),Fuji Kiseki (Cheerleader) + Jungle Pocket (Cheerleader),Fuji Kiseki (Cheerleader) + Jungle Pocket (Cheerleader),Fuji Kiseki (Cheerleader) + Jungle Pocket (Cheerleader),Fuji Kiseki (Cheerleader) + Jungle Pocket (Cheerleader),Fuji Kiseki (Cheerleader) + Jungle Pocket (Cheerleader),Fuji Kiseki (Cheerleader) + Jungle Pocket (Cheerleader),Fuji Kiseki (Cheerleader) + Jungle Pocket (Cheerleader),Fuji Kiseki (Cheerleader) + Jungle Pocket (Cheerleader),Fuji Kiseki (Cheerleader) + Jungle Pocket (Cheerleader),Fuji Kiseki (Cheerleader) + Jungle Pocket (Cheerleader),Fuji Kiseki (Cheerleader) + Jungle Pocket (Cheerleader),Fuji Kiseki (Cheerleader) + Jungle Pocket (Cheerleader),Fuji Kiseki (Cheerleader) + Jungle Pocket (Cheerleader),Fuji Kiseki (Cheerleader) + Jungle Pocket (Cheerleader),Fuji Kiseki (Cheerleader) + Jungle Pocket (Cheerleader),Fuji Kiseki (Cheerleader) + Jungle Pocket (Cheerleader),Fuji Kiseki (Cheerleader) + Jungle Pocket (Cheerleader),Fuji Kiseki (Cheerleader) + Jungle Pocket (Cheerleader),Fuji Kiseki (Cheerleader) + Jungle Pocket (Cheerleader),Fuji Kiseki (Cheerleader) + Jungle Pocket (Cheerleader),Fuji Kiseki (Cheerleader) + Jungle Pocket (Cheerleader),Fuji Kiseki (Cheerleader) + Jungle Pocket (Cheerleader),Fuji Kiseki (Cheerleader) + Jungle Pocket (Cheerleader),Fuji Kiseki (Cheerleader) + Jungle Pocket (Cheerleader),,,,,,,,,,,,,,,,,,,,,,,,,,,,,,Start Date,End Date,Global Datedif,298,,,,,,,,,,,,,,,
,Fenomeno + Nakayama Festa + (Christmas) + Stay Gold + Dream Journey + (Christmas) + Orfevre + Gold Ship (Summer) + (Project L'Arc),Fenomeno + Nakayama Festa + (Christmas) + Stay Gold + Dream Journey + (Christmas) + Orfevre + Gold Ship (Summer) + (Project L'Arc),Fenomeno + Nakayama Festa + (Christmas) + Stay Gold + Dream Journey + (Christmas) + Orfevre + Gold Ship (Summer) + (Project L'Arc),Fenomeno + Nakayama Festa + (Christmas) + Stay Gold + Dream Journey + (Christmas) + Orfevre + Gold Ship (Summer) + (Project L'Arc),Fenomeno + Nakayama Festa + (Christmas) + Stay Gold + Dream Journey + (Christmas) + Orfevre + Gold Ship (Summer) + (Project L'Arc),Fenomeno + Nakayama Festa + (Christmas) + Stay Gold + Dream Journey + (Christmas) + Orfevre + Gold Ship (Summer) + (Project L'Arc),Fenomeno + Nakayama Festa + (Christmas) + Stay Gold + Dream Journey + (Christmas) + Orfevre + Gold Ship (Summer) + (Project L'Arc),Fenomeno + Nakayama Festa + (Christmas) + Stay Gold + Dream Journey + (Christmas) + Orfevre + Gold Ship (Summer) + (Project L'Arc),Fenomeno + Nakayama Festa + (Christmas) + Stay Gold + Dream Journey + (Christmas) + Orfevre + Gold Ship (Summer) + (Project L'Arc),Fenomeno + Nakayama Festa + (Christmas) + Stay Gold + Dream Journey + (Christmas) + Orfevre + Gold Ship (Summer) + (Project L'Arc),Fenomeno + Nakayama Festa + (Christmas) + Stay Gold + Dream Journey + (Christmas) + Orfevre + Gold Ship (Summer) + (Project L'Arc),Fenomeno + Nakayama Festa + (Christmas) + Stay Gold + Dream Journey + (Christmas) + Orfevre + Gold Ship (Summer) + (Project L'Arc),Fenomeno + Nakayama Festa + (Christmas) + Stay Gold + Dream Journey + (Christmas) + Orfevre + Gold Ship (Summer) + (Project L'Arc),Fenomeno + Nakayama Festa + (Christmas) + Stay Gold + Dream Journey + (Christmas) + Orfevre + Gold Ship (Summer) + (Project L'Arc),Fenomeno + Nakayama Festa + (Christmas) + Stay Gold + Dream Journey + (Christmas) + Orfevre + Gold Ship (Summer) + (Project L'Arc),Fenomeno + Nakayama Festa + (Christmas) + Stay Gold + Dream Journey + (Christmas) + Orfevre + Gold Ship (Summer) + (Project L'Arc),Fenomeno + Nakayama Festa + (Christmas) + Stay Gold + Dream Journey + (Christmas) + Orfevre + Gold Ship (Summer) + (Project L'Arc),Fenomeno + Nakayama Festa + (Christmas) + Stay Gold + Dream Journey + (Christmas) + Orfevre + Gold Ship (Summer) + (Project L'Arc),Fenomeno + Nakayama Festa + (Christmas) + Stay Gold + Dream Journey + (Christmas) + Orfevre + Gold Ship (Summer) + (Project L'Arc),Fenomeno + Nakayama Festa + (Christmas) + Stay Gold + Dream Journey + (Christmas) + Orfevre + Gold Ship (Summer) + (Project L'Arc),Fenomeno + Nakayama Festa + (Christmas) + Stay Gold + Dream Journey + (Christmas) + Orfevre + Gold Ship (Summer) + (Project L'Arc),Fenomeno + Nakayama Festa + (Christmas) + Stay Gold + Dream Journey + (Christmas) + Orfevre + Gold Ship (Summer) + (Project L'Arc),Fenomeno + Nakayama Festa + (Christmas) + Stay Gold + Dream Journey + (Christmas) + Orfevre + Gold Ship (Summer) + (Project L'Arc),Fenomeno + Nakayama Festa + (Christmas) + Stay Gold + Dream Journey + (Christmas) + Orfevre + Gold Ship (Summer) + (Project L'Arc),Fenomeno + Nakayama Festa + (Christmas) + Stay Gold + Dream Journey + (Christmas) + Orfevre + Gold Ship (Summer) + (Project L'Arc),,,,,,,,,,,,,,,,,,,,,,,,,,,,,,2022-04-19,2022-04-28,D-Day,-67,,,,,,,,,,,,,,,
,,,,,,,,,,,,,,,,,,,,,,,,,,,,,,,,,,,,,,,,,,,,,0,2026-04-29 21:59:59,k3,,,,,,,,Pull Tickets,,Finals Day,-59,,,,,,,,,,,,,,,
,,,,,,,,,,,,,,,,,,,,,,,,,,,,,,,,,,,,,,,,,,,,,150,Last Day,,,,,,,,,Uma,Support,Length,9,,,,,,,,,,,,,,,
,,,,,,,,,,,,,,,,,,,,,,,,,,,,,,,,,,,,,,,,,,,,,150,Spring G1 Celebration Missions Part 2 (Tenno Sho (Spring),,,,,,,,,3,3,Dropdown,TRUE,,,,,,,,,,,,,,,
,,,,,,,,,,,,,,,,,,,,,,,,,,,,,,,Yaeno Muteki,,Twin Turbo,Ines Fujin,,,,,,,,,,,,,,,,,,,,,Limit Break Crystals,,,,,,,,,,,,,,,,,,
,,,,,,,,,,,,,,,,,,,,,,,,,,,,,,,,,,,,,,,,,,,,,,,,,,,,,,,SSR,SR,,,,,,,,,,,,,,,,,
,,,,,,,,,,,,,,,,,,,,,,,,,,,,,,,,,,,,,,,,,,,,,,,,,,,,,,,2,2,,,,,,,,,,,,,,,,,
,,,,,,,,,,,,,,,,,,,,,,,,,,JP,,Global,,,,,,,,,,,,,,,,,,,,,,,,,,,Date Override,,Start Date,End Date,,,,,,,,,,,,,,,
,,,,,,,,,,,,,,,,,,,,,,,,,,,,,,,Finals In,,,,,,,,,,,,,,,,,,,,,,,,2026-04-23,,2026-04-23,2026-04-29,,,,,,,,,,,,,,,
,,,,,,,,,,,,,,,,,,,,,,,,,,,,,,,-59 Days,,,,,,,,,,,,,,,,,,,,,,,,Banner Type,-1,2026-04-23 22:00:00,2026-04-29 21:59:59,,,,,,,,,,,,,,,
,,,,,,,,,,,,,,,,,,,,,,,,,,,,,,,Goal,,,,,,,,,,,,,,,,,,,,,,,,JP,,JP Datedif,422,,,,,,,0,0,0,0,2026-04-23 22:00:00,0,2026-04-28 21:59:59,,
,,,,,,,,,,,,,,,,,,,,,,,,,,,,,,,,,,,,,,,,,,,,,,,,,,,,,,,Start Date,End Date,Global Datedif,301,,,,,,,,,,,,,,,
,,,,,,,,,,,,,,,,,,,,,,,,,,,,,,,,,,,,,,,,,,,,,,,,,,,,,,,2022-04-22,2022-04-28,D-Day,-64,,,,,,,,,,,,,,,
,,,,,,,,,,,,,,,,,,,,,,,,,,,,,,,1200*,700,1200,600,1200,,,,,,,,,,,,,,,,,,,,Pull Tickets,,Finals Day,-59,,,,,,,,,,,,,,,
,,,,,,,,,,,,,,,,,,,,,,,,,,,,,,,Recommended,,,,,,,,,,,,,,,,,,,,,,,,Uma,Support,Length,6,,,,,,,,,,,,,,,
,,,,,,,,,,,,,,,,,,,,,,,,,,,,,,,,,,,,,,,,,,,,,,,,,,,,,,,,,Dropdown,TRUE,,,,,,,,,,,,,,,
,,,,,,,,,,,,,,,,,,,,,,,,,,,,,,,,,,,,,,,,,,,,,,,,,,,,,,,Limit Break Crystals,,,,,,,,,,,,,,,,,,
,,,,,,,,,,,,,,,,,,,,,,,,,,,,,,,,,,,,,,,,,,,,,,,,,,,,,,,SSR,SR,,,,,,,,,,,,,,,,,
,,,,,,,,,,,,,,,,,,,,,,,,,,,,,,,,,,,,,,,,,,,,,,,,,,,,,,,,,,,,,,,,,,,,,,,,,
,,,,,,,,,,,,,,,,,,,,,,,,,,JP,,Global,,,,Free Pulls,,,,,,,,,,,,,0,2026-04-26 22:00:00,k1,0,2026-05-08 21:59:59,,,,,,Date Override,,Start Date,End Date,,,,,,,,,,,,,,,
,,,,,,,,,,,,,,,,,,,,,,,,,,Start Date,End Date,Start Date,End Date,,Releases In,Uma,Support,,,,,,,,,,,,0,First Day,Hours,7800,Throughout,,,,,,2026-04-26,,2026-04-26,2026-05-08,,,,,,,,,,,,,,,
,,,,,,,,,,,,,,,,,,,,,,,,,,2022-04-28,2022-05-10,2026-04-26,2026-05-08,,-61 Days,3,10,,,,,,,,,,,,,,,2160,"Event Rewards (Story, Bingo, Event Pt)",,,,,,Banner Type,1,2026-04-26 22:00:00,2026-05-08 21:59:59,Nice Nature (Cheerleader) + King Halo (Cheerleader),Bamboo Memory + Seeking the Pearl,,,,,,,,,,,,,
,,,,,,,,,,,,,,,,,,,,,,,,,,,,,,,,,,,,,,,,,,,,,,,,5640,Golshi Week,,,,,,JP,,JP Datedif,428,,,,,,,0,0,0,0,2026-04-26 22:00:00,,,,
,,,,,,,,,,,,,,,,,,,,,,,,,,,,,,,,,,,,,,,,,,,,,,,,,,,,,,,Start Date,End Date,Global Datedif,304,,,,,,,,,,,,,,,
,,,,,,,,,,,,,,,,,,,,,,,,,,,,,,,,,,,,,,,,,,,,,,,,,,,,,,,2022-04-28,2022-05-10,D-Day,-61,,,,,,,,,,,,,,,
,,,,,,,,,,,,,,,,,,,,,,,,,,,,,,,,,,,,,,,,,,,,,0,2026-05-08 21:59:59,k3,,,,,,,,Pull Tickets,,Finals Day,-50,,,,,,,,,,,,,,,
,,,,,,,,,,,,,,,,,,,,,,,,,,,,,,,,,,,,,,,,,,,,,150,Last Day,,,,,,,,,Uma,Support,Length,12,,,,,,,,,,,,,,,
,,,,,,,,,,,,,,,,,,,,,,,,,,,,,,,,,,,,,,,,,,,,,150,Spring G1 Celebration Missions Part 2 (NHK Mile Cup),,,,,,,,,2,2,Dropdown,TRUE,,,,,,,,,,,,,,,
,,,,,,,,,,,,,,,,,,,,,,,,,,,,,,,Nice Nature,King Halo,Bamboo Memory,Seeking the Pearl,,,,,,Kawakami Princess ,,,,,,,,,,,,,,,Limit Break Crystals,,,,,,,,,,,,,,,,,,
,,,,,,,,,,,,,,,,,,,,,,,,,,,,,,,(Cheerleader),(Cheerleader),Whale,,,,,,,,,,,,,,,,,,,,,,SSR,SR,,,,,,,,,,,,,,,,,
,,,,,,,,,,,,,,,,,,,,,,,,,,,,,,,3x Free Pulls,,10x Free Pulls,,,,,,,,,,,,,,,,,,,,,,3,3,,,,,,,,,,,,,,,,,
,,,,,,,,,,,,,,,,,,,,,,,,,,JP,,Global,,,,Free Pulls,,,,,,,,,,,,,0,2026-04-30 22:00:00,k1,0,2026-05-10 21:59:59,,,,,,Date Override,,Start Date,End Date,,,,,,,,,,,,,,,
,,,,,,,,,,,,,,,,,,,,,,,,,,Start Date,End Date,Start Date,End Date,,Releases In,Uma,Support,,,,,,,,,,,,0,First Day,Hours,250,Throughout,,,,,,2026-04-30,,2026-04-30,2026-05-10,,,,,,,,,,,,,,,
,,,,,,,,,,,,,,,,,,,,,,,,,,2022-05-10,2022-05-20,2026-04-30,2026-05-10,,-57 Days,7,0,,,,,,,,,,,,,,,250,Legend Race (Mejiro McQueen Anime),,,,,,Banner Type,1,2026-04-30 22:00:00,2026-05-10 21:59:59,Ines Fujin,Mr. C.B.,,,,,,,,,,,,,
,,,,,,,,,,,,,,,,,,,,,,,,,,,,,,,,,,,,,,,,,,,,,,,,,,,,,,,JP,,JP Datedif,440,,,,,,,0,0,0,0,2026-04-30 22:00:00,,,,
,,,,,,,,,,,,,,,,,,,,,,,,,,,,,,,,,,,,,,,,,,,,,,,,,,,,,,,Start Date,End Date,Global Datedif,308,,,,,,,,,,,,,,,
,,,,,,,,,,,,,,,,,,,,,,,,,,,,,,,,,,,,,,,,,,,,,,,,,,,,,,,2022-05-10,2022-05-20,D-Day,-57,,,,,,,,,,,,,,,
,,,,,,,,,,,,,,,,,,,,,,,,,,,,,,,,,,,,,,,,,,,,,0,2026-05-10 21:59:59,k3,,,,,,,,Pull Tickets,,Finals Day,-48,,,,,,,,,,,,,,,
,,,,,,,,,,,,,,,,,,,,,,,,,,,,,,,,,,,,,,,,,,,,,300,Last Day,,,,,,,,,Uma,Support,Length,10,,,,,,,,,,,,,,,
,,,,,,,,,,,,,,,,,,,,,,,,,,,,,,,,,,,,,,,,,,,,,150,Spring G1 Celebration Missions Part 2 (Victoria Mile),,,,,,,,,0,0,Dropdown,TRUE,,,,,,,,,,,,,,,
,,,,,,,,,,,,,,,,,,,,,,,,,,,,,,,Ines Fujin,,Mr. C.B.,,Tokai Teio,,,,,,,,,,150,Spring G1 Celebration Missions Part 2 (Oaks),,,,,,,,,Limit Break Crystals,,,,,,,,,,,,,,,,,,
,,,,,,,,,,,,,,,,,,,,,,,,,,,,,,,,,Dolphin,,,,,,,,,,,,,,,,,,,,,,SSR,SR,,,,,,,,,,,,,,,,,
,,,,,,,,,,,,,,,,,,,,,,,,,,,,,,,7x Free Pulls,,,,,,,,,,,,,,,,,,,,,,,,1,2,,,,,,,,,,,,,,,,,
,,,,,,,,,,,,,,,,,,,,,,,,,,JP,,Global,,,,,,,,,,,,,,,,,0,2026-05-10 22:00:00,k1,0,2026-05-20 21:59:59,,,,,,Date Override,,Start Date,End Date,,,,,,,,,,,,,,,
,,,,,,,,,,,,,,,,,,,,,,,,,,Start Date,End Date,Start Date,End Date,,Releases In,,,,,,,,,,,,,,80,First Day,Hours,500,Throughout,,,,,,2026-05-10,,2026-05-10,2026-05-20,,,,,,,,,,,,,,,
,,,,,,,,,,,,,,,,,,,,,,,,,,2022-05-20,2022-05-30,2026-05-10,2026-05-20,,-47 Days,,,,,,,,,,,,,,80,Uma Story Ch 1-4,,250,Legend Race (Rice Shower),,,,,,Banner Type,1,2026-05-10 22:00:00,2026-05-20 21:59:59,Mejiro Palmer,Matikanefukukitaru + Rice Shower,,,,,,,,,,,,,
,,,,,,,,,,,,,,,,,,,,,,,,,,,,,,,,,,,,,,,,,,,,,,,,250,Legend Race (Mejiro Bright),,,,,,JP,,JP Datedif,450,,,,,,,0,0,0,0,2026-05-10 22:00:00,,,,
,,,,,,,,,,,,,,,,,,,,,,,,,,,,,,,,,,,,,,,,,,,,,,,,,,,,,,,Start Date,End Date,Global Datedif,318,,,,,,,,,,,,,,,
,,,,,,,,,,,,,,,,,,,,,,,,,,,,,,,,,,,,,,,,,,,,,,,,,,,,,,,2022-05-20,2022-05-30,D-Day,-47,,,,,,,,,,,,,,,
,,,,,,,,,,,,,,,,,,,,,,,,,,,,,,,,,,,,,,,,,,,,,0,2026-05-20 21:59:59,k3,,,,,,,,Pull Tickets,,Finals Day,-38,,,,,,,,,,,,,,,
,,,,,,,,,,,,,,,,,,,,,,,,,,,,,,,,,,,,,,,,,,,,,150,Last Day,,,,,,,,,Uma,Support,Length,10,,,,,,,,,,,,,,,
,,,,,,,,,,,,,,,,,,,,,,,,,,,,,,,,,,,,,,,,,,,,,150,Spring G1 Celebration Missions Part 2 (Japan Derby),,,,,,,,,0,0,Dropdown,TRUE,,,,,,,,,,,,,,,
,,,,,,,,,,,,,,,,,,,,,,,,,,,,,,,Mejiro Palmer,,Matikanefukukitaru,Rice Shower,,,,,,,,,,,,,,,,,,,,,Limit Break Crystals,,,,,,,,,,,,,,,,,,
,,,,,,,,,,,,,,,,,,,,,,,,,,,,,,,,,,,,,,,,,,,,,,,,,,,,,,,SSR,SR,,,,,,,,,,,,,,,,,
,,,,,,,,,,,,,,,,,,,,,,,,,,,,,,,,,,,,,,,,,,,,,,,,,,,,,,,,,,,,,,,,,,,,,,,,,
,,,,,,,,,,,,,,,,,,,,,,,,,,,,,,,,,,,,,,,,,,,,,,,,,,,,,,,Date Override,,Start Date,End Date,,,,,,,,,,,,,,,
,,,,,,,,,,,,,,,,,,,,,,,,,,,,,,,,,,,,,,,,,,,,,,,,,,,,,,,2026-05-14,,2026-05-14,2026-05-20,,,,,,,,,,,,,,,
,,,,,,,,,,,,,,,,,,,,,,,,,,,,,,,,,,,,,,,,,,,,,,,,,,,,,,,Banner Type,-1,2026-05-14 22:00:00,2026-05-20 21:59:59,,,,,,,,,,,,,,,
,,,,,,,,,,,,,,,,,,,,,,,,,,,,,,,,,,,,,,,,,,,,,,,,,,,,,,,JP,,JP Datedif,454,,,,,,,0,0,0,0,2026-05-14 22:00:00,0,2026-05-19 21:59:59,,
,,,,,,,,,,,,,,,,,,,,,,,,,,,,,,,,,,,,,,,,,,,,,,,,,,,,,,,Start Date,End Date,Global Datedif,322,,,,,,,,,,,,,,,
,,,,,,,,,,,,,,,,,,,,,,,,,,,,,,,,,,,,,,,,,,,,,,,,,,,,,,,2022-05-24,2022-05-30,D-Day,-43,,,,,,,,,,,,,,,
,,,,,,,,,,,,,,,,,,,,,,,,,,,,,,,,800+G,1200,600,1200,,,,,,,,,,,,,,,,,,,,Pull Tickets,,Finals Day,-38,,,,,,,,,,,,,,,
,,,,,,,,,,,,,,,,,,,,,,,,,,,,,,,,,,,,,,,,,,,,,,,,,,,,,,,Uma,Support,Length,6,,,,,,,,,,,,,,,
,,,,,,,,,,,,,,,,,,,,,,,,,,,,,,,,,,,,,,,,,,,,,,,,,,,,,,,,,Dropdown,TRUE,,,,,,,,,,,,,,,
,,,,,,,,,,,,,,,,,,,,,,,,,,,,,,,,,,,,,,,,,,,,,,,,,,,,,,,Limit Break Crystals,,,,,,,,,,,,,,,,,,
,,,,,,,,,,,,,,,,,,,,,,,,,,,,,,,,,,,,,,,,,,,,,,,,,,,,,,,SSR,SR,,,,,,,,,,,,,,,,,
,,,,,,,,,,,,,,,,,,,,,,,,,,,,,,,,,,,,,,,,,,,,,,,,,,,,,,,,,,,,,,,,,,,,,,,,,
,,,,,,,,,,,,,,,,,,,,,,,,,,JP,,Global,,,,,,,,,,,,,,,,,0,2026-05-18 22:00:00,k1,0,2026-05-29 21:59:59,,,,,,Date Override,,Start Date,End Date,,,,,,,,,,,,,,,
,,,,,,,,,,,,,,,,,,,,,,,,,,Start Date,End Date,Start Date,End Date,,Releases In,,,,,,,,,,,,,,0,First Day,Hours,2160,Throughout,,,,,,2026-05-18,,2026-05-18,2026-05-29,,,,,,,,,,,,,,,
,,,,,,,,,,,,,,,,,,,,,,,,,,2022-05-30,2022-06-10,2026-05-18,2026-05-29,,-39 Days,,,,,,,,,,,,,,,,,2160,"Event Rewards (Story, Bingo, Event Pt)",,,,,,Banner Type,1,2026-05-18 22:00:00,2026-05-29 21:59:59,Curren Chan (Wedding) + Fine Motion (Wedding),Haru Urara + Ikuno Dictus,,,,,,,,,,,,,
,,,,,,,,,,,,,,,,,,,,,,,,,,,,,,,,,,,,,,,,,,,,,,,,,,,,,,,JP,,JP Datedif,460,,,,,,,0,0,0,0,2026-05-18 22:00:00,,,,
,,,,,,,,,,,,,,,,,,,,,,,,,,,,,,,,,,,,,,,,,,,,,,,,,,,,,,,Start Date,End Date,Global Datedif,326,,,,,,,,,,,,,,,
,,,,,,,,,,,,,,,,,,,,,,,,,,,,,,,,,,,,,,,,,,,,,,,,,,,,,,,2022-05-30,2022-06-10,D-Day,-39,,,,,,,,,,,,,,,
,,,,,,,,,,,,,,,,,,,,,,,,,,,,,,,,,,,,,,,,,,,,,0,2026-05-29 21:59:59,k3,,,,,,,,Pull Tickets,,Finals Day,-29,,,,,,,,,,,,,,,
,,,,,,,,,,,,,,,,,,,,,,,,,,,,,,,,,,,,,,,,,,,,,150,Last Day,,,,,,,,,Uma,Support,Length,11,,,,,,,,,,,,,,,
,,,,,,,,,,,,,,,,,,,,,,,,,,,,,,,,,,,,,,,,,,,,,150,Spring G1 Celebration Missions Part 2 (Yasuda Kinen),,,,,,,,,2,2,Dropdown,TRUE,,,,,,,,,,,,,,,
,,,,,,,,,,,,,,,,,,,,,,,,,,,,,,,Curren Chan,Fine Motion,Haru Urara,Ikuno Dictus,,,,,,Rice Shower,,,,,,,,,,,,,,,Limit Break Crystals,,,,,,,,,,,,,,,,,,
,,,,,,,,,,,,,,,,,,,,,,,,,,,,,,,(Wedding),(Wedding),,,,,,,,,,,,,,,,,,,,,,,SSR,SR,,,,,,,,,,,,,,,,,
,,,,,,,,,,,,,,,,,,,,,,,,,,,,,,,,,,,,,,,,,,,,,,,,,,,,,,,3,3,,,,,,,,,,,,,,,,,
,,,,,,,,,,,,,,,,,,,,,,,,,,JP,,Global,,,,,,,,,,,,,,,,,0,2026-05-28 22:00:00,k1,0,2026-06-07 21:59:59,,,,,,Date Override,,Start Date,End Date,,,,,,,,,,,,,,,
,,,,,,,,,,,,,,,,,,,,,,,,,,Start Date,End Date,Start Date,End Date,,Releases In,,,,,,,,,,,,,,80,First Day,Hours,0,Throughout,,,,,,2026-05-28,,2026-05-28,2026-06-07,,,,,,,,,,,,,,,
,,,,,,,,,,,,,,,,,,,,,,,,,,2022-06-10,2022-06-20,2026-05-28,2026-06-07,,-29 Days,,,,,,,,,,,,,,80,Uma Story Ch 1-4,,,,,,,,,Banner Type,1,2026-05-28 22:00:00,2026-06-07 21:59:59,Inari One,Admire Vega + Sakura Chiyono O,,,,,,,,,,,,,
,,,,,,,,,,,,,,,,,,,,,,,,,,,,,,,,,,,,,,,,,,,,,,,,,,,,,,,JP,,JP Datedif,471,,,,,,,0,0,0,0,2026-05-28 22:00:00,,,,
,,,,,,,,,,,,,,,,,,,,,,,,,,,,,,,,,,,,,,,,,,,,,,,,,,,,,,,Start Date,End Date,Global Datedif,336,,,,,,,,,,,,,,,
,,,,,,,,,,,,,,,,,,,,,,,,,,,,,,,,,,,,,,,,,,,,,,,,,,,,,,,2022-06-10,2022-06-20,D-Day,-29,,,,,,,,,,,,,,,
,,,,,,,,,,,,,,,,,,,,,,,,,,,,,,,,,,,,,,,,,,,,,0,2026-06-07 21:59:59,k3,,,,,,,,Pull Tickets,,Finals Day,-20,,,,,,,,,,,,,,,
,,,,,,,,,,,,,,,,,,,,,,,,,,,,,,,,,,,,,,,,,,,,,0,Last Day,,,,,,,,,Uma,Support,Length,10,,,,,,,,,,,,,,,
,,,,,,,,,,,,,,,,,,,,,,,,,,,,,,,,,,,,,,,,,,,,,,,,,,,,,,,0,0,Dropdown,TRUE,,,,,,,,,,,,,,,
,,,,,,,,,,,,,,,,,,,,,,,,,,,,,,,Inari One,,Admire Vega,Sakura Chiyono O,,,,,,,,,,,,,,,,,,,,,Limit Break Crystals,,,,,,,,,,,,,,,,,,
,,,,,,,,,,,,,,,,,,,,,,,,,,,,,,,,,,,,,,,,,,,,,,,,,,,,,,,SSR,SR,,,,,,,,,,,,,,,,,
,,,,,,,,,,,,,,,,,,,,,,,,,,,,,,,,,,,,,,,,,,,,,,,,,,,,,,,,,,,,,,,,,,,,,,,,,
,,,,,,,,,,,,,,,,,,,,,,,,,,,,,,,,,,,,,,,,,,,,,,,,,,,,,,,Date Override,,Start Date,End Date,,,,,,,,,,,,,,,
,,,,,,,,,,,,,,,,,,,,,,,,,,,,,,,,,,,,,,,,,,,,,,,,,,,,,,,2026-06-04,,2026-06-04,2026-06-10,,,,,,,,,,,,,,,
,,,,,,,,,,,,,,,,,,,,,,,,,,,,,,,,,,,,,,,,,,,,,,,,,,,,,,,Banner Type,-1,2026-06-04 22:00:00,2026-06-10 21:59:59,,,,,,,,,,,,,,,
,,,,,,,,,,,,,,,,,,,,,,,,,,,,,,,,,,,,,,,,,,,,,,,,,,,,,,,JP,,JP Datedif,475,,,,,,,0,0,0,0,2026-06-04 22:00:00,0,2026-06-09 21:59:59,,
,,,,,,,,,,,,,,,,,,,,,,,,,,,,,,,,,,,,,,,,,,,,,,,,,,,,,,,Start Date,End Date,Global Datedif,343,,,,,,,,,,,,,,,
,,,,,,,,,,,,,,,,,,,,,,,,,,,,,,,,,,,,,,,,,,,,,,,,,,,,,,,2022-06-14,2022-06-20,D-Day,-22,,,,,,,,,,,,,,,
,,,,,,,,,,,,,,,,,,,,,,,,,,,,,,,,578*,1200,1200*,1200,,,,,,,,,,,,,,,,,,,,Pull Tickets,,Finals Day,-17,,,,,,,,,,,,,,,
,,,,,,,,,,,,,,,,,,,,,,,,,,,,,,,,,,,,,,,,,,,,,,,,,,,,,,,Uma,Support,Length,6,,,,,,,,,,,,,,,
,,,,,,,,,,,,,,,,,,,,,,,,,,,,,,,,,,,,,,,,,,,,,,,,,,,,,,,,,Dropdown,TRUE,,,,,,,,,,,,,,,
,,,,,,,,,,,,,,,,,,,,,,,,,,,,,,,,,,,,,,,,,,,,,,,,,,,,,,,Limit Break Crystals,,,,,,,,,,,,,,,,,,
,,,,,,,,,,,,,,,,,,,,,,,,,,,,,,,,,,,,,,,,,,,,,,,,,,,,,,,SSR,SR,,,,,,,,,,,,,,,,,
,,,,,,,,,,,,,,,,,,,,,,,,,,,,,,,,,,,,,,,,,,,,,,,,,,,,,,,,,,,,,,,,,,,,,,,,,
,,,,,,,,,,,,,,,,,,,,,,,,,,JP,,Global,,,,,,,,,,,,,,,,,0,2026-06-04 22:00:00,k1,0,2026-06-14 21:59:59,,,,,,Date Override,,Start Date,End Date,,,,,,,,,,,,,,,
,,,,,,,,,,,,,,,,,,,,,,,,,,Start Date,End Date,Start Date,End Date,,Releases In,,,,,,,,,,,,,,80,First Day,Hours,2000,Throughout,,,,,,2026-06-04,,2026-06-04,2026-06-14,,,,,,,,,,,,,,,
,,,,,,,,,,,,,,,,,,,,,,,,,,2022-06-20,2022-06-30,2026-06-04,2026-06-14,,-22 Days,,,,,,,,,,,,,,80,Uma Story Ch 1-4,,1500,Fuji Kiseki's Showtime,,,,,,Banner Type,1,2026-06-04 22:00:00,2026-06-14 21:59:59,Sweep Tosho,Taiki Shuttle,,,,,,,,,,,,,
,,,,,,,,,,,,,,,,,,,,,,,,,,,,,,,,,,,,,,,,,,,,,,,,,,,,,,,JP,,JP Datedif,481,,,,,,,0,0,0,0,2026-06-04 22:00:00,,,,
,,,,,,,,,,,,,,,,,,,,,,,,,,,,,,,,,,,,,,,,,,,,,,,,250,Legend Race (Tamano Cross),,,,,,Start Date,End Date,Global Datedif,343,,,,,,,,,,,,,,,
,,,,,,,,,,,,,,,,,,,,,,,,,,,,,,,,,,,,,,,,,,,,,,,,250,Legend Race (Meisho Doto),,,,,,2022-06-20,2022-06-30,D-Day,-22,,,,,,,,,,,,,,,
,,,,,,,,,,,,,,,,,,,,,,,,,,,,,,,,,,,,,,,,,,,,,0,2026-06-14 21:59:59,k3,,,,,,,,Pull Tickets,,Finals Day,-13,,,,,,,,,,,,,,,
,,,,,,,,,,,,,,,,,,,,,,,,,,,,,,,,,,,,,,,,,,,,,300,Last Day,,,,,,,,,Uma,Support,Length,10,,,,,,,,,,,,,,,
,,,,,,,,,,,,,,,,,,,,,,,,,,,,,,,,,,,,,,,,,,,,,150,Spring G1 Celebration Missions Part 2 (Takarazuka Kinen),,,,,,,,,0,0,Dropdown,TRUE,,,,,,,,,,,,,,,
,,,,,,,,,,,,,,,,,,,,,,,,,,,,,,,Sweep Tosho,,Taiki Shuttle,,Oguri Cap,,,,,,,,,,150,G1 Celebration Missions (Teio Sho),,,,,,,,,Limit Break Crystals,,,,,,,,,,,,,,,,,,
,,,,,,,,,,,,,,,,,,,,,,,,,,,,,,,Whale,,Whale,,,,,,,,,,,,,,,,,,,,,,SSR,SR,,,,,,,,,,,,,,,,,
,,,,,,,,,,,,,,,,,,,,,,,,,,,,,,,,,,,,,,,,,,,,,,,,,,,,,,,3,4,,,,,,,,,,,,,,,,,
,,,,,,,,,,,,,,,,,,,,,,,,,,JP,,Global,,,,,,,,,,,,,,,,,0,2026-06-11 22:00:00,k1,0,2026-06-22 21:59:59,,,,,,Date Override,,Start Date,End Date,,,,,,,,,,,,,,,
,,,,,,,,,,,,,,,,,,,,,,,,,,Start Date,End Date,Start Date,End Date,,Releases In,,,,,,,,,,,,,,0,First Day,Hours,2160,Throughout,,,,,,2026-06-11,,2026-06-11,2026-06-22,,,,,,,,,,,,,,,
,,,,,,,,,,,,,,,,,,,,,,,,,,2022-06-30,2022-07-11,2026-06-11,2026-06-22,,-15 Days,,,,,,,,,,,,,,,,,2160,"Event Rewards (Story, Bingo, Event Pt)",,,,,,Banner Type,1,2026-06-11 22:00:00,2026-06-22 21:59:59,Taiki Shuttle (Camping) + Mejiro Dober (Camping),El Condor Pasa + Matikanetannhauser,,,,,,,,,,,,,
,,,,,,,,,,,,,,,,,,,,,,,,,,,,,,,,,,,,,,,,,,,,,,,,,,,,,,,JP,,JP Datedif,491,,,,,,,0,0,0,0,2026-06-11 22:00:00,,,,
,,,,,,,,,,,,,,,,,,,,,,,,,,,,,,,,,,,,,,,,,,,,,,,,,,,,,,,Start Date,End Date,Global Datedif,350,,,,,,,,,,,,,,,
,,,,,,,,,,,,,,,,,,,,,,,,,,,,,,,,,,,,,,,,,,,,,,,,,,,,,,,2022-06-30,2022-07-11,D-Day,-15,,,,,,,,,,,,,,,
,,,,,,,,,,,,,,,,,,,,,,,,,,,,,,,,,,,,,,,,,,,,,0,2026-06-22 21:59:59,k3,,,,,,,,Pull Tickets,,Finals Day,-5,,,,,,,,,,,,,,,
,,,,,,,,,,,,,,,,,,,,,,,,,,,,,,,,,,,,,,,,,,,,,150,Last Day,,,,,,,,,Uma,Support,Length,11,,,,,,,,,,,,,,,
,,,,,,,,,,,,,,,,,,,,,,,,,,,,,,,,,,,,,,,,,,,,,150,G1 Celebration Missions (Japan Dirt Derby),,,,,,,,,2,2,Dropdown,TRUE,,,,,,,,,,,,,,,
,,,,,,,,,,,,,,,,,,,,,,,,,,,,,,,Taiki Shuttle,Mejiro Dober,El Condor Pasa,Matikanetannhauser,,,,,,Zenno Rob Roy,,,,,,,,,,,,,,,Limit Break Crystals,,,,,,,,,,,,,,,,,,
,,,,,,,,,,,,,,,,,,,,,,,,,,,,,,,(Camping),(Camping),,,,,,,,,,,,,,,,,,,,,,,SSR,SR,,,,,,,,,,,,,,,,,
,,,,,,,,,,,,,,,,,,,,,,,,,,,,,,,Whale,,,,,,,,,,,,,,,,,,,,,,,,3,3,,,,,,,,,,,,,,,,,
,,,,,,,,,,,,,,,,,,,,,,,,,,JP,,Global,,,,,,,,,,,,,,,,,0,2026-06-18 22:00:00,k1,0,2026-06-27 21:59:59,,,,,,Date Override,,Start Date,End Date,,,,,,,,,,,,,,,
,,,,,,,,,,,,,,,,,,,,,,,,,,Start Date,End Date,Start Date,End Date,,Releases In,,,,,,,,,,,,,,80,First Day,Hours,0,Throughout,,,,,,2026-06-18,,2026-06-18,2026-06-27,,,,,,,,,,,,,,,
,,,,,,,,,,,,,,,,,,,,,,,,,,2022-07-11,2022-07-20,2026-06-18,2026-06-27,,-8 Days,,,,,,,,,,,,,,80,Uma Story Ch 1-4,,,,,,,,,Banner Type,1,2026-06-18 22:00:00,2026-06-27 21:59:59,Air Shakur,Air Groove,,Air Shakur,Air Groove,,,,,,,,,,
,,,,,,,,,,,,,,,,,,,,,,,,,,,,,,,,,,,,,,,,,,,,,,,,,,,,,,,JP,,JP Datedif,502,,,,,,,0,0,0,0,2026-06-18 22:00:00,,,,
,,,,,,,,,,,,,,,,,,,,,,,,,,,,,,,,,,,,,,,,,,,,,,,,,,,,,,,Start Date,End Date,Global Datedif,357,,,,,,,,,,,,,,,
,,,,,,,,,,,,,,,,,,,,,,,,,,,,,,,,,,,,,,,,,,,,,,,,,,,,,,,2022-07-11,2022-07-20,D-Day,-8,,,,,,,,,,,,,,,
,,,,,,,,,,,,,,,,,,,,,,,,,,,,,,,,,,,,,,,,,,,,,0,2026-06-27 21:59:59,k3,,,,,,,,Pull Tickets,,Finals Day,0,,,,,,,,,,,,,,,
,,,,,,,,,,,,,,,,,,,,,,,,,,,,,,,,,,,,,,,,,,,,,0,Last Day,,,,,,,,,Uma,Support,Length,9,,,,,,,,,,,,,,,
,,,,,,,,,,,,,,,,,,,,,,,,,,,,,,,,,,,,,,,,,,,,,,,,,,,,,,,0,0,Dropdown,FALSE,,,,,,,,,,,,,,,
,,,,,,,,,,,,,,,,,,,,,,,,,,,,,,,Air Shakur,,Air Groove,,Gold City,,,,,,,,,,,,,,,,,,,,Limit Break Crystals,,,,,,,,,,,,,,,,,,
,,,,,,,,,,,,,,,,,,,,,,,,,,,,,,,,,,,,,,,,,,,,,,,,,,,,,,,SSR,SR,,,,,,,,,,,,,,,,,
,,,,,,,,,,,,,,,,,,,,,,,,,,,,,,,,,,,,,,,,,,,,,,,,,,,,,,,,,,,,,,,,,,,,,,,,,
,,,,,,,,,,,,,,,,,,,,,,,,,,JP,,Global,,,,,,,,,,,,,,,,,,,,,,,,,,,Date Override,,Start Date,End Date,,,,,,,,,,,,,,,
,,,,,,,,,,,,,,,,,,,,,,,,,,,,,,,,,,,,,,,,,,,,,,,,,,,,,,,2026-06-24,,2026-06-24,2026-06-30,,,,,,,,,,,,,,,
,,,,,,,,,,,,,,,,,,,,,,,,,,,,,,,,,,,,,,,,,,,,,,,,,,,,,,,Banner Type,-1,2026-06-24 22:00:00,2026-06-30 21:59:59,,,,,,,,,,,,,,,
,,,,,,,,,,,,,,,,,,,,,,,,,,,,,,,,,,,,,,,,,,,,,,,,,,,,,,,JP,,JP Datedif,505,,,,,,,0,0,0,0,2026-06-24 22:00:00,1,2026-06-29 21:59:59,,
,,,,,,,,,,,,,,,,,,,,,,,,,,,,,,,,,,,,,,,,,,,,,,,,,,,,,,,Start Date,End Date,Global Datedif,363,,,,,,,,,,,,,,,
,,,,,,,,,,,,,,,,,,,,,,,,,,,,,,,,,,,,,,,,,,,,,,,,,,,,,,,2022-07-14,2022-07-20,D-Day,-2,,,,,,,,,,,,,,,
,,,,,,,,,,,,,,,,,,,,,,,,,,,,,,,,700,1200,600,1200,,,,,,,,,,,,,,,,,,,,Pull Tickets,,Finals Day,3,,,,,,,,,,,,,,,
,,,,,,,,,,,,,,,,,,,,,,,,,,,,,,,,,,,,,,,,,,,,,,,,,,,,,,,Uma,Support,Length,6,,,,,,,,,,,,,,,
,,,,,,,,,,,,,,,,,,,,,,,,,,,,,,,,,,,,,,,,,,,,,,,,,,,,,,,,,Dropdown,FALSE,,,,,,,,,,,,,,,
,,,,,,,,,,,,,,,,,,,,,,,,,,,,,,,,,,,,,,,,,,,,,,,,,,,,,,,Limit Break Crystals,,,,,,,,,,,,,,,,,,
,,,,,,,,,,,,,,,,,,,,,,,,,,,,,,,,,,,,,,,,,,,,,,,,,,,,,,,SSR,SR,,,,,,,,,,,,,,,,,
,,,,,,,,,,,,,,,,,,,,,,,,,,,,,,,,,,,,,,,,,,,,,,,,,,,,,,,,,,,,,,,,,,,,,,,,,
,,,,,,,,,,,,,,,,,,,,,,,,,,JP,,Global,,,,,,,,,,,,,,,,,0,2026-06-25 22:00:00,k1,860,2026-07-04 21:59:59,,,,,,Date Override,,Start Date,End Date,,,,,,,,,,,,,,,
,,,,,,,,,,,,,,,,,,,,,,,,,,Start Date,End Date,Start Date,End Date,,Releases In,,,,,,,,,,,,,,0,First Day,Hours,1780,Throughout,,,,,,2026-06-25,,2026-06-25,2026-07-04,,,,,,,,,,,,,,,
,,,,,,,,,,,,,,,,,,,,,,,,,,2022-07-20,2022-07-29,2026-06-25,2026-07-04,,-1 Days,,,,,,,,,,,,,,,,,480,Main Story Reward,,,,,,Banner Type,1,2026-06-25 22:00:00,2026-07-04 21:59:59,Seiun Sky (Rerun) + Narita Brian (Rerun),The Throne's Assemblage,,Seiun Sky (Rerun) + Narita Brian (Rerun),The Throne's Assemblage,,,,,,,,,,
,,,,,,,,,,,,,,,,,,,,,,,,,,,,,,,,,,,,,,,,,,,,,,,,1300,1st Aim for the Stars! Dream Team,,,,,,JP,,JP Datedif,511,,,,,,,0,0,0,0,2026-06-25 22:00:00,,,,
,,,,,,,,,,,,,,,,,,,,,,,,,,,,,,,,,,,,,,,,,,,,,,,,,,,,,,,Start Date,End Date,Global Datedif,364,,,,,,,,,,,,,,,
,,,,,,,,,,,,,,,,,,,,,,,,,,,,,,,,,,,,,,,,,,,,,,,,,,,,,,,2022-07-20,2022-07-29,D-Day,-1,,,,,,,,,,,,,,,
,,,,,,,,,,,,,,,,,,,,,,,,,,,,,,,,,,,,,,,,,,,,,0,2026-07-04 21:59:59,k3,,,,,,,,Pull Tickets,,Finals Day,7,,,,,,,,,,,,,,,
,,,,,,,,,,,,,,,,,,,,,,,,,,,,,,,,,,,,,,,,,,,,,0,Last Day,,,,,,,,,Uma,Support,Length,9,,,,,,,,,,,,,,,
,,,,,,,,,,,,,,,,,,,,,,,,,,,,,,,,,,,,,,,,,,,,,,,,,,,,,,,2,2,Dropdown,FALSE,,,,,,,,,,,,,,,
,,,,,,,,,,,,,,,,,,,,,,,,,,,,,,,Seiun Sky,Narita Brian,The Throne's Assemblage,,El Condor Pasa,,,,,,,Special Week,Special Week,,,,,,,,,,,,Limit Break Crystals,,,,,,,,,,,,,,,,,,
,,,,,,,,,,,,,,,,,,,,,,,,,,,,,,,(Rerun),(Rerun),Leviathan,,,,,,,,,,(Commander),,,,,,,,,,,,SSR,SR,,,,,,,,,,,,,,,,,
,,,,,,,,,,,,,,,,,,,,,,,,,,,,,,,Whale,,,,,,,,,,,,,,,,,,,,,,,,2,2,,,,,,,,,,,,,,,,,
,,,,,,,,,,,,,,,,,,,,,,,,,,JP,,Global,,,,,,,,,,,,,,,,,0,2026-07-01 22:00:00,k1,2160,2026-07-13 21:59:59,,,,,,Date Override,,Start Date,End Date,,,,,,,,,,,,,,,
,,,,,,,,,,,,,,,,,,,,,,,,,,Start Date,End Date,Start Date,End Date,,Releases In,,,,,,,,,,,,,,0,First Day,Hours,2160,Throughout,,,,,,,,2026-07-01,2026-07-13,,,,,,,,,,,,,,,
,,,,,,,,,,,,,,,,,,,,,,,,,,2022-07-29,2022-08-10,2026-07-01,2026-07-13,,5 Days,,,,,,,,,,,,,,,,,2160,"Event Rewards (Story, Bingo, Event Pt)",,,,,,Banner Type,1,2026-07-01 22:00:00,2026-07-13 21:59:59,Mejiro McQueen (Summer) + Gold Ship (Summer),Maruzensky + Nakayama Festa,,Mejiro McQueen (Summer) + Gold Ship (Summer),Maruzensky + Nakayama Festa,,,,,,,,,,
,,,,,,,,,,,,,,,,,,,,,,,,,,,,,,,,,,,,,,,,,,,,,,,,,,,,,,,JP,,JP Datedif,520,,,,,,,2,2,3,3,2026-07-01 22:00:00,,,,
,,,,,,,,,,,,,,,,,,,,,,,,,,,,,,,,,,,,,,,,,,,,,,,,,,,,,,,Start Date,End Date,Global Datedif,370,,,,,,,,,,,,,,,
,,,,,,,,,,,,,,,,,,,,,,,,,,,,,,,,,,,,,,,,,,,,,,,,,,,,,,,2022-07-29,2022-08-10,D-Day,5,,,,,,,,,,,,,,,
,,,,,,,,,,,,,,,,,,,,,,,,,,,,,,,,,,,,,,,,,,,,,0,2026-07-13 21:59:59,k3,,,,,,,,Pull Tickets,,Finals Day,16,,,,,,,,,,,,,,,
,,,,,,,,,,,,,,,,,,,,,,,,,,,,,,,,,,,,,,,,,,,,,0,Last Day,,,,,,,,,Uma,Support,Length,12,,,,,,,,,,,,,,,
,,,,,,,,,,,,,,,,,,,,,,,,,,,,,,,,,,,,,,,,,,,,,,,,,,,,,,,2,2,Dropdown,FALSE,,,,,,,,,,,,,,,
,,,,,,,,,,,,,,,,,,,,,,,,,,,,,,,Mejiro McQueen,Gold Ship,Maruzensky,Nakayama Festa,,,,,,Sakura Chiyono O,,,,,,,,,,,,,,,Limit Break Crystals,,,,,,,,,,,,,,,,,,
,,,,,,,,,,,,,,,,,,,,,,,,,,,,,,,(Summer),(Summer),Dolphin,,,,,,,,,,,,,,,,,,,,,,SSR,SR,,,,,,,,,,,,,,,,,
,,,,,,,,,,,,,,,,,,,,,,,,,,,,,,,,Whale,,,,,,,,,,,,,,,,,,,,,,,3,3,,,,,,,,,,,,,,,,,
,,,,,,,,,,,,,,,,,,,,,,,,,,JP,,Global,,,,Free Pulls,,,,,,,,,,,,,80,2026-07-10 22:00:00,k1,600,2026-07-19 21:59:59,,,,,,Date Override,,Start Date,End Date,,,,,,,,,,,,,,,
,,,,,,,,,,,,,,,,,,,,,,,,,,Start Date,End Date,Start Date,End Date,,Releases In,Uma,Support,,,,,,,,,,,,80,First Day,Hours,600,Throughout,,,,,,,,2026-07-10,2026-07-19,,,,,,,,,,,,,,,
,,,,,,,,,,,,,,,,,,,,,,,,,,2022-08-10,2022-08-19,2026-07-10,2026-07-19,,14 Days,4,0,,,,,,,,,,,,80,Uma Story Ch 1-4,,600,Countdown to the 1.5th Anniversary,,,,,,Banner Type,1,2026-07-10 22:00:00,2026-07-19 21:59:59,Bamboo Memory,Ikuno Dictus + Yukino Bijin,,Bamboo Memory,Ikuno Dictus + Yukino Bijin,,,,,,,,,,
,,,,,,,,,,,,,,,,,,,,,,,,,,,,,,,,,,,,,,,,,,,,,,,,,,,,,,,JP,,JP Datedif,532,,,,,,,2,2,3,3,2026-07-10 22:00:00,,,,
,,,,,,,,,,,,,,,,,,,,,,,,,,,,,,,,,,,,,,,,,,,,,,,,,,,,,,,Start Date,End Date,Global Datedif,379,,,,,,,,,,,,,,,
,,,,,,,,,,,,,,,,,,,,,,,,,,,,,,,,,,,,,,,,,,,,,,,,,,,,,,,2022-08-10,2022-08-19,D-Day,14,,,,,,,,,,,,,,,
,,,,,,,,,,,,,,,,,,,,,,,,,,,,,,,,,,,,,,,,,,,,,0,2026-07-19 21:59:59,k3,,,,,,,,Pull Tickets,,Finals Day,22,,,,,,,,,,,,,,,
,,,,,,,,,,,,,,,,,,,,,,,,,,,,,,,,,,,,,,,,,,,,,0,Last Day,,,,,,,,,Uma,Support,Length,9,,,,,,,,,,,,,,,
,,,,,,,,,,,,,,,,,,,,,,,,,,,,,,,,,,,,,,,,,,,,,,,,,,,,,,,0,0,Dropdown,FALSE,,,,,,,,,,,,,,,
,,,,,,,,,,,,,,,,,,,,,,,,,,,,,,,Bamboo Memory,,Ikuno Dictus,Yukino Bijin,,,,,,,,,,,,,,,,,,,,,Limit Break Crystals,,,,,,,,,,,,,,,,,,
,,,,,,,,,,,,,,,,,,,,,,,,,,,,,,,4x Free Pulls,,,Whale,,,,,,,,,,,,,,,,,,,,,SSR,SR,,,,,,,,,,,,,,,,,
,,,,,,,,,,,,,,,,,,,,,,,,,,,,,,,,,,,,,,,,,,,,,,,,,,,,,,,,,,,,,,,,,,,,,,,,,
,,,,,,,,,,,,,,,,,,,,,,,,,,JP,,Global,,,,,,,,,,,,,,,,,,,,,,,,,,,Date Override,,Start Date,End Date,,,,,,,,,,,,,,,
,,,,,,,,,,,,,,,,,,,,,,,,,,,,,,,,,,,,,,,,,,,,,,,,,,,,,,,,,2026-07-12,2026-07-18,,,,,,,,,,,,,,,
,,,,,,,,,,,,,,,,,,,,,,,,,,,,,,,,,,,,,,,,,,,,,,,,,,,,,,,Banner Type,-1,2026-07-12 22:00:00,2026-07-18 21:59:59,,,,,,,,,,,,,,,
,,,,,,,,,,,,,,,,,,,,,,,,,,,,,,,,,,,,,,,,,,,,,,,,,,,,,,,JP,,JP Datedif,535,,,,,,,2,2,3,3,2026-07-12 22:00:00,2,2026-07-17 21:59:59,,
,,,,,,,,,,,,,,,,,,,,,,,,,,,,,,,,,,,,,,,,,,,,,,,,,,,,,,,Start Date,End Date,Global Datedif,381,,,,,,,,,,,,,,,
,,,,,,,,,,,,,,,,,,,,,,,,,,,,,,,,,,,,,,,,,,,,,,,,,,,,,,,2022-08-13,2022-08-19,D-Day,16,,,,,,,,,,,,,,,
,,,,,,,,,,,,,,,,,,,,,,,,,,,,,,,,,,,,,,,,,,,,,,,,,,,,,,,Pull Tickets,,Finals Day,21,,,,,,,,,,,,,,,
,,,,,,,,,,,,,,,,,,,,,,,,,,,,,,,,,,,,,,,,,,,,,,,,,,,,,,,Uma,Support,Length,6,,,,,,,,,,,,,,,
,,,,,,,,,,,,,,,,,,,,,,,,,,,,,,,,,,,,,,,,,,,,,,,,,,,,,,,,,Dropdown,FALSE,,,,,,,,,,,,,,,
,,,,,,,,,,,,,,,,,,,,,,,,,,,,,,,,,,,,,,,,,,,,,,,,,,,,,,,Limit Break Crystals,,,,,,,,,,,,,,,,,,
,,,,,,,,,,,,,,,,,,,,,,,,,,,,,,,,,,,,,,,,,,,,,,,,,,,,,,,SSR,SR,,,,,,,,,,,,,,,,,
,,,,,,,,,,,,,,,,,,,,,,,,,,,,,,,,,,,,,,,,,,,,,,,,,,,,,,,,,,,,,,,,,,,,,,,,,
,,,,,,,,,,,,,,,,,,,,,,,,,,JP,,Global,,,,Free Pulls,,,,,,,,,,,,,80,2026-07-16 22:00:00,k1,600,2026-07-26 21:59:59,,,,,,Date Override,,Start Date,End Date,,,,,,,,,,,,,,,
,,,,,,,,,,,,,,,,,,,,,,,,,,Start Date,End Date,Start Date,End Date,,Releases In,Uma,Support,,,,,,,,,,,,80,First Day,Hours,600,Throughout,,,,,,,,2026-07-16,2026-07-26,,,,,,,,,,,,,,,
,,,,,,,,,,,,,,,,,,,,,,,,,,2022-08-19,2022-08-29,2026-07-16,2026-07-26,,20 Days,5,0,,,,,,,,,,,,80,Uma Story Ch 1-4,,600,Countdown to the 1.5th Anniversary,,,,,,Banner Type,1,2026-07-16 22:00:00,2026-07-26 21:59:59,Copano Rickey,Manhattan Cafe,,Copano Rickey,Manhattan Cafe,,,,,,,,,,
,,,,,,,,,,,,,,,,,,,,,,,,,,,,,,,,,,,,,,,,,,,,,,,,,,,,,,,JP,,JP Datedif,541,,,,,,,6,6,3,3,2026-07-16 22:00:00,,,,
,,,,,,,,,,,,,,,,,,,,,,,,,,,,,,,,,,,,,,,,,,,,,,,,,,,,,,,Start Date,End Date,Global Datedif,385,,,,,,,,,,,,,,,
,,,,,,,,,,,,,,,,,,,,,,,,,,,,,,,,,,,,,,,,,,,,,,,,,,,,,,,2022-08-19,2022-08-29,D-Day,20,,,,,,,,,,,,,,,
,,,,,,,,,,,,,,,,,,,,,,,,,,,,,,,,,,,,,,,,,,,,,500,2026-07-26 21:59:59,k3,,,,,,,,Pull Tickets,,Finals Day,29,,,,,,,,,,,,,,,
,,,,,,,,,,,,,,,,,,,,,,,,,,,,,,,,,,,,,,,,,,,,,500,Last Day,,,,,,,,,Uma,Support,Length,10,,,,,,,,,,,,,,,
,,,,,,,,,,,,,,,,,,,,,,,,,,,,,,,,,,,,,,,,,,,,,500,1.5th Anniversary Celebration Missions Part 1,,,,,,,,,4,4,Dropdown,FALSE,,,,,,,,,,,,,,,
,,,,,,,,,,,,,,,,,,,,,,,,,,,,,,,Copano Rickey,,Manhattan Cafe,,Seiun Sky,,,,,,,,,,,,,,,,,,,,Limit Break Crystals,,,,,,,,,,,,,,,,,,
,,,,,,,,,,,,,,,,,,,,,,,,,,,,,,,Whale,,,,,,,,,,,,,,,,,,,,,,,,SSR,SR,,,,,,,,,,,,,,,,,
,,,,,,,,,,,,,,,,,,,,,,,,,,,,,,,5x Free Pulls,,,,,Grand Live,,,,,,,,,,,,,,,,,,,,,,,,,,,,,,,,,,,,,
,,,,,,,,,,,,,,,,,,,,,,,,,,JP,,Global,,,,Free Pulls,,,,,,,,,,,,,3000,2026-07-20 22:00:00,k1,5160,2026-08-08 21:59:59,,,,,,Date Override,,Start Date,End Date,,,,,,,,,,,,,,,
,,,,,,,,,,,,,,,,,,,,,,,,,,Start Date,End Date,Start Date,End Date,,Releases In,Uma,Support,,,1.5th Anniversary: July 2026,,,,,,,,,3000,First Day,Hours,5160,Throughout,,,,,,,,2026-07-20,2026-08-08,,,,,,,,,,,,,,,
,,,,,,,,,,,,,,,,,,,,,,,,,,2022-08-24,2022-09-12,2026-07-20,2026-08-08,,24 Days,0,60,,,,,,,,,,,,3000,1.5 Anniversary Gift,,3000,1.5 Anniversary Login Bonus,,,,,,Banner Type,1,2026-07-20 22:00:00,2026-08-08 21:59:59,Smart Falcon (Grand Live),Light Hello + Agnes Tachyon,,Smart Falcon (Grand Live),Light Hello + Agnes Tachyon,,,,,,,,,,
,,,,,,,,,,,,,,,,,,,,,,,,,,,,,,,,,,,"The 1.5th anniversary on JP, KR, TW, and Bilibili had 100 total Free Pulls split between Light Hello + Agnes Tachyon and Tokai Teio + Twin Turbo. 

Like on Matikanefukukitaru + Admire Vega's banner, depending on when you redeem the Free Pulls determines the split. If you redeem in the morning you will get a 60-40 split. If you redeem after the Tokai Teio + Twin Turbo banner releases it will be a 50-50 split. ",,,,,,,,,,,,,2160,"Event Rewards (Story, Bingo, Event Pt)",,,,,,JP,,JP Datedif,546,,,,,,,6,6,4,4,2026-07-20 22:00:00,,,,
,,,,,,,,,,,,,,,,,,,,,,,,,,,,,,,,,,,,,,,,,,,,,,,,,,,,,,,Start Date,End Date,Global Datedif,389,,,,,,,,,,,,,,,
,,,,,,,,,,,,,,,,,,,,,,,,,,,,,,,,,,,,,,,,,,,,,,,,,,,,,,,2022-08-24,2022-09-12,D-Day,24,,,,,,,,,,,,,,,
,,,,,,,,,,,,,,,,,,,,,,,,,,,,,,,,,,,,,,,,,,,,,1000,2026-08-08 21:59:59,k3,,,,,,,,Pull Tickets,,Finals Day,42,,,,,,,,,,,,,,,
,,,,,,,,,,,,,,,,,,,,,,,,,,,,,,,,,,,,,,,,,,,,,1000,Last Day,,,,,,,,,Uma,Support,Length,19,,,,,,,,,,,,,,,
,,,,,,,,,,,,,,,,,,,,,,,,,,,,,,,,,,,,,,,,,,,,,500,1.5th Anniversary Celebration Missions Part 2,,,,,,,,,,,Dropdown,FALSE,,,,,,,,,,,,,,,
,,,,,,,,,,,,,,,,,,,,,,,,,,,,,,,Smart Falcon,,Light Hello,Agnes Tachyon,,,,,,Mihono Bourbon,,,,,500,Tracen Academy Special: Master Trainer's Road 4,,,,,,,,,Limit Break Crystals,,,,,,,,,,,,,,,,,,
,,,,,,,,,,,,,,,,,,,,,,,,,,,,,,,(Grand Live),,Must Pull,Must Pull,,,,,,,,,,,,,,,,,,,,,SSR,SR,,,,,,,,,,,,,,,,,
,,,,,,,,,,,,,,,,,,,,,,,,,,,,,,,,,50-60x Free Pulls,,,,,,,,,,,,,,,,,,,,,,1,1,,,,,,,,,,,,,,,,,
,,,,,,,,,,,,,,,,,,,,,,,,,,JP,,Global,,,,Free Pulls,,,,,,,,,,,,,0,2026-07-23 22:00:00,k1,0,2026-08-06 21:59:59,,,,,,Date Override,,Start Date,End Date,,,,,,,,,,,,,,,
,,,,,,,,,,,,,,,,,,,,,,,,,,Start Date,End Date,Start Date,End Date,,Releases In,Uma,Support,,,,,,,,,,,,0,First Day,Hours,0,Throughout,,,,,,,,2026-07-23,2026-08-06,,,,,,,,,,,,,,,
,,,,,,,,,,,,,,,,,,,,,,,,,,2022-08-29,2022-09-12,2026-07-23,2026-08-06,,27 Days,0,40,,,,,,,,,,,,,,,,,,,,,,Banner Type,1,2026-07-23 22:00:00,2026-08-06 21:59:59,Winning Ticket (Steampunk) + Narita Taishin (Steampunk),Tokai Teio + Twin Turbo,,Winning Ticket (Steampunk) + Narita Taishin (Steampunk),Tokai Teio + Twin Turbo,,,,,,,,,,
,,,,,,,,,,,,,,,,,,,,,,,,,,,,,,,,,,,,,,,,,,,,,,,,,,,,,,,JP,,JP Datedif,551,,,,,,,9,9,7,8,2026-07-23 22:00:00,,,,
,,,,,,,,,,,,,,,,,,,,,,,,,,,,,,,,,,,,,,,,,,,,,,,,,,,,,,,Start Date,End Date,Global Datedif,392,,,,,,,,,,,,,,,
,,,,,,,,,,,,,,,,,,,,,,,,,,,,,,,,,,,,,,,,,,,,,,,,,,,,,,,2022-08-29,2022-09-12,D-Day,27,,,,,,,,,,,,,,,
,,,,,,,,,,,,,,,,,,,,,,,,,,,,,,,,,,,,,,,,,,,,,0,2026-08-06 21:59:59,k3,,,,,,,,Pull Tickets,,Finals Day,40,,,,,,,,,,,,,,,
,,,,,,,,,,,,,,,,,,,,,,,,,,,,,,,,,,,,,,,,,,,,,0,Last Day,,,,,,,,,Uma,Support,Length,14,,,,,,,,,,,,,,,
,,,,,,,,,,,,,,,,,,,,,,,,,,,,,,,,,,,,,,Free SSR Selector,,,,,,,,,,,,,,,,,3,3,Dropdown,FALSE,,,,,,,,,,,,,,,
,,,,,,,,,,,,,,,,,,,,,,,,,,,,,,,Winning Ticket,Narita Taishin,Tokai Teio,Twin Turbo,,,,Up to Maruzensky/Nakayama Festa,,Biwa Hayahide,,,,,,,,,,,,,,,Limit Break Crystals,,,,,,,,,,,,,,,,,,
,,,,,,,,,,,,,,,,,,,,,,,,,,,,,,,(Steampunk),(Steampunk),50-40x Free Pulls,,,,,,,,,,,,,,,,,,,,,,SSR,SR,,,,,,,,,,,,,,,,,
,,,,,,,,,,,,,,,,,,,,,,,,,,,,,,,,,,,,,,,,,,,,,,,,,,,,,,,3,4,,,,,,,,,,,,,,,,,
,,,,,,,,,,,,,,,,,,,,,,,,,,JP,,Global,,,,,,,,,,,,,,,,,80,2026-08-02 22:00:00,k1,0,2026-08-10 21:59:59,,,,,,Date Override,,Start Date,End Date,,,,,,,,,,,,,,,
,,,,,,,,,,,,,,,,,,,,,,,,,,Start Date,End Date,Start Date,End Date,,Releases In,,,,,No Banner Recommendation Beyond this Point.,,,,,,,,,80,First Day,Hours,0,Throughout,,,,,,,,2026-08-02,2026-08-10,,,,,,,,,,,,,,,
,,,,,,,,,,,,,,,,,,,,,,,,,,2022-09-12,2022-09-20,2026-08-02,2026-08-10,,37 Days,,,,,,,,,,,,,,80,Uma Story Ch 1-4,,,,,,,,,Banner Type,1,2026-08-02 22:00:00,2026-08-10 21:59:59,Yukino Bijin,Smart Falcon + Silence Suzuka,,Yukino Bijin,Smart Falcon + Silence Suzuka,,,,,,,,,,
,,,,,,,,,,,,,,,,,,,,,,,,,,,,,,,,,,,,Banners Beyond This Point Has Not Been QCed.,,,,,,,,,,,,,,,,,,,JP,,JP Datedif,565,,,,,,,9,9,7,8,2026-08-02 22:00:00,,,,
,,,,,,,,,,,,,,,,,,,,,,,,,,,,,,,,,,,,,,,,,,,,,,,,,,,,,,,Start Date,End Date,Global Datedif,402,,,,,,,,,,,,,,,
,,,,,,,,,,,,,,,,,,,,,,,,,,,,,,,,,,,,,,,,,,,,,,,,,,,,,,,2022-09-12,2022-09-20,D-Day,37,,,,,,,,,,,,,,,
,,,,,,,,,,,,,,,,,,,,,,,,,,,,,,,,,,,,,,,,,,,,,0,2026-08-10 21:59:59,k3,,,,,,,,Pull Tickets,,Finals Day,44,,,,,,,,,,,,,,,
,,,,,,,,,,,,,,,,,,,,,,,,,,,,,,,,,,,,,,,,,,,,,0,Last Day,,,,,,,,,Uma,Support,Length,8,,,,,,,,,,,,,,,
,,,,,,,,,,,,,,,,,,,,,,,,,,,,,,,,,,,,,,,,,,,,,,,,,,,,,,,0,0,Dropdown,FALSE,,,,,,,,,,,,,,,
,,,,,,,,,,,,,,,,,,,,,,,,,,,,,,,Yukino Bijin,,Smart Falcon,Silence Suzuka,,,,,,,,,,,,,,,,,,,,,Limit Break Crystals,,,,,,,,,,,,,,,,,,
,,,,,,,,,,,,,,,,,,,,,,,,,,,,,,,,,(Rerun),(Rerun),,,,,,,,,,,,,,,,,,,,,SSR,SR,,,,,,,,,,,,,,,,,
,,,,,,,,,,,,,,,,,,,,,,,,,,,,,,,,,,,,,,,,,,,,,,,,,,,,,,,,,,,,,,,,,,,,,,,,,
,,,,,,,,,,,,,,,,,,,,,,,,,,JP,,Global,,,,,,,,,,,,,,,,,,,,,,,,,,,Date Override,,Start Date,End Date,,,,,,,,,,,,,,,
,,,,,,,,,,,,,,,,,,,,,,,,,,,,,,,,,,,,,,,,,,,,,,,,,,,,,,,,,2026-08-04,2026-08-10,,,,,,,,,,,,,,,
,,,,,,,,,,,,,,,,,,,,,,,,,,,,,,,,,,,,,,,,,,,,,,,,,,,,,,,Banner Type,-1,2026-08-04 22:00:00,2026-08-10 21:59:59,,,,,,,,,,,,,,,
,,,,,,,,,,,,,,,,,,,,,,,,,,,,,,,,,,,,,,,,,,,,,,,,,,,,,,,JP,,JP Datedif,568,,,,,,,9,9,7,8,2026-08-04 22:00:00,3,2026-08-09 21:59:59,,
,,,,,,,,,,,,,,,,,,,,,,,,,,,,,,,,,,,,,,,,,,,,,,,,,,,,,,,Start Date,End Date,Global Datedif,404,,,,,,,,,,,,,,,
,,,,,,,,,,,,,,,,,,,,,,,,,,,,,,,,,,,,,,,,,,,,,,,,,,,,,,,2022-09-15,2022-09-21,D-Day,39,,,,,,,,,,,,,,,
,,,,,,,,,,,,,,,,,,,,,,,,,,,,,,,,,,,,,,,,,,,,,,,,,,,,,,,Pull Tickets,,Finals Day,44,,,,,,,,,,,,,,,
,,,,,,,,,,,,,,,,,,,,,,,,,,,,,,,,,,,,,,,,,,,,,,,,,,,,,,,Uma,Support,Length,6,,,,,,,,,,,,,,,
,,,,,,,,,,,,,,,,,,,,,,,,,,,,,,,,,,,,,,,,,,,,,,,,,,,,,,,,,Dropdown,FALSE,,,,,,,,,,,,,,,
,,,,,,,,,,,,,,,,,,,,,,,,,,,,,,,,,,,,,,,,,,,,,,,,,,,,,,,Limit Break Crystals,,,,,,,,,,,,,,,,,,
,,,,,,,,,,,,,,,,,,,,,,,,,,,,,,,,,,,,,,,,,,,,,,,,,,,,,,,SSR,SR,,,,,,,,,,,,,,,,,
,,,,,,,,,,,,,,,,,,,,,,,,,,,,,,,,,,,,,,,,,,,,,,,,,,,,,,,,,,,,,,,,,,,,,,,,,
,,,,,,,,,,,,,,,,,,,,,,,,,,JP,,Global,,,,,,,,,,,,,,,,,80,2026-08-07 22:00:00,k1,2050,2026-08-16 21:59:59,,,,,,Date Override,,Start Date,End Date,,,,,,,,,,,,,,,
,,,,,,,,,,,,,,,,,,,,,,,,,,Start Date,End Date,Start Date,End Date,,Releases In,,,,,,,,,,,,,,80,First Day,Hours,2050,Throughout,,,,,,,,2026-08-07,2026-08-16,,,,,,,,,,,,,,,
,,,,,,,,,,,,,,,,,,,,,,,,,,2022-09-20,2022-09-29,2026-08-07,2026-08-16,,42 Days,,,,,,,,,,,,,,80,Uma Story Ch 1-4,,1550,Trainer Skill Test,,,,,,Banner Type,1,2026-08-07 22:00:00,2026-08-16 21:59:59,Seeking the Pearl,Daiichi Ruby,,Seeking the Pearl,Daiichi Ruby,,,,,,,,,,
,,,,,,,,,,,,,,,,,,,,,,,,,,,,,,,,,,,,,,,,,,,,,,,,,,,,,,,JP,,JP Datedif,573,,,,,,,12,12,9,11,2026-08-07 22:00:00,,,,
,,,,,,,,,,,,,,,,,,,,,,,,,,,,,,,,,,,,,,,,,,,,,,,,250,Legend Race (Nishino Flower),,,,,,Start Date,End Date,Global Datedif,407,,,,,,,,,,,,,,,
,,,,,,,,,,,,,,,,,,,,,,,,,,,,,,,,,,,,,,,,,,,,,,,,250,Legend Race (Hishi Akebono),,,,,,2022-09-20,2022-09-29,D-Day,42,,,,,,,,,,,,,,,
,,,,,,,,,,,,,,,,,,,,,,,,,,,,,,,,,,,,,,,,,,,,,150,2026-08-16 21:59:59,k3,,,,,,,,Pull Tickets,,Finals Day,50,,,,,,,,,,,,,,,
,,,,,,,,,,,,,,,,,,,,,,,,,,,,,,,,,,,,,,,,,,,,,150,Last Day,,,,,,,,,Uma,Support,Length,9,,,,,,,,,,,,,,,
,,,,,,,,,,,,,,,,,,,,,,,,,,,,,,,,,,,,,,,,,,,,,150,Autumn G1 Celebration Missions Part 1 (Sprinters Stakes),,,,,,,,,3,3,Dropdown,FALSE,,,,,,,,,,,,,,,
,,,,,,,,,,,,,,,,,,,,,,,,,,,,,,,Seeking the Pearl,,Daiichi Ruby,,K.S.Miracle,,,,,,,,,,,,,,,,,,,,Limit Break Crystals,,,,,,,,,,,,,,,,,,
,,,,,,,,,,,,,,,,,,,,,,,,,,,,,,,,,,,,,,,,,,,,,,,,,,,,,,,SSR,SR,,,,,,,,,,,,,,,,,
,,,,,,,,,,,,,,,,,,,,,,,,,,,,,,,,,,,,,,,,,,,,,,,,,,,,,,,2,3,,,,,,,,,,,,,,,,,
,,,,,,,,,,,,,,,,,,,,,,,,,,JP,,Global,,,,,,,,,,,,,,,,,0,2026-08-14 22:00:00,k1,2160,2026-08-26 21:59:59,,,,,,Date Override,,Start Date,End Date,,,,,,,,,,,,,,,
,,,,,,,,,,,,,,,,,,,,,,,,,,Start Date,End Date,Start Date,End Date,,Releases In,,,,,,,,,,,,,,0,First Day,Hours,2160,Throughout,,,,,,,,2026-08-14,2026-08-26,,,,,,,,,,,,,,,
,,,,,,,,,,,,,,,,,,,,,,,,,,2022-09-29,2022-10-11,2026-08-14,2026-08-26,,49 Days,,,,,,,,,,,,,,,,,2160,"Event Rewards (Story, Bingo, Event Pt)",,,,,,Banner Type,1,2026-08-14 22:00:00,2026-08-26 21:59:59,Agnes Digital (Halloween) + Meisho Doto (Halloween),Mejiro Palmer + Daitaku Helios,,Agnes Digital (Halloween) + Meisho Doto (Halloween),Mejiro Palmer + Daitaku Helios,,,,,,,,,,
,,,,,,,,,,,,,,,,,,,,,,,,,,,,,,,,,,,,,,,,,,,,,,,,,,,,,,,JP,,JP Datedif,582,,,,,,,14,14,12,14,2026-08-14 22:00:00,,,,
,,,,,,,,,,,,,,,,,,,,,,,,,,,,,,,,,,,,,,,,,,,,,,,,,,,,,,,Start Date,End Date,Global Datedif,414,,,,,,,,,,,,,,,
,,,,,,,,,,,,,,,,,,,,,,,,,,,,,,,,,,,,,,,,,,,,,,,,,,,,,,,2022-09-29,2022-10-11,D-Day,49,,,,,,,,,,,,,,,
,,,,,,,,,,,,,,,,,,,,,,,,,,,,,,,,,,,,,,,,,,,,,150,2026-08-26 21:59:59,k3,,,,,,,,Pull Tickets,,Finals Day,60,,,,,,,,,,,,,,,
,,,,,,,,,,,,,,,,,,,,,,,,,,,,,,,,,,,,,,,,,,,,,150,Last Day,,,,,,,,,Uma,Support,Length,12,,,,,,,,,,,,,,,
,,,,,,,,,,,,,,,,,,,,,,,,,,,,,,,,,,,,,,,,,,,,,150,Autumn G1 Celebration Missions Part 1 (Mile CS Nambu Hai),,,,,,,,,2,2,Dropdown,FALSE,,,,,,,,,,,,,,,
,,,,,,,,,,,,,,,,,,,,,,,,,,,,,,,Agnes Digital,Meisho Doto,Mejiro Palmer,Daitaku Helios,,,,,,Shinko Windy,,,,,,,,,,,,,,,Limit Break Crystals,,,,,,,,,,,,,,,,,,
,,,,,,,,,,,,,,,,,,,,,,,,,,,,,,,(Halloween),(Halloween),,,,,,,,,,,,,,,,,,,,,,,SSR,SR,,,,,,,,,,,,,,,,,
,,,,,,,,,,,,,,,,,,,,,,,,,,,,,,,,,,,,,,,,,,,,,,,,,,,,,,,3,3,,,,,,,,,,,,,,,,,
,,,,,,,,,,,,,,,,,,,,,,,,,,JP,,Global,,,,,,,,,,,,,,,,,80,2026-08-22 22:00:00,k1,0,2026-08-30 21:59:59,,,,,,Date Override,,Start Date,End Date,,,,,,,,,,,,,,,
,,,,,,,,,,,,,,,,,,,,,,,,,,Start Date,End Date,Start Date,End Date,,Releases In,,,,,,,,,,,,,,80,First Day,Hours,0,Throughout,,,,,,,,2026-08-22,2026-08-30,,,,,,,,,,,,,,,
,,,,,,,,,,,,,,,,,,,,,,,,,,2022-10-11,2022-10-19,2026-08-22,2026-08-30,,57 Days,,,,,,,,,,,,,,80,Uma Story Ch 1-4,,,,,,,,,Banner Type,1,2026-08-22 22:00:00,2026-08-30 21:59:59,Aston Machan,Maruzensky + Fine Motion,,Aston Machan,Maruzensky + Fine Motion,,,,,,,,,,
,,,,,,,,,,,,,,,,,,,,,,,,,,,,,,,,,,,,,,,,,,,,,,,,,,,,,,,JP,,JP Datedif,594,,,,,,,14,14,12,14,2026-08-22 22:00:00,,,,
,,,,,,,,,,,,,,,,,,,,,,,,,,,,,,,,,,,,,,,,,,,,,,,,,,,,,,,Start Date,End Date,Global Datedif,422,,,,,,,,,,,,,,,
,,,,,,,,,,,,,,,,,,,,,,,,,,,,,,,,,,,,,,,,,,,,,,,,,,,,,,,2022-10-11,2022-10-19,D-Day,57,,,,,,,,,,,,,,,
,,,,,,,,,,,,,,,,,,,,,,,,,,,,,,,,,,,,,,,,,,,,,150,2026-08-30 21:59:59,k3,,,,,,,,Pull Tickets,,Finals Day,64,,,,,,,,,,,,,,,
,,,,,,,,,,,,,,,,,,,,,,,,,,,,,,,,,,,,,,,,,,,,,150,Last Day,,,,,,,,,Uma,Support,Length,8,,,,,,,,,,,,,,,
,,,,,,,,,,,,,,,,,,,,,,,,,,,,,,,,,,,,,,,,,,,,,150,Autumn G1 Celebration Missions Part 1 (Shuuka Sho),,,,,,,,,0,0,Dropdown,FALSE,,,,,,,,,,,,,,,
,,,,,,,,,,,,,,,,,,,,,,,,,,,,,,,Aston Machan,,Maruzensky,Fine Motion,,,,,,,,,,,,,,,,,,,,,Limit Break Crystals,,,,,,,,,,,,,,,,,,
,,,,,,,,,,,,,,,,,,,,,,,,,,,,,,,,,,,,,,,,,,,,,,,,,,,,,,,SSR,SR,,,,,,,,,,,,,,,,,
,,,,,,,,,,,,,,,,,,,,,,,,,,,,,,,,,,,,,,,,,,,,,,,,,,,,,,,,,,,,,,,,,,,,,,,,,
,,,,,,,,,,,,,,,,,,,,,,,,,,JP,,Global,,,,,,,,,,,,,,,,,,,,,,,,,,,Date Override,,Start Date,End Date,,,,,,,,,,,,,,,
,,,,,,,,,,,,,,,,,,,,,,,,,,,,,,,,,,,,,,,,,,,,,,,,,,,,,,,,,2026-08-24,2026-08-30,,,,,,,,,,,,,,,
,,,,,,,,,,,,,,,,,,,,,,,,,,,,,,,,,,,,,,,,,,,,,,,,,,,,,,,Banner Type,-1,2026-08-24 22:00:00,2026-08-30 21:59:59,,,,,,,,,,,,,,,
,,,,,,,,,,,,,,,,,,,,,,,,,,,,,,,,,,,,,,,,,,,,,,,,,,,,,,,JP,,JP Datedif,597,,,,,,,14,14,12,14,2026-08-24 22:00:00,4,2026-08-29 21:59:59,,
,,,,,,,,,,,,,,,,,,,,,,,,,,,,,,,,,,,,,,,,,,,,,,,,,,,,,,,Start Date,End Date,Global Datedif,424,,,,,,,,,,,,,,,
,,,,,,,,,,,,,,,,,,,,,,,,,,,,,,,,,,,,,,,,,,,,,,,,,,,,,,,2022-10-14,2022-10-20,D-Day,59,,,,,,,,,,,,,,,
,,,,,,,,,,,,,,,,,,,,,,,,,,,,,,,,,,,,,,,,,,,,,,,,,,,,,,,Pull Tickets,,Finals Day,64,,,,,,,,,,,,,,,
,,,,,,,,,,,,,,,,,,,,,,,,,,,,,,,,,,,,,,,,,,,,,,,,,,,,,,,Uma,Support,Length,6,,,,,,,,,,,,,,,
,,,,,,,,,,,,,,,,,,,,,,,,,,,,,,,,,,,,,,,,,,,,,,,,,,,,,,,,,Dropdown,FALSE,,,,,,,,,,,,,,,
,,,,,,,,,,,,,,,,,,,,,,,,,,,,,,,,,,,,,,,,,,,,,,,,,,,,,,,Limit Break Crystals,,,,,,,,,,,,,,,,,,
,,,,,,,,,,,,,,,,,,,,,,,,,,,,,,,,,,,,,,,,,,,,,,,,,,,,,,,SSR,SR,,,,,,,,,,,,,,,,,
,,,,,,,,,,,,,,,,,,,,,,,,,,,,,,,,,,,,,,,,,,,,,,,,,,,,,,,,,,,,,,,,,,,,,,,,,
,,,,,,,,,,,,,,,,,,,,,,,,,,JP,,Global,,,,,,,,,,,,,,,,,0,2026-08-26 22:00:00,k1,0,2026-09-02 21:59:59,,,,,,Date Override,,Start Date,End Date,,,,,,,,,,,,,,,
,,,,,,,,,,,,,,,,,,,,,,,,,,Start Date,End Date,Start Date,End Date,,Releases In,,,,,,,,,,,,,,0,First Day,Hours,0,Throughout,,,,,,,,2026-08-26,2026-09-02,,,,,,,,,,,,,,,
,,,,,,,,,,,,,,,,,,,,,,,,,,2022-10-17,2022-10-24,2026-08-26,2026-09-02,,61 Days,,,,,,,,,,,,,,,,,,,,,,,,Banner Type,1,2026-08-26 22:00:00,2026-09-02 21:59:59,Seeking the Pearl (Rerun),Daiichi Ruby (Rerun),,Seeking the Pearl (Rerun),Daiichi Ruby (Rerun),,,,,,,,,,
,,,,,,,,,,,,,,,,,,,,,,,,,,,,,,,,,,,,,,,,,,,,,,,,,,,,,,,JP,,JP Datedif,600,,,,,,,14,14,12,14,2026-08-26 22:00:00,,,,
,,,,,,,,,,,,,,,,,,,,,,,,,,,,,,,,,,,,,,,,,,,,,,,,,,,,,,,Start Date,End Date,Global Datedif,426,,,,,,,,,,,,,,,
,,,,,,,,,,,,,,,,,,,,,,,,,,,,,,,,,,,,,,,,,,,,,,,,,,,,,,,2022-10-17,2022-10-24,D-Day,61,,,,,,,,,,,,,,,
,,,,,,,,,,,,,,,,,,,,,,,,,,,,,,,,,,,,,,,,,,,,,150,2026-09-02 21:59:59,k3,,,,,,,,Pull Tickets,,Finals Day,67,,,,,,,,,,,,,,,
,,,,,,,,,,,,,,,,,,,,,,,,,,,,,,,,,,,,,,,,,,,,,150,Last Day,,,,,,,,,Uma,Support,Length,7,,,,,,,,,,,,,,,
,,,,,,,,,,,,,,,,,,,,,,,,,,,,,,,,,,,,,,,,,,,,,150,Autumn G1 Celebration Missions Part 1 (Kikka Sho),,,,,,,,,0,0,Dropdown,FALSE,,,,,,,,,,,,,,,
,,,,,,,,,,,,,,,,,,,,,,,,,,,,,,,Seeking the Pearl,,Daiichi Ruby (Rerun),,K.S.Miracle (Rerun),,,,,,,,,,,,,,,,,,,,Limit Break Crystals,,,,,,,,,,,,,,,,,,
,,,,,,,,,,,,,,,,,,,,,,,,,,,,,,,(Rerun),,,,,,,,,,,,,,,,,,,,,,,,SSR,SR,,,,,,,,,,,,,,,,,
,,,,,,,,,,,,,,,,,,,,,,,,,,,,,,,,,,,,,,,,,,,,,,,,,,,,,,,,,,,,,,,,,,,,,,,,,
,,,,,,,,,,,,,,,,,,,,,,,,,,JP,,Global,,,,,,,,,,,,,,,,,80,2026-08-28 22:00:00,k1,2000,2026-09-06 21:59:59,,,,,,Date Override,,Start Date,End Date,,,,,,,,,,,,,,,
,,,,,,,,,,,,,,,,,,,,,,,,,,Start Date,End Date,Start Date,End Date,,Releases In,,,,,,,,,,,,,,80,First Day,Hours,2000,Throughout,,,,,,,,2026-08-28,2026-09-06,,,,,,,,,,,,,,,
,,,,,,,,,,,,,,,,,,,,,,,,,,2022-10-19,2022-10-28,2026-08-28,2026-09-06,,63 Days,,,,,,,,,,,,,,80,Uma Story Ch 1-4,,1500,2nd Aim for the Stars! Dream Team,,,,,,Banner Type,1,2026-08-28 22:00:00,2026-09-06 21:59:59,Yamanin Zephyr,Symboli Kris S Stamina,,Yamanin Zephyr,Symboli Kris S Stamina,,,,,,,,,,
,,,,,,,,,,,,,,,,,,,,,,,,,,,,,,,,,,,,,,,,,,,,,,,,,,,,,,,JP,,JP Datedif,602,,,,,,,16,16,15,18,2026-08-28 22:00:00,,,,
,,,,,,,,,,,,,,,,,,,,,,,,,,,,,,,,,,,,,,,,,,,,,,,,250,Legend Race (Fine Motion),,,,,,Start Date,End Date,Global Datedif,428,,,,,,,,,,,,,,,
,,,,,,,,,,,,,,,,,,,,,,,,,,,,,,,,,,,,,,,,,,,,,,,,250,Legend Race (Kawakami Princess),,,,,,2022-10-19,2022-10-28,D-Day,63,,,,,,,,,,,,,,,
,,,,,,,,,,,,,,,,,,,,,,,,,,,,,,,,,,,,,,,,,,,,,150,2026-09-06 21:59:59,k3,,,,,,,,Pull Tickets,,Finals Day,71,,,,,,,,,,,,,,,
,,,,,,,,,,,,,,,,,,,,,,,,,,,,,,,,,,,,,,,,,,,,,150,Last Day,,,,,,,,,Uma,Support,Length,9,,,,,,,,,,,,,,,
,,,,,,,,,,,,,,,,,,,,,,,,,,,,,,,,,,,,,,,,,,,,,150,Autumn G1 Celebration Missions Part 2 (Tenno Sho (Autumn)),,,,,,,,,2,2,Dropdown,FALSE,,,,,,,,,,,,,,,
,,,,,,,,,,,,,,,,,,,,,,,,,,,,,,,Yamanin Zephyr,,Symboli Kris S Stamina,,Tsurumaru Tsuyoshi,,,,,,,,,,,,,,,,,,,,Limit Break Crystals,,,,,,,,,,,,,,,,,,
,,,,,,,,,,,,,,,,,,,,,,,,,,,,,,,,,,,,,,,,,,,,,,,,,,,,,,,SSR,SR,,,,,,,,,,,,,,,,,
,,,,,,,,,,,,,,,,,,,,,,,,,,,,,,,,,,,,,,,,,,,,,,,,,,,,,,,3,4,,,,,,,,,,,,,,,,,
,,,,,,,,,,,,,,,,,,,,,,,,,,JP,,Global,,,,,,,,,,,,,,,,,0,2026-09-03 22:00:00,k1,2160,2026-09-15 21:59:59,,,,,,Date Override,,Start Date,End Date,,,,,,,,,,,,,,,
,,,,,,,,,,,,,,,,,,,,,,,,,,Start Date,End Date,Start Date,End Date,,Releases In,,,,,,,,,,,,,,0,First Day,Hours,2160,Throughout,,,,,,,,2026-09-03,2026-09-15,,,,,,,,,,,,,,,
,,,,,,,,,,,,,,,,,,,,,,,,,,2022-10-28,2022-11-09,2026-09-03,2026-09-15,,69 Days,,,,,,,,,,,,,,,,,2160,"Event Rewards (Story, Bingo, Event Pt)",,,,,,Banner Type,1,2026-09-03 22:00:00,2026-09-15 21:59:59,Tamamo Cross (Festival) + Inari One (Festival),Oguri Cap + Yaeno Muteki,,Tamamo Cross (Festival) + Inari One (Festival),Oguri Cap + Yaeno Muteki,,,,,,,,,,
,,,,,,,,,,,,,,,,,,,,,,,,,,,,,,,,,,,,,,,,,,,,,,,,,,,,,,,JP,,JP Datedif,611,,,,,,,18,18,18,21,2026-09-03 22:00:00,,,,
,,,,,,,,,,,,,,,,,,,,,,,,,,,,,,,,,,,,,,,,,,,,,,,,,,,,,,,Start Date,End Date,Global Datedif,434,,,,,,,,,,,,,,,
,,,,,,,,,,,,,,,,,,,,,,,,,,,,,,,,,,,,,,,,,,,,,,,,,,,,,,,2022-10-28,2022-11-09,D-Day,69,,,,,,,,,,,,,,,
,,,,,,,,,,,,,,,,,,,,,,,,,,,,,,,,,,,,,,,,,,,,,150,2026-09-15 21:59:59,k3,,,,,,,,Pull Tickets,,Finals Day,80,,,,,,,,,,,,,,,
,,,,,,,,,,,,,,,,,,,,,,,,,,,,,,,,,,,,,,,,,,,,,150,Last Day,,,,,,,,,Uma,Support,Length,12,,,,,,,,,,,,,,,
,,,,,,,,,,,,,,,,,,,,,,,,,,,,,,,,,,,,,,,,,,,,,150,Autumn G1 Celebration Missions Part 2 (JBC 2022),,,,,,,,,2,2,Dropdown,FALSE,,,,,,,,,,,,,,,
,,,,,,,,,,,,,,,,,,,,,,,,,,,,,,,Tamamo Cross,Inari One,Oguri Cap,Yaeno Muteki,,,,,,Mejiro Ardan,,,,,,,,,,,,,,,Limit Break Crystals,,,,,,,,,,,,,,,,,,
,,,,,,,,,,,,,,,,,,,,,,,,,,,,,,,(Festival),(Festival),,,,,,,,,,,,,,,,,,,,,,,SSR,SR,,,,,,,,,,,,,,,,,
,,,,,,,,,,,,,,,,,,,,,,,,,,,,,,,,,,,,,,,,,,,,,,,,,,,,,,,3,3,,,,,,,,,,,,,,,,,
,,,,,,,,,,,,,,,,,,,,,,,,,,JP,,Global,,,,,,,,,,,,,,,,,230,2026-09-11 22:00:00,k1,0,2026-09-19 21:59:59,,,,,,Date Override,,Start Date,End Date,,,,,,,,,,,,,,,
,,,,,,,,,,,,,,,,,,,,,,,,,,Start Date,End Date,Start Date,End Date,,Releases In,,,,,,,,,,,,,,230,First Day,Hours,0,Throughout,,,,,,,,2026-09-11,2026-09-19,,,,,,,,,,,,,,,
,,,,,,,,,,,,,,,,,,,,,,,,,,2022-11-09,2022-11-17,2026-09-11,2026-09-19,,77 Days,,,,,,,,,,,,,,80,Uma Story Ch 1-4,,,,,,,,,Banner Type,1,2026-09-11 22:00:00,2026-09-19 21:59:59,Nakayama Festa,Mr. C.B. + Super Creek,,Nakayama Festa,Mr. C.B. + Super Creek,,,,,,,,,,
,,,,,,,,,,,,,,,,,,,,,,,,,,,,,,,,,,,,,,,,,,,,,150,Christmas First Day Login Bonus,,,,,,,,,JP,,JP Datedif,623,,,,,,,20,20,18,21,2026-09-11 22:00:00,,,,
,,,,,,,,,,,,,,,,,,,,,,,,,,,,,,,,,,,,,,,,,,,,,,,,,,,,,,,Start Date,End Date,Global Datedif,442,,,,,,,,,,,,,,,
,,,,,,,,,,,,,,,,,,,,,,,,,,,,,,,,,,,,,,,,,,,,,,,,,,,,,,,2022-11-09,2022-11-17,D-Day,77,,,,,,,,,,,,,,,
,,,,,,,,,,,,,,,,,,,,,,,,,,,,,,,,,,,,,,,,,,,,,150,2026-09-19 21:59:59,k3,,,,,,,,Pull Tickets,,Finals Day,84,,,,,,,,,,,,,,,
,,,,,,,,,,,,,,,,,,,,,,,,,,,,,,,,,,,,,,,,,,,,,150,Last Day,,,,,,,,,Uma,Support,Length,8,,,,,,,,,,,,,,,
,,,,,,,,,,,,,,,,,,,,,,,,,,,,,,,,,,,,,,,,,,,,,150,Autumn G1 Celebration Missions Part 2 (Queen Elizabeth Cup),,,,,,,,,2,2,Dropdown,FALSE,,,,,,,,,,,,,,,
,,,,,,,,,,,,,,,,,,,,,,,,,,,,,,,Nakayama Festa,,Mr. C.B.,Super Creek,,,,,,Tanino Gimlet,,,,,,,,,,,,,,,Limit Break Crystals,,,,,,,,,,,,,,,,,,
,,,,,,,,,,,,,,,,,,,,,,,,,,,,,,,,,,,,,,,,,,,,,,,,,,,,,,,SSR,SR,,,,,,,,,,,,,,,,,
,,,,,,,,,,,,,,,,,,,,,,,,,,,,,,,,,,,,,,,,,,,,,,,,,,,,,,,,,,,,,,,,,,,,,,,,,
,,,,,,,,,,,,,,,,,,,,,,,,,,,,,,,,,,,,,,,,,,,,,,,,,,,,,,,Date Override,,Start Date,End Date,,,,,,,,,,,,,,,
,,,,,,,,,,,,,,,,,,,,,,,,,,,,,,,,,,,,,,,,,,,,,,,,,,,,,,,,,2026-09-14,2026-09-20,,,,,,,,,,,,,,,
,,,,,,,,,,,,,,,,,,,,,,,,,,,,,,,,,,,,,,,,,,,,,,,,,,,,,,,Banner Type,-1,2026-09-14 22:00:00,2026-09-20 21:59:59,,,,,,,,,,,,,,,
,,,,,,,,,,,,,,,,,,,,,,,,,,,,,,,,,,,,,,,,,,,,,,,,,,,,,,,JP,,JP Datedif,627,,,,,,,20,20,18,21,2026-09-14 22:00:00,5,2026-09-19 21:59:59,,
,Banner 51,Banner 52,Banner 53,Banner 54,Banner 55,Banner 56,Banner 57,Banner 58,Banner 59,Banner 60,Banner 61,Banner 62,Banner 63,Banner 64,Banner 65,Banner 66,Banner 67,Banner 68,Banner 69,Banner 70,Banner 71,Banner 72,Banner 73,Banner 74,Banner 75,,,,,,,,,,,,,,,,,,,,,,,,,,,,,,Start Date,End Date,Global Datedif,445,,,,,,,,,,,,,,,
,Uma,Uma,Uma,Uma,Uma,Uma,Uma,Uma,Uma,Uma,Uma,Uma,Uma,Uma,Uma,Uma,Uma,Uma,Uma,Uma,Uma,Uma,Uma,Uma,Uma,,,,,,,,,,,,,,,,,,,,,,,,,,,,,,2022-11-13,2022-11-19,D-Day,80,,,,,,,,,,,,,,,
,N/A,N/A,N/A,N/A,N/A,N/A,N/A,N/A,N/A,N/A,N/A,N/A,N/A,N/A,N/A,N/A,N/A,N/A,N/A,N/A,N/A,N/A,N/A,N/A,N/A,,,,,,,,,,,,,,,,,,,,,,,,,,,,,,Pull Tickets,,Finals Day,85,,,,,,,,,,,,,,,
,Air Shakur,Air Shakur,Air Shakur,Air Shakur,Air Shakur,Air Shakur,Air Shakur,Air Shakur,Air Shakur,Air Shakur,Air Shakur,Air Shakur,Air Shakur,Air Shakur,Air Shakur,Air Shakur,Air Shakur,Air Shakur,Air Shakur,Air Shakur,Air Shakur,Air Shakur,Air Shakur,Air Shakur,Air Shakur,,,,,,,,,,,,,,,,,,,,,,,,,,,,,,Uma,Support,Length,6,,,,,,,,,,,,,,,
,Seiun Sky (Rerun) + Narita Brian (Rerun),Seiun Sky (Rerun) + Narita Brian (Rerun),Seiun Sky (Rerun) + Narita Brian (Rerun),Seiun Sky (Rerun) + Narita Brian (Rerun),Seiun Sky (Rerun) + Narita Brian (Rerun),Seiun Sky (Rerun) + Narita Brian (Rerun),Seiun Sky (Rerun) + Narita Brian (Rerun),Seiun Sky (Rerun) + Narita Brian (Rerun),Seiun Sky (Rerun) + Narita Brian (Rerun),Seiun Sky (Rerun) + Narita Brian (Rerun),Seiun Sky (Rerun) + Narita Brian (Rerun),Seiun Sky (Rerun) + Narita Brian (Rerun),Seiun Sky (Rerun) + Narita Brian (Rerun),Seiun Sky (Rerun) + Narita Brian (Rerun),Seiun Sky (Rerun) + Narita Brian (Rerun),Seiun Sky (Rerun) + Narita Brian (Rerun),Seiun Sky (Rerun) + Narita Brian (Rerun),Seiun Sky (Rerun) + Narita Brian (Rerun),Seiun Sky (Rerun) + Narita Brian (Rerun),Seiun Sky (Rerun) + Narita Brian (Rerun),Seiun Sky (Rerun) + Narita Brian (Rerun),Seiun Sky (Rerun) + Narita Brian (Rerun),Seiun Sky (Rerun) + Narita Brian (Rerun),Seiun Sky (Rerun) + Narita Brian (Rerun),Seiun Sky (Rerun) + Narita Brian (Rerun),,,,,,,,,,,,,,,,,,,,,,,,,,,,,,,,Dropdown,FALSE,,,,,,,,,,,,,,,
,Mejiro McQueen (Summer) + Gold Ship (Summer),Mejiro McQueen (Summer) + Gold Ship (Summer),Mejiro McQueen (Summer) + Gold Ship (Summer),Mejiro McQueen (Summer) + Gold Ship (Summer),Mejiro McQueen (Summer) + Gold Ship (Summer),Mejiro McQueen (Summer) + Gold Ship (Summer),Mejiro McQueen (Summer) + Gold Ship (Summer),Mejiro McQueen (Summer) + Gold Ship (Summer),Mejiro McQueen (Summer) + Gold Ship (Summer),Mejiro McQueen (Summer) + Gold Ship (Summer),Mejiro McQueen (Summer) + Gold Ship (Summer),Mejiro McQueen (Summer) + Gold Ship (Summer),Mejiro McQueen (Summer) + Gold Ship (Summer),Mejiro McQueen (Summer) + Gold Ship (Summer),Mejiro McQueen (Summer) + Gold Ship (Summer),Mejiro McQueen (Summer) + Gold Ship (Summer),Mejiro McQueen (Summer) + Gold Ship (Summer),Mejiro McQueen (Summer) + Gold Ship (Summer),Mejiro McQueen (Summer) + Gold Ship (Summer),Mejiro McQueen (Summer) + Gold Ship (Summer),Mejiro McQueen (Summer) + Gold Ship (Summer),Mejiro McQueen (Summer) + Gold Ship (Summer),Mejiro McQueen (Summer) + Gold Ship (Summer),Mejiro McQueen (Summer) + Gold Ship (Summer),Mejiro McQueen (Summer) + Gold Ship (Summer),,,,,,,,,,,,,,,,,,,,,,,,,,,,,,Limit Break Crystals,,,,,,,,,,,,,,,,,,
,Bamboo Memory,Bamboo Memory,Bamboo Memory,Bamboo Memory,Bamboo Memory,Bamboo Memory,Bamboo Memory,Bamboo Memory,Bamboo Memory,Bamboo Memory,Bamboo Memory,Bamboo Memory,Bamboo Memory,Bamboo Memory,Bamboo Memory,Bamboo Memory,Bamboo Memory,Bamboo Memory,Bamboo Memory,Bamboo Memory,Bamboo Memory,Bamboo Memory,Bamboo Memory,Bamboo Memory,Bamboo Memory,,,,,,,,,,,,,,,,,,,,,,,,,,,,,,SSR,SR,,,,,,,,,,,,,,,,,
,Copano Rickey,Copano Rickey,Copano Rickey,Copano Rickey,Copano Rickey,Copano Rickey,Copano Rickey,Copano Rickey,Copano Rickey,Copano Rickey,Copano Rickey,Copano Rickey,Copano Rickey,Copano Rickey,Copano Rickey,Copano Rickey,Copano Rickey,Copano Rickey,Copano Rickey,Copano Rickey,Copano Rickey,Copano Rickey,Copano Rickey,Copano Rickey,Copano Rickey,,,,,,,,,,,,,,,,,,,,,,,,,,,,,,,,,,,,,,,,,,,,,,,,
,Smart Falcon (Grand Live),Smart Falcon (Grand Live),Smart Falcon (Grand Live),Smart Falcon (Grand Live),Smart Falcon (Grand Live),Smart Falcon (Grand Live),Smart Falcon (Grand Live),Smart Falcon (Grand Live),Smart Falcon (Grand Live),Smart Falcon (Grand Live),Smart Falcon (Grand Live),Smart Falcon (Grand Live),Smart Falcon (Grand Live),Smart Falcon (Grand Live),Smart Falcon (Grand Live),Smart Falcon (Grand Live),Smart Falcon (Grand Live),Smart Falcon (Grand Live),Smart Falcon (Grand Live),Smart Falcon (Grand Live),Smart Falcon (Grand Live),Smart Falcon (Grand Live),Smart Falcon (Grand Live),Smart Falcon (Grand Live),Smart Falcon (Grand Live),JP,,Global,,,,,,,,,,,,,,,,,80,2026-09-17 22:00:00,k1,0,2026-09-28 21:59:59,,,,,,Date Override,,Start Date,End Date,,,,,,,,,,,,,,,
,Winning Ticket (Steampunk) + Narita Taishin (Steampunk),Winning Ticket (Steampunk) + Narita Taishin (Steampunk),Winning Ticket (Steampunk) + Narita Taishin (Steampunk),Winning Ticket (Steampunk) + Narita Taishin (Steampunk),Winning Ticket (Steampunk) + Narita Taishin (Steampunk),Winning Ticket (Steampunk) + Narita Taishin (Steampunk),Winning Ticket (Steampunk) + Narita Taishin (Steampunk),Winning Ticket (Steampunk) + Narita Taishin (Steampunk),Winning Ticket (Steampunk) + Narita Taishin (Steampunk),Winning Ticket (Steampunk) + Narita Taishin (Steampunk),Winning Ticket (Steampunk) + Narita Taishin (Steampunk),Winning Ticket (Steampunk) + Narita Taishin (Steampunk),Winning Ticket (Steampunk) + Narita Taishin (Steampunk),Winning Ticket (Steampunk) + Narita Taishin (Steampunk),Winning Ticket (Steampunk) + Narita Taishin (Steampunk),Winning Ticket (Steampunk) + Narita Taishin (Steampunk),Winning Ticket (Steampunk) + Narita Taishin (Steampunk),Winning Ticket (Steampunk) + Narita Taishin (Steampunk),Winning Ticket (Steampunk) + Narita Taishin (Steampunk),Winning Ticket (Steampunk) + Narita Taishin (Steampunk),Winning Ticket (Steampunk) + Narita Taishin (Steampunk),Winning Ticket (Steampunk) + Narita Taishin (Steampunk),Winning Ticket (Steampunk) + Narita Taishin (Steampunk),Winning Ticket (Steampunk) + Narita Taishin (Steampunk),Winning Ticket (Steampunk) + Narita Taishin (Steampunk),Start Date,End Date,Start Date,End Date,,Releases In,,,,,,,,,,,,,,80,First Day,Hours,0,Throughout,,,,,,,,2026-09-17,2026-09-28,,,,,,,,,,,,,,,
,Yukino Bijin,Yukino Bijin,Yukino Bijin,Yukino Bijin,Yukino Bijin,Yukino Bijin,Yukino Bijin,Yukino Bijin,Yukino Bijin,Yukino Bijin,Yukino Bijin,Yukino Bijin,Yukino Bijin,Yukino Bijin,Yukino Bijin,Yukino Bijin,Yukino Bijin,Yukino Bijin,Yukino Bijin,Yukino Bijin,Yukino Bijin,Yukino Bijin,Yukino Bijin,Yukino Bijin,Yukino Bijin,2022-11-17,2022-11-28,2026-09-17,2026-09-28,,83 Days,,,,,,,,,,,,,,80,Uma Story Ch 1-4,,,,,,,,,Banner Type,1,2026-09-17 22:00:00,2026-09-28 21:59:59,Wonder Acute,Eishin Flash,,Wonder Acute,Eishin Flash,,,,,,,,,,
,Seeking the Pearl,Seeking the Pearl,Seeking the Pearl,Seeking the Pearl,Seeking the Pearl,Seeking the Pearl,Seeking the Pearl,Seeking the Pearl,Seeking the Pearl,Seeking the Pearl,Seeking the Pearl,Seeking the Pearl,Seeking the Pearl,Seeking the Pearl,Seeking the Pearl,Seeking the Pearl,Seeking the Pearl,Seeking the Pearl,Seeking the Pearl,Seeking the Pearl,Seeking the Pearl,Seeking the Pearl,Seeking the Pearl,Seeking the Pearl,Seeking the Pearl,,,,,,,,,,,,,,,,,,,,,,,,,,,,,,JP,,JP Datedif,631,,,,,,,20,20,18,21,2026-09-17 22:00:00,,,,
,Agnes Digital (Halloween) + Meisho Doto (Halloween),Agnes Digital (Halloween) + Meisho Doto (Halloween),Agnes Digital (Halloween) + Meisho Doto (Halloween),Agnes Digital (Halloween) + Meisho Doto (Halloween),Agnes Digital (Halloween) + Meisho Doto (Halloween),Agnes Digital (Halloween) + Meisho Doto (Halloween),Agnes Digital (Halloween) + Meisho Doto (Halloween),Agnes Digital (Halloween) + Meisho Doto (Halloween),Agnes Digital (Halloween) + Meisho Doto (Halloween),Agnes Digital (Halloween) + Meisho Doto (Halloween),Agnes Digital (Halloween) + Meisho Doto (Halloween),Agnes Digital (Halloween) + Meisho Doto (Halloween),Agnes Digital (Halloween) + Meisho Doto (Halloween),Agnes Digital (Halloween) + Meisho Doto (Halloween),Agnes Digital (Halloween) + Meisho Doto (Halloween),Agnes Digital (Halloween) + Meisho Doto (Halloween),Agnes Digital (Halloween) + Meisho Doto (Halloween),Agnes Digital (Halloween) + Meisho Doto (Halloween),Agnes Digital (Halloween) + Meisho Doto (Halloween),Agnes Digital (Halloween) + Meisho Doto (Halloween),Agnes Digital (Halloween) + Meisho Doto (Halloween),Agnes Digital (Halloween) + Meisho Doto (Halloween),Agnes Digital (Halloween) + Meisho Doto (Halloween),Agnes Digital (Halloween) + Meisho Doto (Halloween),Agnes Digital (Halloween) + Meisho Doto (Halloween),,,,,,,,,,,,,,,,,,,,,,,,,,,,,,Start Date,End Date,Global Datedif,448,,,,,,,,,,,,,,,
,Aston Machan,Aston Machan,Aston Machan,Aston Machan,Aston Machan,Aston Machan,Aston Machan,Aston Machan,Aston Machan,Aston Machan,Aston Machan,Aston Machan,Aston Machan,Aston Machan,Aston Machan,Aston Machan,Aston Machan,Aston Machan,Aston Machan,Aston Machan,Aston Machan,Aston Machan,Aston Machan,Aston Machan,Aston Machan,,,,,,,,,,,,,,,,,,,,,,,,,,,,,,2022-11-17,2022-11-28,D-Day,83,,,,,,,,,,,,,,,
,Seeking the Pearl (Rerun),Seeking the Pearl (Rerun),Seeking the Pearl (Rerun),Seeking the Pearl (Rerun),Seeking the Pearl (Rerun),Seeking the Pearl (Rerun),Seeking the Pearl (Rerun),Seeking the Pearl (Rerun),Seeking the Pearl (Rerun),Seeking the Pearl (Rerun),Seeking the Pearl (Rerun),Seeking the Pearl (Rerun),Seeking the Pearl (Rerun),Seeking the Pearl (Rerun),Seeking the Pearl (Rerun),Seeking the Pearl (Rerun),Seeking the Pearl (Rerun),Seeking the Pearl (Rerun),Seeking the Pearl (Rerun),Seeking the Pearl (Rerun),Seeking the Pearl (Rerun),Seeking the Pearl (Rerun),Seeking the Pearl (Rerun),Seeking the Pearl (Rerun),Seeking the Pearl (Rerun),,,,,,,,,,,,,,,,,,,,300,2026-09-28 21:59:59,k3,,,,,,,,Pull Tickets,,Finals Day,93,,,,,,,,,,,,,,,
,Yamanin Zephyr,Yamanin Zephyr,Yamanin Zephyr,Yamanin Zephyr,Yamanin Zephyr,Yamanin Zephyr,Yamanin Zephyr,Yamanin Zephyr,Yamanin Zephyr,Yamanin Zephyr,Yamanin Zephyr,Yamanin Zephyr,Yamanin Zephyr,Yamanin Zephyr,Yamanin Zephyr,Yamanin Zephyr,Yamanin Zephyr,Yamanin Zephyr,Yamanin Zephyr,Yamanin Zephyr,Yamanin Zephyr,Yamanin Zephyr,Yamanin Zephyr,Yamanin Zephyr,Yamanin Zephyr,,,,,,,,,,,,,,,,,,,,300,Last Day,,,,,,,,,Uma,Support,Length,11,,,,,,,,,,,,,,,
,Tamamo Cross (Festival) + Inari One (Festival),Tamamo Cross (Festival) + Inari One (Festival),Tamamo Cross (Festival) + Inari One (Festival),Tamamo Cross (Festival) + Inari One (Festival),Tamamo Cross (Festival) + Inari One (Festival),Tamamo Cross (Festival) + Inari One (Festival),Tamamo Cross (Festival) + Inari One (Festival),Tamamo Cross (Festival) + Inari One (Festival),Tamamo Cross (Festival) + Inari One (Festival),Tamamo Cross (Festival) + Inari One (Festival),Tamamo Cross (Festival) + Inari One (Festival),Tamamo Cross (Festival) + Inari One (Festival),Tamamo Cross (Festival) + Inari One (Festival),Tamamo Cross (Festival) + Inari One (Festival),Tamamo Cross (Festival) + Inari One (Festival),Tamamo Cross (Festival) + Inari One (Festival),Tamamo Cross (Festival) + Inari One (Festival),Tamamo Cross (Festival) + Inari One (Festival),Tamamo Cross (Festival) + Inari One (Festival),Tamamo Cross (Festival) + Inari One (Festival),Tamamo Cross (Festival) + Inari One (Festival),Tamamo Cross (Festival) + Inari One (Festival),Tamamo Cross (Festival) + Inari One (Festival),Tamamo Cross (Festival) + Inari One (Festival),Tamamo Cross (Festival) + Inari One (Festival),,,,,,,,,,,,,,,,,,,,150,Autumn G1 Celebration Missions Part 2 (Mile Championship),,,,,,,,,0,0,Dropdown,FALSE,,,,,,,,,,,,,,,
,Nakayama Festa,Nakayama Festa,Nakayama Festa,Nakayama Festa,Nakayama Festa,Nakayama Festa,Nakayama Festa,Nakayama Festa,Nakayama Festa,Nakayama Festa,Nakayama Festa,Nakayama Festa,Nakayama Festa,Nakayama Festa,Nakayama Festa,Nakayama Festa,Nakayama Festa,Nakayama Festa,Nakayama Festa,Nakayama Festa,Nakayama Festa,Nakayama Festa,Nakayama Festa,Nakayama Festa,Nakayama Festa,,,,,,Wonder Acute,,Eishin Flash,,Narita Top Road,,,,,,,,,,150,Autumn G1 Celebration Missions Part 2 (Japan Cup),,,,,,,,,Limit Break Crystals,,,,,,,,,,,,,,,,,,
,Wonder Acute,Wonder Acute,Wonder Acute,Wonder Acute,Wonder Acute,Wonder Acute,Wonder Acute,Wonder Acute,Wonder Acute,Wonder Acute,Wonder Acute,Wonder Acute,Wonder Acute,Wonder Acute,Wonder Acute,Wonder Acute,Wonder Acute,Wonder Acute,Wonder Acute,Wonder Acute,Wonder Acute,Wonder Acute,Wonder Acute,Wonder Acute,Wonder Acute,,,,,,,,,,,,,,,,,,,,,,,,,,,,,,SSR,SR,,,,,,,,,,,,,,,,,
,Vodka (Christmas) + Daiwa Scarlet (Christmas),Vodka (Christmas) + Daiwa Scarlet (Christmas),Vodka (Christmas) + Daiwa Scarlet (Christmas),Vodka (Christmas) + Daiwa Scarlet (Christmas),Vodka (Christmas) + Daiwa Scarlet (Christmas),Vodka (Christmas) + Daiwa Scarlet (Christmas),Vodka (Christmas) + Daiwa Scarlet (Christmas),Vodka (Christmas) + Daiwa Scarlet (Christmas),Vodka (Christmas) + Daiwa Scarlet (Christmas),Vodka (Christmas) + Daiwa Scarlet (Christmas),Vodka (Christmas) + Daiwa Scarlet (Christmas),Vodka (Christmas) + Daiwa Scarlet (Christmas),Vodka (Christmas) + Daiwa Scarlet (Christmas),Vodka (Christmas) + Daiwa Scarlet (Christmas),Vodka (Christmas) + Daiwa Scarlet (Christmas),Vodka (Christmas) + Daiwa Scarlet (Christmas),Vodka (Christmas) + Daiwa Scarlet (Christmas),Vodka (Christmas) + Daiwa Scarlet (Christmas),Vodka (Christmas) + Daiwa Scarlet (Christmas),Vodka (Christmas) + Daiwa Scarlet (Christmas),Vodka (Christmas) + Daiwa Scarlet (Christmas),Vodka (Christmas) + Daiwa Scarlet (Christmas),Vodka (Christmas) + Daiwa Scarlet (Christmas),Vodka (Christmas) + Daiwa Scarlet (Christmas),Vodka (Christmas) + Daiwa Scarlet (Christmas),,,,,,,,,,,,,,,,,,,,,,,,,,,,,,,,,,,,,,,,,,,,,,,,
,Zenno Rob Roy,Zenno Rob Roy,Zenno Rob Roy,Zenno Rob Roy,Zenno Rob Roy,Zenno Rob Roy,Zenno Rob Roy,Zenno Rob Roy,Zenno Rob Roy,Zenno Rob Roy,Zenno Rob Roy,Zenno Rob Roy,Zenno Rob Roy,Zenno Rob Roy,Zenno Rob Roy,Zenno Rob Roy,Zenno Rob Roy,Zenno Rob Roy,Zenno Rob Roy,Zenno Rob Roy,Zenno Rob Roy,Zenno Rob Roy,Zenno Rob Roy,Zenno Rob Roy,Zenno Rob Roy,JP,,Global,,,,,,,,,,,,,,,,,500,2026-09-25 22:00:00,k1,2160,2026-10-09 21:59:59,,,,,,Date Override,,Start Date,End Date,,,,,,,,,,,,,,,
,Narita Brian (Blaze),Narita Brian (Blaze),Narita Brian (Blaze),Narita Brian (Blaze),Narita Brian (Blaze),Narita Brian (Blaze),Narita Brian (Blaze),Narita Brian (Blaze),Narita Brian (Blaze),Narita Brian (Blaze),Narita Brian (Blaze),Narita Brian (Blaze),Narita Brian (Blaze),Narita Brian (Blaze),Narita Brian (Blaze),Narita Brian (Blaze),Narita Brian (Blaze),Narita Brian (Blaze),Narita Brian (Blaze),Narita Brian (Blaze),Narita Brian (Blaze),Narita Brian (Blaze),Narita Brian (Blaze),Narita Brian (Blaze),Narita Brian (Blaze),Start Date,End Date,Start Date,End Date,,Releases In,,,,,,,,,,,,,,500,First Day,Hours,2160,Throughout,,,,,,,,2026-09-25,2026-10-09,,,,,,,,,,,,,,,
,Kitasan Black (New Year) + Satono Diamond (New Year),Kitasan Black (New Year) + Satono Diamond (New Year),Kitasan Black (New Year) + Satono Diamond (New Year),Kitasan Black (New Year) + Satono Diamond (New Year),Kitasan Black (New Year) + Satono Diamond (New Year),Kitasan Black (New Year) + Satono Diamond (New Year),Kitasan Black (New Year) + Satono Diamond (New Year),Kitasan Black (New Year) + Satono Diamond (New Year),Kitasan Black (New Year) + Satono Diamond (New Year),Kitasan Black (New Year) + Satono Diamond (New Year),Kitasan Black (New Year) + Satono Diamond (New Year),Kitasan Black (New Year) + Satono Diamond (New Year),Kitasan Black (New Year) + Satono Diamond (New Year),Kitasan Black (New Year) + Satono Diamond (New Year),Kitasan Black (New Year) + Satono Diamond (New Year),Kitasan Black (New Year) + Satono Diamond (New Year),Kitasan Black (New Year) + Satono Diamond (New Year),Kitasan Black (New Year) + Satono Diamond (New Year),Kitasan Black (New Year) + Satono Diamond (New Year),Kitasan Black (New Year) + Satono Diamond (New Year),Kitasan Black (New Year) + Satono Diamond (New Year),Kitasan Black (New Year) + Satono Diamond (New Year),Kitasan Black (New Year) + Satono Diamond (New Year),Kitasan Black (New Year) + Satono Diamond (New Year),Kitasan Black (New Year) + Satono Diamond (New Year),2022-11-28,2022-12-12,2026-09-25,2026-10-09,,91 Days,,,,,,,,,,,,,,500,Christmas Login Gift,,2160,"Event Rewards (Story, Bingo, Event Pt)",,,,,,Banner Type,1,2026-09-25 22:00:00,2026-10-09 21:59:59,Vodka (Christmas) + Daiwa Scarlet (Christmas),Narita Brian + Air Groove,,Vodka (Christmas) + Daiwa Scarlet (Christmas),Narita Brian + Air Groove,,,,,,,,,,
,Hokko Tarumae,Hokko Tarumae,Hokko Tarumae,Hokko Tarumae,Hokko Tarumae,Hokko Tarumae,Hokko Tarumae,Hokko Tarumae,Hokko Tarumae,Hokko Tarumae,Hokko Tarumae,Hokko Tarumae,Hokko Tarumae,Hokko Tarumae,Hokko Tarumae,Hokko Tarumae,Hokko Tarumae,Hokko Tarumae,Hokko Tarumae,Hokko Tarumae,Hokko Tarumae,Hokko Tarumae,Hokko Tarumae,Hokko Tarumae,Hokko Tarumae,,,,,,,,,,,,,,,,,,,,,,,,,,,,,,JP,,JP Datedif,642,,,,,,,22,22,21,24,2026-09-25 22:00:00,,,,
,Daitaku Helios,Daitaku Helios,Daitaku Helios,Daitaku Helios,Daitaku Helios,Daitaku Helios,Daitaku Helios,Daitaku Helios,Daitaku Helios,Daitaku Helios,Daitaku Helios,Daitaku Helios,Daitaku Helios,Daitaku Helios,Daitaku Helios,Daitaku Helios,Daitaku Helios,Daitaku Helios,Daitaku Helios,Daitaku Helios,Daitaku Helios,Daitaku Helios,Daitaku Helios,Daitaku Helios,Daitaku Helios,,,,,,,,,,,,,,,,,,,,,,,,,,,,,,Start Date,End Date,Global Datedif,456,,,,,,,,,,,,,,,
,Rice Shower (Halloween) + Haru Urara (New Year),Rice Shower (Halloween) + Haru Urara (New Year),Rice Shower (Halloween) + Haru Urara (New Year),Rice Shower (Halloween) + Haru Urara (New Year),Rice Shower (Halloween) + Haru Urara (New Year),Rice Shower (Halloween) + Haru Urara (New Year),Rice Shower (Halloween) + Haru Urara (New Year),Rice Shower (Halloween) + Haru Urara (New Year),Rice Shower (Halloween) + Haru Urara (New Year),Rice Shower (Halloween) + Haru Urara (New Year),Rice Shower (Halloween) + Haru Urara (New Year),Rice Shower (Halloween) + Haru Urara (New Year),Rice Shower (Halloween) + Haru Urara (New Year),Rice Shower (Halloween) + Haru Urara (New Year),Rice Shower (Halloween) + Haru Urara (New Year),Rice Shower (Halloween) + Haru Urara (New Year),Rice Shower (Halloween) + Haru Urara (New Year),Rice Shower (Halloween) + Haru Urara (New Year),Rice Shower (Halloween) + Haru Urara (New Year),Rice Shower (Halloween) + Haru Urara (New Year),Rice Shower (Halloween) + Haru Urara (New Year),Rice Shower (Halloween) + Haru Urara (New Year),Rice Shower (Halloween) + Haru Urara (New Year),Rice Shower (Halloween) + Haru Urara (New Year),Rice Shower (Halloween) + Haru Urara (New Year),,,,,,,,,,,,,,,,,,,,,,,,,,,,,,2022-11-28,2022-12-12,D-Day,91,,,,,,,,,,,,,,,
,Ines Fujin (Valentine) + Mejiro Ryan (Valentine),Ines Fujin (Valentine) + Mejiro Ryan (Valentine),Ines Fujin (Valentine) + Mejiro Ryan (Valentine),Ines Fujin (Valentine) + Mejiro Ryan (Valentine),Ines Fujin (Valentine) + Mejiro Ryan (Valentine),Ines Fujin (Valentine) + Mejiro Ryan (Valentine),Ines Fujin (Valentine) + Mejiro Ryan (Valentine),Ines Fujin (Valentine) + Mejiro Ryan (Valentine),Ines Fujin (Valentine) + Mejiro Ryan (Valentine),Ines Fujin (Valentine) + Mejiro Ryan (Valentine),Ines Fujin (Valentine) + Mejiro Ryan (Valentine),Ines Fujin (Valentine) + Mejiro Ryan (Valentine),Ines Fujin (Valentine) + Mejiro Ryan (Valentine),Ines Fujin (Valentine) + Mejiro Ryan (Valentine),Ines Fujin (Valentine) + Mejiro Ryan (Valentine),Ines Fujin (Valentine) + Mejiro Ryan (Valentine),Ines Fujin (Valentine) + Mejiro Ryan (Valentine),Ines Fujin (Valentine) + Mejiro Ryan (Valentine),Ines Fujin (Valentine) + Mejiro Ryan (Valentine),Ines Fujin (Valentine) + Mejiro Ryan (Valentine),Ines Fujin (Valentine) + Mejiro Ryan (Valentine),Ines Fujin (Valentine) + Mejiro Ryan (Valentine),Ines Fujin (Valentine) + Mejiro Ryan (Valentine),Ines Fujin (Valentine) + Mejiro Ryan (Valentine),Ines Fujin (Valentine) + Mejiro Ryan (Valentine),,,,,,,,,,,,,,,,,,,,450,2026-10-09 21:59:59,k3,,,,,,,,Pull Tickets,,Finals Day,104,,,,,,,,,,,,,,,
,Shinko Windy,Shinko Windy,Shinko Windy,Shinko Windy,Shinko Windy,Shinko Windy,Shinko Windy,Shinko Windy,Shinko Windy,Shinko Windy,Shinko Windy,Shinko Windy,Shinko Windy,Shinko Windy,Shinko Windy,Shinko Windy,Shinko Windy,Shinko Windy,Shinko Windy,Shinko Windy,Shinko Windy,Shinko Windy,Shinko Windy,Shinko Windy,Shinko Windy,,,,,,,,,,,,,,,,,,,,450,Last Day,,,,,,,,,Uma,Support,Length,14,,,,,,,,,,,,,,,
,Mr. C.B. + Twin Turbo,Mr. C.B. + Twin Turbo,Mr. C.B. + Twin Turbo,Mr. C.B. + Twin Turbo,Mr. C.B. + Twin Turbo,Mr. C.B. + Twin Turbo,Mr. C.B. + Twin Turbo,Mr. C.B. + Twin Turbo,Mr. C.B. + Twin Turbo,Mr. C.B. + Twin Turbo,Mr. C.B. + Twin Turbo,Mr. C.B. + Twin Turbo,Mr. C.B. + Twin Turbo,Mr. C.B. + Twin Turbo,Mr. C.B. + Twin Turbo,Mr. C.B. + Twin Turbo,Mr. C.B. + Twin Turbo,Mr. C.B. + Twin Turbo,Mr. C.B. + Twin Turbo,Mr. C.B. + Twin Turbo,Mr. C.B. + Twin Turbo,Mr. C.B. + Twin Turbo,Mr. C.B. + Twin Turbo,Mr. C.B. + Twin Turbo,Mr. C.B. + Twin Turbo,,,,,,,,,,,,,,,,,,,,150,Autumn G1 Celebration Missions Part 2 (Champions Cup),,,,,,,,,2,2,Dropdown,FALSE,,,,,,,,,,,,,,,
,Daiichi Ruby,Daiichi Ruby,Daiichi Ruby,Daiichi Ruby,Daiichi Ruby,Daiichi Ruby,Daiichi Ruby,Daiichi Ruby,Daiichi Ruby,Daiichi Ruby,Daiichi Ruby,Daiichi Ruby,Daiichi Ruby,Daiichi Ruby,Daiichi Ruby,Daiichi Ruby,Daiichi Ruby,Daiichi Ruby,Daiichi Ruby,Daiichi Ruby,Daiichi Ruby,Daiichi Ruby,Daiichi Ruby,Daiichi Ruby,Daiichi Ruby,,,,,,Vodka,Daiwa Scarlet,Narita Brian,Air Groove,,,,,,Sakura Laurel,,,,,150,Autumn G1 Celebration Missions Part 3 (Hanshin Juvenile Fillies),,,,,,,,,Limit Break Crystals,,,,,,,,,,,,,,,,,,
,Symboli Kris S,Symboli Kris S,Symboli Kris S,Symboli Kris S,Symboli Kris S,Symboli Kris S,Symboli Kris S,Symboli Kris S,Symboli Kris S,Symboli Kris S,Symboli Kris S,Symboli Kris S,Symboli Kris S,Symboli Kris S,Symboli Kris S,Symboli Kris S,Symboli Kris S,Symboli Kris S,Symboli Kris S,Symboli Kris S,Symboli Kris S,Symboli Kris S,Symboli Kris S,Symboli Kris S,Symboli Kris S,,,,,,(Christmas),(Christmas),,,,,,,,,,,,,150,Autumn G1 Celebration Missions Part 3 (Zen-Nippon Junior Yushun),,,,,,,,,SSR,SR,,,,,,,,,,,,,,,,,
,Mejiro Ardan (Ballroom) + Sakura Chiyono O (Ballroom),Mejiro Ardan (Ballroom) + Sakura Chiyono O (Ballroom),Mejiro Ardan (Ballroom) + Sakura Chiyono O (Ballroom),Mejiro Ardan (Ballroom) + Sakura Chiyono O (Ballroom),Mejiro Ardan (Ballroom) + Sakura Chiyono O (Ballroom),Mejiro Ardan (Ballroom) + Sakura Chiyono O (Ballroom),Mejiro Ardan (Ballroom) + Sakura Chiyono O (Ballroom),Mejiro Ardan (Ballroom) + Sakura Chiyono O (Ballroom),Mejiro Ardan (Ballroom) + Sakura Chiyono O (Ballroom),Mejiro Ardan (Ballroom) + Sakura Chiyono O (Ballroom),Mejiro Ardan (Ballroom) + Sakura Chiyono O (Ballroom),Mejiro Ardan (Ballroom) + Sakura Chiyono O (Ballroom),Mejiro Ardan (Ballroom) + Sakura Chiyono O (Ballroom),Mejiro Ardan (Ballroom) + Sakura Chiyono O (Ballroom),Mejiro Ardan (Ballroom) + Sakura Chiyono O (Ballroom),Mejiro Ardan (Ballroom) + Sakura Chiyono O (Ballroom),Mejiro Ardan (Ballroom) + Sakura Chiyono O (Ballroom),Mejiro Ardan (Ballroom) + Sakura Chiyono O (Ballroom),Mejiro Ardan (Ballroom) + Sakura Chiyono O (Ballroom),Mejiro Ardan (Ballroom) + Sakura Chiyono O (Ballroom),Mejiro Ardan (Ballroom) + Sakura Chiyono O (Ballroom),Mejiro Ardan (Ballroom) + Sakura Chiyono O (Ballroom),Mejiro Ardan (Ballroom) + Sakura Chiyono O (Ballroom),Mejiro Ardan (Ballroom) + Sakura Chiyono O (Ballroom),Mejiro Ardan (Ballroom) + Sakura Chiyono O (Ballroom),,,,,,,,,,,,,,,,,,,,,,,,,,,,,,3,3,,,,,,,,,,,,,,,,,
,Sakura Laurel,Sakura Laurel,Sakura Laurel,Sakura Laurel,Sakura Laurel,Sakura Laurel,Sakura Laurel,Sakura Laurel,Sakura Laurel,Sakura Laurel,Sakura Laurel,Sakura Laurel,Sakura Laurel,Sakura Laurel,Sakura Laurel,Sakura Laurel,Sakura Laurel,Sakura Laurel,Sakura Laurel,Sakura Laurel,Sakura Laurel,Sakura Laurel,Sakura Laurel,Sakura Laurel,Sakura Laurel,JP,,Global,,,,,,,,,,,,,,,,,80,2026-10-05 22:00:00,k1,0,2026-10-13 21:59:59,,,,,,Date Override,,Start Date,End Date,,,,,,,,,,,,,,,
,Neo Universe,Neo Universe,Neo Universe,Neo Universe,Neo Universe,Neo Universe,Neo Universe,Neo Universe,Neo Universe,Neo Universe,Neo Universe,Neo Universe,Neo Universe,Neo Universe,Neo Universe,Neo Universe,Neo Universe,Neo Universe,Neo Universe,Neo Universe,Neo Universe,Neo Universe,Neo Universe,Neo Universe,Neo Universe,Start Date,End Date,Start Date,End Date,,Releases In,,,,,,,,,,,,,,80,First Day,Hours,0,Throughout,,,,,,,,2026-10-05,2026-10-13,,,,,,,,,,,,,,,
,Matikanetannhauser (Sports Festival) + Sakura Bakushin O (Sports Festival),Matikanetannhauser (Sports Festival) + Sakura Bakushin O (Sports Festival),Matikanetannhauser (Sports Festival) + Sakura Bakushin O (Sports Festival),Matikanetannhauser (Sports Festival) + Sakura Bakushin O (Sports Festival),Matikanetannhauser (Sports Festival) + Sakura Bakushin O (Sports Festival),Matikanetannhauser (Sports Festival) + Sakura Bakushin O (Sports Festival),Matikanetannhauser (Sports Festival) + Sakura Bakushin O (Sports Festival),Matikanetannhauser (Sports Festival) + Sakura Bakushin O (Sports Festival),Matikanetannhauser (Sports Festival) + Sakura Bakushin O (Sports Festival),Matikanetannhauser (Sports Festival) + Sakura Bakushin O (Sports Festival),Matikanetannhauser (Sports Festival) + Sakura Bakushin O (Sports Festival),Matikanetannhauser (Sports Festival) + Sakura Bakushin O (Sports Festival),Matikanetannhauser (Sports Festival) + Sakura Bakushin O (Sports Festival),Matikanetannhauser (Sports Festival) + Sakura Bakushin O (Sports Festival),Matikanetannhauser (Sports Festival) + Sakura Bakushin O (Sports Festival),Matikanetannhauser (Sports Festival) + Sakura Bakushin O (Sports Festival),Matikanetannhauser (Sports Festival) + Sakura Bakushin O (Sports Festival),Matikanetannhauser (Sports Festival) + Sakura Bakushin O (Sports Festival),Matikanetannhauser (Sports Festival) + Sakura Bakushin O (Sports Festival),Matikanetannhauser (Sports Festival) + Sakura Bakushin O (Sports Festival),Matikanetannhauser (Sports Festival) + Sakura Bakushin O (Sports Festival),Matikanetannhauser (Sports Festival) + Sakura Bakushin O (Sports Festival),Matikanetannhauser (Sports Festival) + Sakura Bakushin O (Sports Festival),Matikanetannhauser (Sports Festival) + Sakura Bakushin O (Sports Festival),Matikanetannhauser (Sports Festival) + Sakura Bakushin O (Sports Festival),2022-12-12,2022-12-20,2026-10-05,2026-10-13,,101 Days,,,,,,,,,,,,,,80,Uma Story Ch 1-4,,,,,,,,,Banner Type,1,2026-10-05 22:00:00,2026-10-13 21:59:59,Zenno Rob Roy,Light Hello + Mayano Top Gun,,Zenno Rob Roy,Light Hello + Mayano Top Gun,,,,,,,,,,
,Gold City + Tosen Jordan + Mejiro Palmer + Daitaku Helios,Gold City + Tosen Jordan + Mejiro Palmer + Daitaku Helios,Gold City + Tosen Jordan + Mejiro Palmer + Daitaku Helios,Gold City + Tosen Jordan + Mejiro Palmer + Daitaku Helios,Gold City + Tosen Jordan + Mejiro Palmer + Daitaku Helios,Gold City + Tosen Jordan + Mejiro Palmer + Daitaku Helios,Gold City + Tosen Jordan + Mejiro Palmer + Daitaku Helios,Gold City + Tosen Jordan + Mejiro Palmer + Daitaku Helios,Gold City + Tosen Jordan + Mejiro Palmer + Daitaku Helios,Gold City + Tosen Jordan + Mejiro Palmer + Daitaku Helios,Gold City + Tosen Jordan + Mejiro Palmer + Daitaku Helios,Gold City + Tosen Jordan + Mejiro Palmer + Daitaku Helios,Gold City + Tosen Jordan + Mejiro Palmer + Daitaku Helios,Gold City + Tosen Jordan + Mejiro Palmer + Daitaku Helios,Gold City + Tosen Jordan + Mejiro Palmer + Daitaku Helios,Gold City + Tosen Jordan + Mejiro Palmer + Daitaku Helios,Gold City + Tosen Jordan + Mejiro Palmer + Daitaku Helios,Gold City + Tosen Jordan + Mejiro Palmer + Daitaku Helios,Gold City + Tosen Jordan + Mejiro Palmer + Daitaku Helios,Gold City + Tosen Jordan + Mejiro Palmer + Daitaku Helios,Gold City + Tosen Jordan + Mejiro Palmer + Daitaku Helios,Gold City + Tosen Jordan + Mejiro Palmer + Daitaku Helios,Gold City + Tosen Jordan + Mejiro Palmer + Daitaku Helios,Gold City + Tosen Jordan + Mejiro Palmer + Daitaku Helios,Gold City + Tosen Jordan + Mejiro Palmer + Daitaku Helios,,,,,,,,,,,,,,,,,,,,,,,,,,,,,,JP,,JP Datedif,656,,,,,,,22,22,21,24,2026-10-05 22:00:00,,,,
,Hishi Miracle,Hishi Miracle,Hishi Miracle,Hishi Miracle,Hishi Miracle,Hishi Miracle,Hishi Miracle,Hishi Miracle,Hishi Miracle,Hishi Miracle,Hishi Miracle,Hishi Miracle,Hishi Miracle,Hishi Miracle,Hishi Miracle,Hishi Miracle,Hishi Miracle,Hishi Miracle,Hishi Miracle,Hishi Miracle,Hishi Miracle,Hishi Miracle,Hishi Miracle,Hishi Miracle,Hishi Miracle,,,,,,,,,,,,,,,,,,,,,,,,,,,,,,Start Date,End Date,Global Datedif,466,,,,,,,,,,,,,,,
,Tanino Gimlet,Tanino Gimlet,Tanino Gimlet,Tanino Gimlet,Tanino Gimlet,Tanino Gimlet,Tanino Gimlet,Tanino Gimlet,Tanino Gimlet,Tanino Gimlet,Tanino Gimlet,Tanino Gimlet,Tanino Gimlet,Tanino Gimlet,Tanino Gimlet,Tanino Gimlet,Tanino Gimlet,Tanino Gimlet,Tanino Gimlet,Tanino Gimlet,Tanino Gimlet,Tanino Gimlet,Tanino Gimlet,Tanino Gimlet,Tanino Gimlet,,,,,,,,,,,,,,,,,,,,,,,,,,,,,,2022-12-12,2022-12-20,D-Day,101,,,,,,,,,,,,,,,
,Hishi Amazon (Wedding) + Nishino Flower (Wedding),Hishi Amazon (Wedding) + Nishino Flower (Wedding),Hishi Amazon (Wedding) + Nishino Flower (Wedding),Hishi Amazon (Wedding) + Nishino Flower (Wedding),Hishi Amazon (Wedding) + Nishino Flower (Wedding),Hishi Amazon (Wedding) + Nishino Flower (Wedding),Hishi Amazon (Wedding) + Nishino Flower (Wedding),Hishi Amazon (Wedding) + Nishino Flower (Wedding),Hishi Amazon (Wedding) + Nishino Flower (Wedding),Hishi Amazon (Wedding) + Nishino Flower (Wedding),Hishi Amazon (Wedding) + Nishino Flower (Wedding),Hishi Amazon (Wedding) + Nishino Flower (Wedding),Hishi Amazon (Wedding) + Nishino Flower (Wedding),Hishi Amazon (Wedding) + Nishino Flower (Wedding),Hishi Amazon (Wedding) + Nishino Flower (Wedding),Hishi Amazon (Wedding) + Nishino Flower (Wedding),Hishi Amazon (Wedding) + Nishino Flower (Wedding),Hishi Amazon (Wedding) + Nishino Flower (Wedding),Hishi Amazon (Wedding) + Nishino Flower (Wedding),Hishi Amazon (Wedding) + Nishino Flower (Wedding),Hishi Amazon (Wedding) + Nishino Flower (Wedding),Hishi Amazon (Wedding) + Nishino Flower (Wedding),Hishi Amazon (Wedding) + Nishino Flower (Wedding),Hishi Amazon (Wedding) + Nishino Flower (Wedding),Hishi Amazon (Wedding) + Nishino Flower (Wedding),,,,,,,,,,,,,,,,,,,,150,2026-10-13 21:59:59,k3,,,,,,,,Pull Tickets,,Finals Day,108,,,,,,,,,,,,,,,
,Taiki Shuttle (Camping) + Yamanin Zephyr (Rerun),Taiki Shuttle (Camping) + Yamanin Zephyr (Rerun),Taiki Shuttle (Camping) + Yamanin Zephyr (Rerun),Taiki Shuttle (Camping) + Yamanin Zephyr (Rerun),Taiki Shuttle (Camping) + Yamanin Zephyr (Rerun),Taiki Shuttle (Camping) + Yamanin Zephyr (Rerun),Taiki Shuttle (Camping) + Yamanin Zephyr (Rerun),Taiki Shuttle (Camping) + Yamanin Zephyr (Rerun),Taiki Shuttle (Camping) + Yamanin Zephyr (Rerun),Taiki Shuttle (Camping) + Yamanin Zephyr (Rerun),Taiki Shuttle (Camping) + Yamanin Zephyr (Rerun),Taiki Shuttle (Camping) + Yamanin Zephyr (Rerun),Taiki Shuttle (Camping) + Yamanin Zephyr (Rerun),Taiki Shuttle (Camping) + Yamanin Zephyr (Rerun),Taiki Shuttle (Camping) + Yamanin Zephyr (Rerun),Taiki Shuttle (Camping) + Yamanin Zephyr (Rerun),Taiki Shuttle (Camping) + Yamanin Zephyr (Rerun),Taiki Shuttle (Camping) + Yamanin Zephyr (Rerun),Taiki Shuttle (Camping) + Yamanin Zephyr (Rerun),Taiki Shuttle (Camping) + Yamanin Zephyr (Rerun),Taiki Shuttle (Camping) + Yamanin Zephyr (Rerun),Taiki Shuttle (Camping) + Yamanin Zephyr (Rerun),Taiki Shuttle (Camping) + Yamanin Zephyr (Rerun),Taiki Shuttle (Camping) + Yamanin Zephyr (Rerun),Taiki Shuttle (Camping) + Yamanin Zephyr (Rerun),,,,,,,,,,,,,,,,,,,,150,Last Day,,,,,,,,,Uma,Support,Length,8,,,,,,,,,,,,,,,
,Marvelous Sunday,Marvelous Sunday,Marvelous Sunday,Marvelous Sunday,Marvelous Sunday,Marvelous Sunday,Marvelous Sunday,Marvelous Sunday,Marvelous Sunday,Marvelous Sunday,Marvelous Sunday,Marvelous Sunday,Marvelous Sunday,Marvelous Sunday,Marvelous Sunday,Marvelous Sunday,Marvelous Sunday,Marvelous Sunday,Marvelous Sunday,Marvelous Sunday,Marvelous Sunday,Marvelous Sunday,Marvelous Sunday,Marvelous Sunday,Marvelous Sunday,,,,,,,,,,,,,,,,,,,,150,Autumn G1 Celebration Missions Part 3 (Asahi Hai Futurity Stakes),,,,,,,,,0,0,Dropdown,FALSE,,,,,,,,,,,,,,,
,Bamboo Memory (Summer Trip) + Tosen Jordan (Summer Trip),Bamboo Memory (Summer Trip) + Tosen Jordan (Summer Trip),Bamboo Memory (Summer Trip) + Tosen Jordan (Summer Trip),Bamboo Memory (Summer Trip) + Tosen Jordan (Summer Trip),Bamboo Memory (Summer Trip) + Tosen Jordan (Summer Trip),Bamboo Memory (Summer Trip) + Tosen Jordan (Summer Trip),Bamboo Memory (Summer Trip) + Tosen Jordan (Summer Trip),Bamboo Memory (Summer Trip) + Tosen Jordan (Summer Trip),Bamboo Memory (Summer Trip) + Tosen Jordan (Summer Trip),Bamboo Memory (Summer Trip) + Tosen Jordan (Summer Trip),Bamboo Memory (Summer Trip) + Tosen Jordan (Summer Trip),Bamboo Memory (Summer Trip) + Tosen Jordan (Summer Trip),Bamboo Memory (Summer Trip) + Tosen Jordan (Summer Trip),Bamboo Memory (Summer Trip) + Tosen Jordan (Summer Trip),Bamboo Memory (Summer Trip) + Tosen Jordan (Summer Trip),Bamboo Memory (Summer Trip) + Tosen Jordan (Summer Trip),Bamboo Memory (Summer Trip) + Tosen Jordan (Summer Trip),Bamboo Memory (Summer Trip) + Tosen Jordan (Summer Trip),Bamboo Memory (Summer Trip) + Tosen Jordan (Summer Trip),Bamboo Memory (Summer Trip) + Tosen Jordan (Summer Trip),Bamboo Memory (Summer Trip) + Tosen Jordan (Summer Trip),Bamboo Memory (Summer Trip) + Tosen Jordan (Summer Trip),Bamboo Memory (Summer Trip) + Tosen Jordan (Summer Trip),Bamboo Memory (Summer Trip) + Tosen Jordan (Summer Trip),Bamboo Memory (Summer Trip) + Tosen Jordan (Summer Trip),,,,,,Zenno Rob Roy,,Light Hello,Mayano Top Gun,,,,,,,,,,,,,,,,,,,,,Limit Break Crystals,,,,,,,,,,,,,,,,,,
,Katsuragi Ace,Katsuragi Ace,Katsuragi Ace,Katsuragi Ace,Katsuragi Ace,Katsuragi Ace,Katsuragi Ace,Katsuragi Ace,Katsuragi Ace,Katsuragi Ace,Katsuragi Ace,Katsuragi Ace,Katsuragi Ace,Katsuragi Ace,Katsuragi Ace,Katsuragi Ace,Katsuragi Ace,Katsuragi Ace,Katsuragi Ace,Katsuragi Ace,Katsuragi Ace,Katsuragi Ace,Katsuragi Ace,Katsuragi Ace,Katsuragi Ace,,,,,,,,,,,,,,,,,,,,,,,,,,,,,,SSR,SR,,,,,,,,,,,,,,,,,
,Sirius Symboli,Sirius Symboli,Sirius Symboli,Sirius Symboli,Sirius Symboli,Sirius Symboli,Sirius Symboli,Sirius Symboli,Sirius Symboli,Sirius Symboli,Sirius Symboli,Sirius Symboli,Sirius Symboli,Sirius Symboli,Sirius Symboli,Sirius Symboli,Sirius Symboli,Sirius Symboli,Sirius Symboli,Sirius Symboli,Sirius Symboli,Sirius Symboli,Sirius Symboli,Sirius Symboli,Sirius Symboli,,,,,,,,,,,,,,,,,,,,,,,,,,,,,,,,,,,,,,,,,,,,,,,,
,Agnes Tachyon (Summer) + Silence Suzuka (Summer),Agnes Tachyon (Summer) + Silence Suzuka (Summer),Agnes Tachyon (Summer) + Silence Suzuka (Summer),Agnes Tachyon (Summer) + Silence Suzuka (Summer),Agnes Tachyon (Summer) + Silence Suzuka (Summer),Agnes Tachyon (Summer) + Silence Suzuka (Summer),Agnes Tachyon (Summer) + Silence Suzuka (Summer),Agnes Tachyon (Summer) + Silence Suzuka (Summer),Agnes Tachyon (Summer) + Silence Suzuka (Summer),Agnes Tachyon (Summer) + Silence Suzuka (Summer),Agnes Tachyon (Summer) + Silence Suzuka (Summer),Agnes Tachyon (Summer) + Silence Suzuka (Summer),Agnes Tachyon (Summer) + Silence Suzuka (Summer),Agnes Tachyon (Summer) + Silence Suzuka (Summer),Agnes Tachyon (Summer) + Silence Suzuka (Summer),Agnes Tachyon (Summer) + Silence Suzuka (Summer),Agnes Tachyon (Summer) + Silence Suzuka (Summer),Agnes Tachyon (Summer) + Silence Suzuka (Summer),Agnes Tachyon (Summer) + Silence Suzuka (Summer),Agnes Tachyon (Summer) + Silence Suzuka (Summer),Agnes Tachyon (Summer) + Silence Suzuka (Summer),Agnes Tachyon (Summer) + Silence Suzuka (Summer),Agnes Tachyon (Summer) + Silence Suzuka (Summer),Agnes Tachyon (Summer) + Silence Suzuka (Summer),Agnes Tachyon (Summer) + Silence Suzuka (Summer),,,,,,,,,,,,,,,,,,,,,,,,,,,,,,Date Override,,Start Date,End Date,,,,,,,,,,,,,,,
,Copano Rickey (Rerun) + Hokko Tarumae (Rerun),Copano Rickey (Rerun) + Hokko Tarumae (Rerun),Copano Rickey (Rerun) + Hokko Tarumae (Rerun),Copano Rickey (Rerun) + Hokko Tarumae (Rerun),Copano Rickey (Rerun) + Hokko Tarumae (Rerun),Copano Rickey (Rerun) + Hokko Tarumae (Rerun),Copano Rickey (Rerun) + Hokko Tarumae (Rerun),Copano Rickey (Rerun) + Hokko Tarumae (Rerun),Copano Rickey (Rerun) + Hokko Tarumae (Rerun),Copano Rickey (Rerun) + Hokko Tarumae (Rerun),Copano Rickey (Rerun) + Hokko Tarumae (Rerun),Copano Rickey (Rerun) + Hokko Tarumae (Rerun),Copano Rickey (Rerun) + Hokko Tarumae (Rerun),Copano Rickey (Rerun) + Hokko Tarumae (Rerun),Copano Rickey (Rerun) + Hokko Tarumae (Rerun),Copano Rickey (Rerun) + Hokko Tarumae (Rerun),Copano Rickey (Rerun) + Hokko Tarumae (Rerun),Copano Rickey (Rerun) + Hokko Tarumae (Rerun),Copano Rickey (Rerun) + Hokko Tarumae (Rerun),Copano Rickey (Rerun) + Hokko Tarumae (Rerun),Copano Rickey (Rerun) + Hokko Tarumae (Rerun),Copano Rickey (Rerun) + Hokko Tarumae (Rerun),Copano Rickey (Rerun) + Hokko Tarumae (Rerun),Copano Rickey (Rerun) + Hokko Tarumae (Rerun),Copano Rickey (Rerun) + Hokko Tarumae (Rerun),,,,,,,,,,,,,,,,,,,,,,,,,,,,,,,,2026-10-07,2026-10-13,,,,,,,,,,,,,,,
,Narita Top Road,Narita Top Road,Narita Top Road,Narita Top Road,Narita Top Road,Narita Top Road,Narita Top Road,Narita Top Road,Narita Top Road,Narita Top Road,Narita Top Road,Narita Top Road,Narita Top Road,Narita Top Road,Narita Top Road,Narita Top Road,Narita Top Road,Narita Top Road,Narita Top Road,Narita Top Road,Narita Top Road,Narita Top Road,Narita Top Road,Narita Top Road,Narita Top Road,,,,,,,,,,,,,,,,,,,,,,,,,,,,,,Banner Type,-1,2026-10-07 22:00:00,2026-10-13 21:59:59,,,,,,,,,,,,,,,
,Gold Ship (Project L'Arc),Gold Ship (Project L'Arc),Gold Ship (Project L'Arc),Gold Ship (Project L'Arc),Gold Ship (Project L'Arc),Gold Ship (Project L'Arc),Gold Ship (Project L'Arc),Gold Ship (Project L'Arc),Gold Ship (Project L'Arc),Gold Ship (Project L'Arc),Gold Ship (Project L'Arc),Gold Ship (Project L'Arc),Gold Ship (Project L'Arc),Gold Ship (Project L'Arc),Gold Ship (Project L'Arc),Gold Ship (Project L'Arc),Gold Ship (Project L'Arc),Gold Ship (Project L'Arc),Gold Ship (Project L'Arc),Gold Ship (Project L'Arc),Gold Ship (Project L'Arc),Gold Ship (Project L'Arc),Gold Ship (Project L'Arc),Gold Ship (Project L'Arc),Gold Ship (Project L'Arc),,,,,,,,,,,,,,,,,,,,,,,,,,,,,,JP,,JP Datedif,659,,,,,,,22,22,21,24,2026-10-07 22:00:00,6,2026-10-12 21:59:59,,
,Satono Diamond (Project L'Arc),Satono Diamond (Project L'Arc),Satono Diamond (Project L'Arc),Satono Diamond (Project L'Arc),Satono Diamond (Project L'Arc),Satono Diamond (Project L'Arc),Satono Diamond (Project L'Arc),Satono Diamond (Project L'Arc),Satono Diamond (Project L'Arc),Satono Diamond (Project L'Arc),Satono Diamond (Project L'Arc),Satono Diamond (Project L'Arc),Satono Diamond (Project L'Arc),Satono Diamond (Project L'Arc),Satono Diamond (Project L'Arc),Satono Diamond (Project L'Arc),Satono Diamond (Project L'Arc),Satono Diamond (Project L'Arc),Satono Diamond (Project L'Arc),Satono Diamond (Project L'Arc),Satono Diamond (Project L'Arc),Satono Diamond (Project L'Arc),Satono Diamond (Project L'Arc),Satono Diamond (Project L'Arc),Satono Diamond (Project L'Arc),,,,,,,,,,,,,,,,,,,,,,,,,,,,,,Start Date,End Date,Global Datedif,468,,,,,,,,,,,,,,,
,K.S.Miracle,K.S.Miracle,K.S.Miracle,K.S.Miracle,K.S.Miracle,K.S.Miracle,K.S.Miracle,K.S.Miracle,K.S.Miracle,K.S.Miracle,K.S.Miracle,K.S.Miracle,K.S.Miracle,K.S.Miracle,K.S.Miracle,K.S.Miracle,K.S.Miracle,K.S.Miracle,K.S.Miracle,K.S.Miracle,K.S.Miracle,K.S.Miracle,K.S.Miracle,K.S.Miracle,K.S.Miracle,,,,,,,,,,,,,,,,,,,,,,,,,,,,,,2022-12-15,2022-12-21,D-Day,103,,,,,,,,,,,,,,,
,Air Shakur (Halloween) + Symboli Kris S (Halloween),Air Shakur (Halloween) + Symboli Kris S (Halloween),Air Shakur (Halloween) + Symboli Kris S (Halloween),Air Shakur (Halloween) + Symboli Kris S (Halloween),Air Shakur (Halloween) + Symboli Kris S (Halloween),Air Shakur (Halloween) + Symboli Kris S (Halloween),Air Shakur (Halloween) + Symboli Kris S (Halloween),Air Shakur (Halloween) + Symboli Kris S (Halloween),Air Shakur (Halloween) + Symboli Kris S (Halloween),Air Shakur (Halloween) + Symboli Kris S (Halloween),Air Shakur (Halloween) + Symboli Kris S (Halloween),Air Shakur (Halloween) + Symboli Kris S (Halloween),Air Shakur (Halloween) + Symboli Kris S (Halloween),Air Shakur (Halloween) + Symboli Kris S (Halloween),Air Shakur (Halloween) + Symboli Kris S (Halloween),Air Shakur (Halloween) + Symboli Kris S (Halloween),Air Shakur (Halloween) + Symboli Kris S (Halloween),Air Shakur (Halloween) + Symboli Kris S (Halloween),Air Shakur (Halloween) + Symboli Kris S (Halloween),Air Shakur (Halloween) + Symboli Kris S (Halloween),Air Shakur (Halloween) + Symboli Kris S (Halloween),Air Shakur (Halloween) + Symboli Kris S (Halloween),Air Shakur (Halloween) + Symboli Kris S (Halloween),Air Shakur (Halloween) + Symboli Kris S (Halloween),Air Shakur (Halloween) + Symboli Kris S (Halloween),,,,,,,,,,,,,,,,,,,,,,,,,,,,,,Pull Tickets,,Finals Day,108,,,,,,,,,,,,,,,
,Mejiro Ramonu,Mejiro Ramonu,Mejiro Ramonu,Mejiro Ramonu,Mejiro Ramonu,Mejiro Ramonu,Mejiro Ramonu,Mejiro Ramonu,Mejiro Ramonu,Mejiro Ramonu,Mejiro Ramonu,Mejiro Ramonu,Mejiro Ramonu,Mejiro Ramonu,Mejiro Ramonu,Mejiro Ramonu,Mejiro Ramonu,Mejiro Ramonu,Mejiro Ramonu,Mejiro Ramonu,Mejiro Ramonu,Mejiro Ramonu,Mejiro Ramonu,Mejiro Ramonu,Mejiro Ramonu,,,,,,,,,,,,,,,,,,,,,,,,,,,,,,Uma,Support,Length,6,,,,,,,,,,,,,,,
,Kawakami Princess (Festival) + Tokai Teio (Festival),Kawakami Princess (Festival) + Tokai Teio (Festival),Kawakami Princess (Festival) + Tokai Teio (Festival),Kawakami Princess (Festival) + Tokai Teio (Festival),Kawakami Princess (Festival) + Tokai Teio (Festival),Kawakami Princess (Festival) + Tokai Teio (Festival),Kawakami Princess (Festival) + Tokai Teio (Festival),Kawakami Princess (Festival) + Tokai Teio (Festival),Kawakami Princess (Festival) + Tokai Teio (Festival),Kawakami Princess (Festival) + Tokai Teio (Festival),Kawakami Princess (Festival) + Tokai Teio (Festival),Kawakami Princess (Festival) + Tokai Teio (Festival),Kawakami Princess (Festival) + Tokai Teio (Festival),Kawakami Princess (Festival) + Tokai Teio (Festival),Kawakami Princess (Festival) + Tokai Teio (Festival),Kawakami Princess (Festival) + Tokai Teio (Festival),Kawakami Princess (Festival) + Tokai Teio (Festival),Kawakami Princess (Festival) + Tokai Teio (Festival),Kawakami Princess (Festival) + Tokai Teio (Festival),Kawakami Princess (Festival) + Tokai Teio (Festival),Kawakami Princess (Festival) + Tokai Teio (Festival),Kawakami Princess (Festival) + Tokai Teio (Festival),Kawakami Princess (Festival) + Tokai Teio (Festival),Kawakami Princess (Festival) + Tokai Teio (Festival),Kawakami Princess (Festival) + Tokai Teio (Festival),,,,,,,,,,,,,,,,,,,,,,,,,,,,,,,,Dropdown,FALSE,,,,,,,,,,,,,,,
,Tap Dance City,Tap Dance City,Tap Dance City,Tap Dance City,Tap Dance City,Tap Dance City,Tap Dance City,Tap Dance City,Tap Dance City,Tap Dance City,Tap Dance City,Tap Dance City,Tap Dance City,Tap Dance City,Tap Dance City,Tap Dance City,Tap Dance City,Tap Dance City,Tap Dance City,Tap Dance City,Tap Dance City,Tap Dance City,Tap Dance City,Tap Dance City,Tap Dance City,,,,,,,,,,,,,,,,,,,,,,,,,,,,,,Limit Break Crystals,,,,,,,,,,,,,,,,,,
,Mejiro Palmer (Christmas) + Mejiro Bright (Christmas),Mejiro Palmer (Christmas) + Mejiro Bright (Christmas),Mejiro Palmer (Christmas) + Mejiro Bright (Christmas),Mejiro Palmer (Christmas) + Mejiro Bright (Christmas),Mejiro Palmer (Christmas) + Mejiro Bright (Christmas),Mejiro Palmer (Christmas) + Mejiro Bright (Christmas),Mejiro Palmer (Christmas) + Mejiro Bright (Christmas),Mejiro Palmer (Christmas) + Mejiro Bright (Christmas),Mejiro Palmer (Christmas) + Mejiro Bright (Christmas),Mejiro Palmer (Christmas) + Mejiro Bright (Christmas),Mejiro Palmer (Christmas) + Mejiro Bright (Christmas),Mejiro Palmer (Christmas) + Mejiro Bright (Christmas),Mejiro Palmer (Christmas) + Mejiro Bright (Christmas),Mejiro Palmer (Christmas) + Mejiro Bright (Christmas),Mejiro Palmer (Christmas) + Mejiro Bright (Christmas),Mejiro Palmer (Christmas) + Mejiro Bright (Christmas),Mejiro Palmer (Christmas) + Mejiro Bright (Christmas),Mejiro Palmer (Christmas) + Mejiro Bright (Christmas),Mejiro Palmer (Christmas) + Mejiro Bright (Christmas),Mejiro Palmer (Christmas) + Mejiro Bright (Christmas),Mejiro Palmer (Christmas) + Mejiro Bright (Christmas),Mejiro Palmer (Christmas) + Mejiro Bright (Christmas),Mejiro Palmer (Christmas) + Mejiro Bright (Christmas),Mejiro Palmer (Christmas) + Mejiro Bright (Christmas),Mejiro Palmer (Christmas) + Mejiro Bright (Christmas),,,,,,,,,,,,,,,,,,,,,,,,,,,,,,SSR,SR,,,,,,,,,,,,,,,,,
,Satono Crown,Satono Crown,Satono Crown,Satono Crown,Satono Crown,Satono Crown,Satono Crown,Satono Crown,Satono Crown,Satono Crown,Satono Crown,Satono Crown,Satono Crown,Satono Crown,Satono Crown,Satono Crown,Satono Crown,Satono Crown,Satono Crown,Satono Crown,Satono Crown,Satono Crown,Satono Crown,Satono Crown,Satono Crown,,,,,,,,,,,,,,,,,,,,,,,,,,,,,,,,,,,,,,,,,,,,,,,,
,Cheval Grand,Cheval Grand,Cheval Grand,Cheval Grand,Cheval Grand,Cheval Grand,Cheval Grand,Cheval Grand,Cheval Grand,Cheval Grand,Cheval Grand,Cheval Grand,Cheval Grand,Cheval Grand,Cheval Grand,Cheval Grand,Cheval Grand,Cheval Grand,Cheval Grand,Cheval Grand,Cheval Grand,Cheval Grand,Cheval Grand,Cheval Grand,Cheval Grand,JP,,Global,,,,,,,,,,,,,,,,,0,2026-10-10 22:00:00,k1,500,2026-10-19 21:59:59,,,,,,Date Override,,Start Date,End Date,,,,,,,,,,,,,,,
,Kitasan Black (Anime Collab),Kitasan Black (Anime Collab),Kitasan Black (Anime Collab),Kitasan Black (Anime Collab),Kitasan Black (Anime Collab),Kitasan Black (Anime Collab),Kitasan Black (Anime Collab),Kitasan Black (Anime Collab),Kitasan Black (Anime Collab),Kitasan Black (Anime Collab),Kitasan Black (Anime Collab),Kitasan Black (Anime Collab),Kitasan Black (Anime Collab),Kitasan Black (Anime Collab),Kitasan Black (Anime Collab),Kitasan Black (Anime Collab),Kitasan Black (Anime Collab),Kitasan Black (Anime Collab),Kitasan Black (Anime Collab),Kitasan Black (Anime Collab),Kitasan Black (Anime Collab),Kitasan Black (Anime Collab),Kitasan Black (Anime Collab),Kitasan Black (Anime Collab),Kitasan Black (Anime Collab),Start Date,End Date,Start Date,End Date,,Releases In,,,,,,,,,,,,,,0,First Day,Hours,500,Throughout,,,,,,,,2026-10-10,2026-10-19,,,,,,,,,,,,,,,
,Nice Nature (New Year),Nice Nature (New Year),Nice Nature (New Year),Nice Nature (New Year),Nice Nature (New Year),Nice Nature (New Year),Nice Nature (New Year),Nice Nature (New Year),Nice Nature (New Year),Nice Nature (New Year),Nice Nature (New Year),Nice Nature (New Year),Nice Nature (New Year),Nice Nature (New Year),Nice Nature (New Year),Nice Nature (New Year),Nice Nature (New Year),Nice Nature (New Year),Nice Nature (New Year),Nice Nature (New Year),Nice Nature (New Year),Nice Nature (New Year),Nice Nature (New Year),Nice Nature (New Year),Nice Nature (New Year),2022-12-20,2022-12-29,2026-10-10,2026-10-19,,106 Days,,,,,,,,,,,,,,,,,250,Legend Race (Mejiro Palmer),,,,,,Banner Type,1,2026-10-10 22:00:00,2026-10-19 21:59:59,Narita Brian (Blaze),Yamanin Zephyr,,Narita Brian (Blaze),Yamanin Zephyr,,,,,,,,,,
,Vivlos,Vivlos,Vivlos,Vivlos,Vivlos,Vivlos,Vivlos,Vivlos,Vivlos,Vivlos,Vivlos,Vivlos,Vivlos,Vivlos,Vivlos,Vivlos,Vivlos,Vivlos,Vivlos,Vivlos,Vivlos,Vivlos,Vivlos,Vivlos,Vivlos,,,,,,,,,,,,,,,,,,,,,,,250,Legend Race (Daiwa Scarlet),,,,,,JP,,JP Datedif,664,,,,,,,22,22,23,27,2026-10-10 22:00:00,,,,
,Yukino Bijin (Valentine) + Manhattan Cafe (Valentine),Yukino Bijin (Valentine) + Manhattan Cafe (Valentine),Yukino Bijin (Valentine) + Manhattan Cafe (Valentine),Yukino Bijin (Valentine) + Manhattan Cafe (Valentine),Yukino Bijin (Valentine) + Manhattan Cafe (Valentine),Yukino Bijin (Valentine) + Manhattan Cafe (Valentine),Yukino Bijin (Valentine) + Manhattan Cafe (Valentine),Yukino Bijin (Valentine) + Manhattan Cafe (Valentine),Yukino Bijin (Valentine) + Manhattan Cafe (Valentine),Yukino Bijin (Valentine) + Manhattan Cafe (Valentine),Yukino Bijin (Valentine) + Manhattan Cafe (Valentine),Yukino Bijin (Valentine) + Manhattan Cafe (Valentine),Yukino Bijin (Valentine) + Manhattan Cafe (Valentine),Yukino Bijin (Valentine) + Manhattan Cafe (Valentine),Yukino Bijin (Valentine) + Manhattan Cafe (Valentine),Yukino Bijin (Valentine) + Manhattan Cafe (Valentine),Yukino Bijin (Valentine) + Manhattan Cafe (Valentine),Yukino Bijin (Valentine) + Manhattan Cafe (Valentine),Yukino Bijin (Valentine) + Manhattan Cafe (Valentine),Yukino Bijin (Valentine) + Manhattan Cafe (Valentine),Yukino Bijin (Valentine) + Manhattan Cafe (Valentine),Yukino Bijin (Valentine) + Manhattan Cafe (Valentine),Yukino Bijin (Valentine) + Manhattan Cafe (Valentine),Yukino Bijin (Valentine) + Manhattan Cafe (Valentine),Yukino Bijin (Valentine) + Manhattan Cafe (Valentine),,,,,,,,,,,,,,,,,,,,,,,,,,,,,,Start Date,End Date,Global Datedif,471,,,,,,,,,,,,,,,
,Biko Pegasus,Biko Pegasus,Biko Pegasus,Biko Pegasus,Biko Pegasus,Biko Pegasus,Biko Pegasus,Biko Pegasus,Biko Pegasus,Biko Pegasus,Biko Pegasus,Biko Pegasus,Biko Pegasus,Biko Pegasus,Biko Pegasus,Biko Pegasus,Biko Pegasus,Biko Pegasus,Biko Pegasus,Biko Pegasus,Biko Pegasus,Biko Pegasus,Biko Pegasus,Biko Pegasus,Biko Pegasus,,,,,,,,,,,,,,,,,,,,,,,,,,,,,,2022-12-20,2022-12-29,D-Day,106,,,,,,,,,,,,,,,
,Duramente + Ikuno Dictus,Duramente + Ikuno Dictus,Duramente + Ikuno Dictus,Duramente + Ikuno Dictus,Duramente + Ikuno Dictus,Duramente + Ikuno Dictus,Duramente + Ikuno Dictus,Duramente + Ikuno Dictus,Duramente + Ikuno Dictus,Duramente + Ikuno Dictus,Duramente + Ikuno Dictus,Duramente + Ikuno Dictus,Duramente + Ikuno Dictus,Duramente + Ikuno Dictus,Duramente + Ikuno Dictus,Duramente + Ikuno Dictus,Duramente + Ikuno Dictus,Duramente + Ikuno Dictus,Duramente + Ikuno Dictus,Duramente + Ikuno Dictus,Duramente + Ikuno Dictus,Duramente + Ikuno Dictus,Duramente + Ikuno Dictus,Duramente + Ikuno Dictus,Duramente + Ikuno Dictus,,,,,,,,,,,,,,,,,,,,450,2026-10-19 21:59:59,k3,,,,,,,,Pull Tickets,,Finals Day,114,,,,,,,,,,,,,,,
,Transcend,Transcend,Transcend,Transcend,Transcend,Transcend,Transcend,Transcend,Transcend,Transcend,Transcend,Transcend,Transcend,Transcend,Transcend,Transcend,Transcend,Transcend,Transcend,Transcend,Transcend,Transcend,Transcend,Transcend,Transcend,,,,,,,,,,,,,,,,,,,,450,Last Day,,,,,,,,,Uma,Support,Length,9,,,,,,,,,,,,,,,
,Rhein Kraft,Rhein Kraft,Rhein Kraft,Rhein Kraft,Rhein Kraft,Rhein Kraft,Rhein Kraft,Rhein Kraft,Rhein Kraft,Rhein Kraft,Rhein Kraft,Rhein Kraft,Rhein Kraft,Rhein Kraft,Rhein Kraft,Rhein Kraft,Rhein Kraft,Rhein Kraft,Rhein Kraft,Rhein Kraft,Rhein Kraft,Rhein Kraft,Rhein Kraft,Rhein Kraft,Rhein Kraft,,,,,,,,,,,,,,,,,,,,150,Autumn G1 Celebration Missions Part 3 (Arima Kinen),,,,,,,,,0,0,Dropdown,FALSE,,,,,,,,,,,,,,,
,Daiichi Ruby (Ballroom) + Daitaku Helios (Ballroom),Daiichi Ruby (Ballroom) + Daitaku Helios (Ballroom),Daiichi Ruby (Ballroom) + Daitaku Helios (Ballroom),Daiichi Ruby (Ballroom) + Daitaku Helios (Ballroom),Daiichi Ruby (Ballroom) + Daitaku Helios (Ballroom),Daiichi Ruby (Ballroom) + Daitaku Helios (Ballroom),Daiichi Ruby (Ballroom) + Daitaku Helios (Ballroom),Daiichi Ruby (Ballroom) + Daitaku Helios (Ballroom),Daiichi Ruby (Ballroom) + Daitaku Helios (Ballroom),Daiichi Ruby (Ballroom) + Daitaku Helios (Ballroom),Daiichi Ruby (Ballroom) + Daitaku Helios (Ballroom),Daiichi Ruby (Ballroom) + Daitaku Helios (Ballroom),Daiichi Ruby (Ballroom) + Daitaku Helios (Ballroom),Daiichi Ruby (Ballroom) + Daitaku Helios (Ballroom),Daiichi Ruby (Ballroom) + Daitaku Helios (Ballroom),Daiichi Ruby (Ballroom) + Daitaku Helios (Ballroom),Daiichi Ruby (Ballroom) + Daitaku Helios (Ballroom),Daiichi Ruby (Ballroom) + Daitaku Helios (Ballroom),Daiichi Ruby (Ballroom) + Daitaku Helios (Ballroom),Daiichi Ruby (Ballroom) + Daitaku Helios (Ballroom),Daiichi Ruby (Ballroom) + Daitaku Helios (Ballroom),Daiichi Ruby (Ballroom) + Daitaku Helios (Ballroom),Daiichi Ruby (Ballroom) + Daitaku Helios (Ballroom),Daiichi Ruby (Ballroom) + Daitaku Helios (Ballroom),Daiichi Ruby (Ballroom) + Daitaku Helios (Ballroom),,,,,,Narita Brian,,Yamanin Zephyr,,TM Opera O,,,,,,,,,,150,Autumn G1 Celebration Missions Part 3 (Hopeful Stakes),,,,,,,,,Limit Break Crystals,,,,,,,,,,,,,,,,,,
,Winning Ticket (U.A.F.),Winning Ticket (U.A.F.),Winning Ticket (U.A.F.),Winning Ticket (U.A.F.),Winning Ticket (U.A.F.),Winning Ticket (U.A.F.),Winning Ticket (U.A.F.),Winning Ticket (U.A.F.),Winning Ticket (U.A.F.),Winning Ticket (U.A.F.),Winning Ticket (U.A.F.),Winning Ticket (U.A.F.),Winning Ticket (U.A.F.),Winning Ticket (U.A.F.),Winning Ticket (U.A.F.),Winning Ticket (U.A.F.),Winning Ticket (U.A.F.),Winning Ticket (U.A.F.),Winning Ticket (U.A.F.),Winning Ticket (U.A.F.),Winning Ticket (U.A.F.),Winning Ticket (U.A.F.),Winning Ticket (U.A.F.),Winning Ticket (U.A.F.),Winning Ticket (U.A.F.),,,,,,(Blaze),,,,,,,,,,,,,,150,Autumn G1 Celebration Missions Part 3 (Tokyo Daishoten),,,,,,,,,SSR,SR,,,,,,,,,,,,,,,,,
,Sounds of Earth,Sounds of Earth,Sounds of Earth,Sounds of Earth,Sounds of Earth,Sounds of Earth,Sounds of Earth,Sounds of Earth,Sounds of Earth,Sounds of Earth,Sounds of Earth,Sounds of Earth,Sounds of Earth,Sounds of Earth,Sounds of Earth,Sounds of Earth,Sounds of Earth,Sounds of Earth,Sounds of Earth,Sounds of Earth,Sounds of Earth,Sounds of Earth,Sounds of Earth,Sounds of Earth,Sounds of Earth,,,,,,,,,,,,,,,,,,,,,,,,,,,,,,2,3,,,,,,,,,,,,,,,,,
,Super Creek (Warfare) + Yaeno Muteki (Warfare),Super Creek (Warfare) + Yaeno Muteki (Warfare),Super Creek (Warfare) + Yaeno Muteki (Warfare),Super Creek (Warfare) + Yaeno Muteki (Warfare),Super Creek (Warfare) + Yaeno Muteki (Warfare),Super Creek (Warfare) + Yaeno Muteki (Warfare),Super Creek (Warfare) + Yaeno Muteki (Warfare),Super Creek (Warfare) + Yaeno Muteki (Warfare),Super Creek (Warfare) + Yaeno Muteki (Warfare),Super Creek (Warfare) + Yaeno Muteki (Warfare),Super Creek (Warfare) + Yaeno Muteki (Warfare),Super Creek (Warfare) + Yaeno Muteki (Warfare),Super Creek (Warfare) + Yaeno Muteki (Warfare),Super Creek (Warfare) + Yaeno Muteki (Warfare),Super Creek (Warfare) + Yaeno Muteki (Warfare),Super Creek (Warfare) + Yaeno Muteki (Warfare),Super Creek (Warfare) + Yaeno Muteki (Warfare),Super Creek (Warfare) + Yaeno Muteki (Warfare),Super Creek (Warfare) + Yaeno Muteki (Warfare),Super Creek (Warfare) + Yaeno Muteki (Warfare),Super Creek (Warfare) + Yaeno Muteki (Warfare),Super Creek (Warfare) + Yaeno Muteki (Warfare),Super Creek (Warfare) + Yaeno Muteki (Warfare),Super Creek (Warfare) + Yaeno Muteki (Warfare),Super Creek (Warfare) + Yaeno Muteki (Warfare),JP,,Global,,,,Free Pulls,,,,,,,,,,,,,1500,2026-10-16 22:00:00,k1,5610,2026-10-28 21:59:59,,,,,,Date Override,,Start Date,End Date,,,,,,,,,,,,,,,
,Katsuragi Ace + Sakura Chiyono O + (Ballroom) + Hishi Amazon + (Wedding),Katsuragi Ace + Sakura Chiyono O + (Ballroom) + Hishi Amazon + (Wedding),Katsuragi Ace + Sakura Chiyono O + (Ballroom) + Hishi Amazon + (Wedding),Katsuragi Ace + Sakura Chiyono O + (Ballroom) + Hishi Amazon + (Wedding),Katsuragi Ace + Sakura Chiyono O + (Ballroom) + Hishi Amazon + (Wedding),Katsuragi Ace + Sakura Chiyono O + (Ballroom) + Hishi Amazon + (Wedding),Katsuragi Ace + Sakura Chiyono O + (Ballroom) + Hishi Amazon + (Wedding),Katsuragi Ace + Sakura Chiyono O + (Ballroom) + Hishi Amazon + (Wedding),Katsuragi Ace + Sakura Chiyono O + (Ballroom) + Hishi Amazon + (Wedding),Katsuragi Ace + Sakura Chiyono O + (Ballroom) + Hishi Amazon + (Wedding),Katsuragi Ace + Sakura Chiyono O + (Ballroom) + Hishi Amazon + (Wedding),Katsuragi Ace + Sakura Chiyono O + (Ballroom) + Hishi Amazon + (Wedding),Katsuragi Ace + Sakura Chiyono O + (Ballroom) + Hishi Amazon + (Wedding),Katsuragi Ace + Sakura Chiyono O + (Ballroom) + Hishi Amazon + (Wedding),Katsuragi Ace + Sakura Chiyono O + (Ballroom) + Hishi Amazon + (Wedding),Katsuragi Ace + Sakura Chiyono O + (Ballroom) + Hishi Amazon + (Wedding),Katsuragi Ace + Sakura Chiyono O + (Ballroom) + Hishi Amazon + (Wedding),Katsuragi Ace + Sakura Chiyono O + (Ballroom) + Hishi Amazon + (Wedding),Katsuragi Ace + Sakura Chiyono O + (Ballroom) + Hishi Amazon + (Wedding),Katsuragi Ace + Sakura Chiyono O + (Ballroom) + Hishi Amazon + (Wedding),Katsuragi Ace + Sakura Chiyono O + (Ballroom) + Hishi Amazon + (Wedding),Katsuragi Ace + Sakura Chiyono O + (Ballroom) + Hishi Amazon + (Wedding),Katsuragi Ace + Sakura Chiyono O + (Ballroom) + Hishi Amazon + (Wedding),Katsuragi Ace + Sakura Chiyono O + (Ballroom) + Hishi Amazon + (Wedding),Katsuragi Ace + Sakura Chiyono O + (Ballroom) + Hishi Amazon + (Wedding),Start Date,End Date,Start Date,End Date,,Releases In,Uma,Support,,,,,,Random SSR Card,,,,,,1500,First Day,Hours,5610,Throughout,,,,,,,,2026-10-16,2026-10-28,,,,,,,,,,,,,,,
,Agnes Tachyon (Alt Version),Agnes Tachyon (Alt Version),Agnes Tachyon (Alt Version),Agnes Tachyon (Alt Version),Agnes Tachyon (Alt Version),Agnes Tachyon (Alt Version),Agnes Tachyon (Alt Version),Agnes Tachyon (Alt Version),Agnes Tachyon (Alt Version),Agnes Tachyon (Alt Version),Agnes Tachyon (Alt Version),Agnes Tachyon (Alt Version),Agnes Tachyon (Alt Version),Agnes Tachyon (Alt Version),Agnes Tachyon (Alt Version),Agnes Tachyon (Alt Version),Agnes Tachyon (Alt Version),Agnes Tachyon (Alt Version),Agnes Tachyon (Alt Version),Agnes Tachyon (Alt Version),Agnes Tachyon (Alt Version),Agnes Tachyon (Alt Version),Agnes Tachyon (Alt Version),Agnes Tachyon (Alt Version),Agnes Tachyon (Alt Version),2022-12-29,2023-01-10,2026-10-16,2026-10-28,,112 Days,50,50,,,,,,Up to Curren Chan wit/Narita Brian stam,,,,,,1500,First Day Login Bonus,,2160,"Event Rewards (Story, Bingo, Event Pt)",,,,,,Banner Type,1,2026-10-16 22:00:00,2026-10-28 21:59:59,Kitasan Black (New Year) + Satono Diamond (New Year),Special Week + Sweep Tosho,,Kitasan Black (New Year) + Satono Diamond (New Year),Special Week + Sweep Tosho,,,,,,,,,,
,North Flight,North Flight,North Flight,North Flight,North Flight,North Flight,North Flight,North Flight,North Flight,North Flight,North Flight,North Flight,North Flight,North Flight,North Flight,North Flight,North Flight,North Flight,North Flight,North Flight,North Flight,North Flight,North Flight,North Flight,North Flight,,,,,,,,,,,,,,,,,,,,,,,750,Countdown to New Years,,,,,,JP,,JP Datedif,673,,,,,,,24,24,26,30,2026-10-16 22:00:00,,,,
,King Halo (Wedding) + Sweep Tosho (Wedding),King Halo (Wedding) + Sweep Tosho (Wedding),King Halo (Wedding) + Sweep Tosho (Wedding),King Halo (Wedding) + Sweep Tosho (Wedding),King Halo (Wedding) + Sweep Tosho (Wedding),King Halo (Wedding) + Sweep Tosho (Wedding),King Halo (Wedding) + Sweep Tosho (Wedding),King Halo (Wedding) + Sweep Tosho (Wedding),King Halo (Wedding) + Sweep Tosho (Wedding),King Halo (Wedding) + Sweep Tosho (Wedding),King Halo (Wedding) + Sweep Tosho (Wedding),King Halo (Wedding) + Sweep Tosho (Wedding),King Halo (Wedding) + Sweep Tosho (Wedding),King Halo (Wedding) + Sweep Tosho (Wedding),King Halo (Wedding) + Sweep Tosho (Wedding),King Halo (Wedding) + Sweep Tosho (Wedding),King Halo (Wedding) + Sweep Tosho (Wedding),King Halo (Wedding) + Sweep Tosho (Wedding),King Halo (Wedding) + Sweep Tosho (Wedding),King Halo (Wedding) + Sweep Tosho (Wedding),King Halo (Wedding) + Sweep Tosho (Wedding),King Halo (Wedding) + Sweep Tosho (Wedding),King Halo (Wedding) + Sweep Tosho (Wedding),King Halo (Wedding) + Sweep Tosho (Wedding),King Halo (Wedding) + Sweep Tosho (Wedding),,,,,,,,,,,,,,,,,,,,,,,2700,New Years Login Bonus,,,,,,Start Date,End Date,Global Datedif,477,,,,,,,,,,,,,,,
,Jungle Pocket,Jungle Pocket,Jungle Pocket,Jungle Pocket,Jungle Pocket,Jungle Pocket,Jungle Pocket,Jungle Pocket,Jungle Pocket,Jungle Pocket,Jungle Pocket,Jungle Pocket,Jungle Pocket,Jungle Pocket,Jungle Pocket,Jungle Pocket,Jungle Pocket,Jungle Pocket,Jungle Pocket,Jungle Pocket,Jungle Pocket,Jungle Pocket,Jungle Pocket,Jungle Pocket,Jungle Pocket,,,,,,,,,,,,,,,,,,,,,,,,,,,,,,2022-12-29,2023-01-10,D-Day,112,,,,,,,,,,,,,,,
,Dream Journey,Dream Journey,Dream Journey,Dream Journey,Dream Journey,Dream Journey,Dream Journey,Dream Journey,Dream Journey,Dream Journey,Dream Journey,Dream Journey,Dream Journey,Dream Journey,Dream Journey,Dream Journey,Dream Journey,Dream Journey,Dream Journey,Dream Journey,Dream Journey,Dream Journey,Dream Journey,Dream Journey,Dream Journey,,,,,,,,,,,,,,,,,,,,0,2026-10-28 21:59:59,k3,,,,,,,,Pull Tickets,,Finals Day,123,,,,,,,,,,,,,,,
,Rice Shower (Great Food Festival),Rice Shower (Great Food Festival),Rice Shower (Great Food Festival),Rice Shower (Great Food Festival),Rice Shower (Great Food Festival),Rice Shower (Great Food Festival),Rice Shower (Great Food Festival),Rice Shower (Great Food Festival),Rice Shower (Great Food Festival),Rice Shower (Great Food Festival),Rice Shower (Great Food Festival),Rice Shower (Great Food Festival),Rice Shower (Great Food Festival),Rice Shower (Great Food Festival),Rice Shower (Great Food Festival),Rice Shower (Great Food Festival),Rice Shower (Great Food Festival),Rice Shower (Great Food Festival),Rice Shower (Great Food Festival),Rice Shower (Great Food Festival),Rice Shower (Great Food Festival),Rice Shower (Great Food Festival),Rice Shower (Great Food Festival),Rice Shower (Great Food Festival),Rice Shower (Great Food Festival),,,,,,,,,,,,,,,,,,,,0,Last Day,,,,,,,,,Uma,Support,Length,12,,,,,,,,,,,,,,,
,Calstone Light O,Calstone Light O,Calstone Light O,Calstone Light O,Calstone Light O,Calstone Light O,Calstone Light O,Calstone Light O,Calstone Light O,Calstone Light O,Calstone Light O,Calstone Light O,Calstone Light O,Calstone Light O,Calstone Light O,Calstone Light O,Calstone Light O,Calstone Light O,Calstone Light O,Calstone Light O,Calstone Light O,Calstone Light O,Calstone Light O,Calstone Light O,Calstone Light O,,,,,,,,,,,,,,,,,,,,,,,,,,,,,,2,2,Dropdown,FALSE,,,,,,,,,,,,,,,
,Eishin Flash (Summer Trip) + Hokko Tarumae (Summer Trip),Eishin Flash (Summer Trip) + Hokko Tarumae (Summer Trip),Eishin Flash (Summer Trip) + Hokko Tarumae (Summer Trip),Eishin Flash (Summer Trip) + Hokko Tarumae (Summer Trip),Eishin Flash (Summer Trip) + Hokko Tarumae (Summer Trip),Eishin Flash (Summer Trip) + Hokko Tarumae (Summer Trip),Eishin Flash (Summer Trip) + Hokko Tarumae (Summer Trip),Eishin Flash (Summer Trip) + Hokko Tarumae (Summer Trip),Eishin Flash (Summer Trip) + Hokko Tarumae (Summer Trip),Eishin Flash (Summer Trip) + Hokko Tarumae (Summer Trip),Eishin Flash (Summer Trip) + Hokko Tarumae (Summer Trip),Eishin Flash (Summer Trip) + Hokko Tarumae (Summer Trip),Eishin Flash (Summer Trip) + Hokko Tarumae (Summer Trip),Eishin Flash (Summer Trip) + Hokko Tarumae (Summer Trip),Eishin Flash (Summer Trip) + Hokko Tarumae (Summer Trip),Eishin Flash (Summer Trip) + Hokko Tarumae (Summer Trip),Eishin Flash (Summer Trip) + Hokko Tarumae (Summer Trip),Eishin Flash (Summer Trip) + Hokko Tarumae (Summer Trip),Eishin Flash (Summer Trip) + Hokko Tarumae (Summer Trip),Eishin Flash (Summer Trip) + Hokko Tarumae (Summer Trip),Eishin Flash (Summer Trip) + Hokko Tarumae (Summer Trip),Eishin Flash (Summer Trip) + Hokko Tarumae (Summer Trip),Eishin Flash (Summer Trip) + Hokko Tarumae (Summer Trip),Eishin Flash (Summer Trip) + Hokko Tarumae (Summer Trip),Eishin Flash (Summer Trip) + Hokko Tarumae (Summer Trip),,,,,,Kitasan Black,Satono Diamond,Special Week,Sweep Tosho,,,,,,Grass Wonder,,,,,,,,,,,,,,,Limit Break Crystals,,,,,,,,,,,,,,,,,,
,(All) 2,(All) 2,(All) 2,(All) 2,(All) 2,(All) 2,(All) 2,(All) 2,(All) 2,(All) 2,(All) 2,(All) 2,(All) 2,(All) 2,(All) 2,(All) 2,(All) 2,(All) 2,(All) 2,(All) 2,(All) 2,(All) 2,(All) 2,(All) 2,(All) 2,,,,,,(New Year),(New Year),,,,,,,,,,,,,,,,,,,,,,,SSR,SR,,,,,,,,,,,,,,,,,
,Gentildonna,Gentildonna,Gentildonna,Gentildonna,Gentildonna,Gentildonna,Gentildonna,Gentildonna,Gentildonna,Gentildonna,Gentildonna,Gentildonna,Gentildonna,Gentildonna,Gentildonna,Gentildonna,Gentildonna,Gentildonna,Gentildonna,Gentildonna,Gentildonna,Gentildonna,Gentildonna,Gentildonna,Gentildonna,,,,,,50x Free Pulls,,50x Free Pulls,,,,,,,,,,,,,,,,,,,,,,3,3,,,,,,,,,,,,,,,,,
,Neo Universe (Autumn) + Zenno Rob Roy (Autumn),Neo Universe (Autumn) + Zenno Rob Roy (Autumn),Neo Universe (Autumn) + Zenno Rob Roy (Autumn),Neo Universe (Autumn) + Zenno Rob Roy (Autumn),Neo Universe (Autumn) + Zenno Rob Roy (Autumn),Neo Universe (Autumn) + Zenno Rob Roy (Autumn),Neo Universe (Autumn) + Zenno Rob Roy (Autumn),Neo Universe (Autumn) + Zenno Rob Roy (Autumn),Neo Universe (Autumn) + Zenno Rob Roy (Autumn),Neo Universe (Autumn) + Zenno Rob Roy (Autumn),Neo Universe (Autumn) + Zenno Rob Roy (Autumn),Neo Universe (Autumn) + Zenno Rob Roy (Autumn),Neo Universe (Autumn) + Zenno Rob Roy (Autumn),Neo Universe (Autumn) + Zenno Rob Roy (Autumn),Neo Universe (Autumn) + Zenno Rob Roy (Autumn),Neo Universe (Autumn) + Zenno Rob Roy (Autumn),Neo Universe (Autumn) + Zenno Rob Roy (Autumn),Neo Universe (Autumn) + Zenno Rob Roy (Autumn),Neo Universe (Autumn) + Zenno Rob Roy (Autumn),Neo Universe (Autumn) + Zenno Rob Roy (Autumn),Neo Universe (Autumn) + Zenno Rob Roy (Autumn),Neo Universe (Autumn) + Zenno Rob Roy (Autumn),Neo Universe (Autumn) + Zenno Rob Roy (Autumn),Neo Universe (Autumn) + Zenno Rob Roy (Autumn),Neo Universe (Autumn) + Zenno Rob Roy (Autumn),JP,,Global,,,,,,,,,,,,,,,,,80,2026-10-25 22:00:00,k1,0,2026-11-04 21:59:59,,,,,,Date Override,,Start Date,End Date,,,,,,,,,,,,,,,
,Cesario,Cesario,Cesario,Cesario,Cesario,Cesario,Cesario,Cesario,Cesario,Cesario,Cesario,Cesario,Cesario,Cesario,Cesario,Cesario,Cesario,Cesario,Cesario,Cesario,Cesario,Cesario,Cesario,Cesario,Cesario,Start Date,End Date,Start Date,End Date,,Releases In,,,,,,,,,,,,,,80,First Day,Hours,0,Throughout,,,,,,,,2026-10-25,2026-11-04,,,,,,,,,,,,,,,
,Durandal,Durandal,Durandal,Durandal,Durandal,Durandal,Durandal,Durandal,Durandal,Durandal,Durandal,Durandal,Durandal,Durandal,Durandal,Durandal,Durandal,Durandal,Durandal,Durandal,Durandal,Durandal,Durandal,Durandal,Durandal,2023-01-10,2023-01-20,2026-10-25,2026-11-04,,121 Days,,,,,,,,,,,,,,80,Uma Story Ch 1-4,,,,,,,,,Banner Type,1,2026-10-25 22:00:00,2026-11-04 21:59:59,Hokko Tarumae,Agnes Tachyon + Tokai Teio,,Hokko Tarumae,Agnes Tachyon + Tokai Teio,,,,,,,,,,
,Seeking the Pearl (Halloween) + Mayano Top Gun (Halloween),Seeking the Pearl (Halloween) + Mayano Top Gun (Halloween),Seeking the Pearl (Halloween) + Mayano Top Gun (Halloween),Seeking the Pearl (Halloween) + Mayano Top Gun (Halloween),Seeking the Pearl (Halloween) + Mayano Top Gun (Halloween),Seeking the Pearl (Halloween) + Mayano Top Gun (Halloween),Seeking the Pearl (Halloween) + Mayano Top Gun (Halloween),Seeking the Pearl (Halloween) + Mayano Top Gun (Halloween),Seeking the Pearl (Halloween) + Mayano Top Gun (Halloween),Seeking the Pearl (Halloween) + Mayano Top Gun (Halloween),Seeking the Pearl (Halloween) + Mayano Top Gun (Halloween),Seeking the Pearl (Halloween) + Mayano Top Gun (Halloween),Seeking the Pearl (Halloween) + Mayano Top Gun (Halloween),Seeking the Pearl (Halloween) + Mayano Top Gun (Halloween),Seeking the Pearl (Halloween) + Mayano Top Gun (Halloween),Seeking the Pearl (Halloween) + Mayano Top Gun (Halloween),Seeking the Pearl (Halloween) + Mayano Top Gun (Halloween),Seeking the Pearl (Halloween) + Mayano Top Gun (Halloween),Seeking the Pearl (Halloween) + Mayano Top Gun (Halloween),Seeking the Pearl (Halloween) + Mayano Top Gun (Halloween),Seeking the Pearl (Halloween) + Mayano Top Gun (Halloween),Seeking the Pearl (Halloween) + Mayano Top Gun (Halloween),Seeking the Pearl (Halloween) + Mayano Top Gun (Halloween),Seeking the Pearl (Halloween) + Mayano Top Gun (Halloween),Seeking the Pearl (Halloween) + Mayano Top Gun (Halloween),,,,,,,,,,,,,,,,,,,,,,,,,,,,,,JP,,JP Datedif,685,,,,,,,24,24,26,30,2026-10-25 22:00:00,,,,
,Bubble Gum Fellow,Bubble Gum Fellow,Bubble Gum Fellow,Bubble Gum Fellow,Bubble Gum Fellow,Bubble Gum Fellow,Bubble Gum Fellow,Bubble Gum Fellow,Bubble Gum Fellow,Bubble Gum Fellow,Bubble Gum Fellow,Bubble Gum Fellow,Bubble Gum Fellow,Bubble Gum Fellow,Bubble Gum Fellow,Bubble Gum Fellow,Bubble Gum Fellow,Bubble Gum Fellow,Bubble Gum Fellow,Bubble Gum Fellow,Bubble Gum Fellow,Bubble Gum Fellow,Bubble Gum Fellow,Bubble Gum Fellow,Bubble Gum Fellow,,,,,,,,,,,,,,,,,,,,,,,,,,,,,,Start Date,End Date,Global Datedif,486,,,,,,,,,,,,,,,
,Biwa Hayahide (Mecha),Biwa Hayahide (Mecha),Biwa Hayahide (Mecha),Biwa Hayahide (Mecha),Biwa Hayahide (Mecha),Biwa Hayahide (Mecha),Biwa Hayahide (Mecha),Biwa Hayahide (Mecha),Biwa Hayahide (Mecha),Biwa Hayahide (Mecha),Biwa Hayahide (Mecha),Biwa Hayahide (Mecha),Biwa Hayahide (Mecha),Biwa Hayahide (Mecha),Biwa Hayahide (Mecha),Biwa Hayahide (Mecha),Biwa Hayahide (Mecha),Biwa Hayahide (Mecha),Biwa Hayahide (Mecha),Biwa Hayahide (Mecha),Biwa Hayahide (Mecha),Biwa Hayahide (Mecha),Biwa Hayahide (Mecha),Biwa Hayahide (Mecha),Biwa Hayahide (Mecha),,,,,,,,,,,,,,,,,,,,,,,,,,,,,,2023-01-10,2023-01-20,D-Day,121,,,,,,,,,,,,,,,
,Narita Taishin (Mecha),Narita Taishin (Mecha),Narita Taishin (Mecha),Narita Taishin (Mecha),Narita Taishin (Mecha),Narita Taishin (Mecha),Narita Taishin (Mecha),Narita Taishin (Mecha),Narita Taishin (Mecha),Narita Taishin (Mecha),Narita Taishin (Mecha),Narita Taishin (Mecha),Narita Taishin (Mecha),Narita Taishin (Mecha),Narita Taishin (Mecha),Narita Taishin (Mecha),Narita Taishin (Mecha),Narita Taishin (Mecha),Narita Taishin (Mecha),Narita Taishin (Mecha),Narita Taishin (Mecha),Narita Taishin (Mecha),Narita Taishin (Mecha),Narita Taishin (Mecha),Narita Taishin (Mecha),,,,,,,,,,,,,,,,,,,,0,2026-11-04 21:59:59,k3,,,,,,,,Pull Tickets,,Finals Day,130,,,,,,,,,,,,,,,
,Air Messiah,Air Messiah,Air Messiah,Air Messiah,Air Messiah,Air Messiah,Air Messiah,Air Messiah,Air Messiah,Air Messiah,Air Messiah,Air Messiah,Air Messiah,Air Messiah,Air Messiah,Air Messiah,Air Messiah,Air Messiah,Air Messiah,Air Messiah,Air Messiah,Air Messiah,Air Messiah,Air Messiah,Air Messiah,,,,,,,,,,,,,,,,,,,,0,Last Day,,,,,,,,,Uma,Support,Length,10,,,,,,,,,,,,,,,
,Narita Top Road (Christmas) + Admire Vega (Christmas),Narita Top Road (Christmas) + Admire Vega (Christmas),Narita Top Road (Christmas) + Admire Vega (Christmas),Narita Top Road (Christmas) + Admire Vega (Christmas),Narita Top Road (Christmas) + Admire Vega (Christmas),Narita Top Road (Christmas) + Admire Vega (Christmas),Narita Top Road (Christmas) + Admire Vega (Christmas),Narita Top Road (Christmas) + Admire Vega (Christmas),Narita Top Road (Christmas) + Admire Vega (Christmas),Narita Top Road (Christmas) + Admire Vega (Christmas),Narita Top Road (Christmas) + Admire Vega (Christmas),Narita Top Road (Christmas) + Admire Vega (Christmas),Narita Top Road (Christmas) + Admire Vega (Christmas),Narita Top Road (Christmas) + Admire Vega (Christmas),Narita Top Road (Christmas) + Admire Vega (Christmas),Narita Top Road (Christmas) + Admire Vega (Christmas),Narita Top Road (Christmas) + Admire Vega (Christmas),Narita Top Road (Christmas) + Admire Vega (Christmas),Narita Top Road (Christmas) + Admire Vega (Christmas),Narita Top Road (Christmas) + Admire Vega (Christmas),Narita Top Road (Christmas) + Admire Vega (Christmas),Narita Top Road (Christmas) + Admire Vega (Christmas),Narita Top Road (Christmas) + Admire Vega (Christmas),Narita Top Road (Christmas) + Admire Vega (Christmas),Narita Top Road (Christmas) + Admire Vega (Christmas),,,,,,,,,,,,,,,,,,,,,,,,,,,,,,0,0,Dropdown,FALSE,,,,,,,,,,,,,,,
,Win Variation,Win Variation,Win Variation,Win Variation,Win Variation,Win Variation,Win Variation,Win Variation,Win Variation,Win Variation,Win Variation,Win Variation,Win Variation,Win Variation,Win Variation,Win Variation,Win Variation,Win Variation,Win Variation,Win Variation,Win Variation,Win Variation,Win Variation,Win Variation,Win Variation,,,,,,Hokko Tarumae,,Agnes Tachyon,Tokai Teio,,,,,,,,,,,,,,,,,,,,,Limit Break Crystals,,,,,,,,,,,,,,,,,,
,Grass Wonder (New Year),Grass Wonder (New Year),Grass Wonder (New Year),Grass Wonder (New Year),Grass Wonder (New Year),Grass Wonder (New Year),Grass Wonder (New Year),Grass Wonder (New Year),Grass Wonder (New Year),Grass Wonder (New Year),Grass Wonder (New Year),Grass Wonder (New Year),Grass Wonder (New Year),Grass Wonder (New Year),Grass Wonder (New Year),Grass Wonder (New Year),Grass Wonder (New Year),Grass Wonder (New Year),Grass Wonder (New Year),Grass Wonder (New Year),Grass Wonder (New Year),Grass Wonder (New Year),Grass Wonder (New Year),Grass Wonder (New Year),Grass Wonder (New Year),,,,,,,,,,,,,,,,,,,,,,,,,,,,,,SSR,SR,,,,,,,,,,,,,,,,,
,Katsuragi Ace (New Year) + Mr. C.B. (New Year),Katsuragi Ace (New Year) + Mr. C.B. (New Year),Katsuragi Ace (New Year) + Mr. C.B. (New Year),Katsuragi Ace (New Year) + Mr. C.B. (New Year),Katsuragi Ace (New Year) + Mr. C.B. (New Year),Katsuragi Ace (New Year) + Mr. C.B. (New Year),Katsuragi Ace (New Year) + Mr. C.B. (New Year),Katsuragi Ace (New Year) + Mr. C.B. (New Year),Katsuragi Ace (New Year) + Mr. C.B. (New Year),Katsuragi Ace (New Year) + Mr. C.B. (New Year),Katsuragi Ace (New Year) + Mr. C.B. (New Year),Katsuragi Ace (New Year) + Mr. C.B. (New Year),Katsuragi Ace (New Year) + Mr. C.B. (New Year),Katsuragi Ace (New Year) + Mr. C.B. (New Year),Katsuragi Ace (New Year) + Mr. C.B. (New Year),Katsuragi Ace (New Year) + Mr. C.B. (New Year),Katsuragi Ace (New Year) + Mr. C.B. (New Year),Katsuragi Ace (New Year) + Mr. C.B. (New Year),Katsuragi Ace (New Year) + Mr. C.B. (New Year),Katsuragi Ace (New Year) + Mr. C.B. (New Year),Katsuragi Ace (New Year) + Mr. C.B. (New Year),Katsuragi Ace (New Year) + Mr. C.B. (New Year),Katsuragi Ace (New Year) + Mr. C.B. (New Year),Katsuragi Ace (New Year) + Mr. C.B. (New Year),Katsuragi Ace (New Year) + Mr. C.B. (New Year),,,,,,,,,,,,,,,,,,,,,,,,,,,,,,,,,,,,,,,,,,,,,,,,
,Maruzensky (New Year),Maruzensky (New Year),Maruzensky (New Year),Maruzensky (New Year),Maruzensky (New Year),Maruzensky (New Year),Maruzensky (New Year),Maruzensky (New Year),Maruzensky (New Year),Maruzensky (New Year),Maruzensky (New Year),Maruzensky (New Year),Maruzensky (New Year),Maruzensky (New Year),Maruzensky (New Year),Maruzensky (New Year),Maruzensky (New Year),Maruzensky (New Year),Maruzensky (New Year),Maruzensky (New Year),Maruzensky (New Year),Maruzensky (New Year),Maruzensky (New Year),Maruzensky (New Year),Maruzensky (New Year),,,,,,,,,,,,,,,,,,,,,,,,,,,,,,Date Override,,Start Date,End Date,,,,,,,,,,,,,,,
,Furioso,Furioso,Furioso,Furioso,Furioso,Furioso,Furioso,Furioso,Furioso,Furioso,Furioso,Furioso,Furioso,Furioso,Furioso,Furioso,Furioso,Furioso,Furioso,Furioso,Furioso,Furioso,Furioso,Furioso,Furioso,,,,,,,,,,,,,,,,,,,,,,,,,,,,,,,,2026-10-28,2026-11-03,,,,,,,,,,,,,,,
,Yamanin Zephyr (Valentine) + Aston Machan (Valentine),Yamanin Zephyr (Valentine) + Aston Machan (Valentine),Yamanin Zephyr (Valentine) + Aston Machan (Valentine),Yamanin Zephyr (Valentine) + Aston Machan (Valentine),Yamanin Zephyr (Valentine) + Aston Machan (Valentine),Yamanin Zephyr (Valentine) + Aston Machan (Valentine),Yamanin Zephyr (Valentine) + Aston Machan (Valentine),Yamanin Zephyr (Valentine) + Aston Machan (Valentine),Yamanin Zephyr (Valentine) + Aston Machan (Valentine),Yamanin Zephyr (Valentine) + Aston Machan (Valentine),Yamanin Zephyr (Valentine) + Aston Machan (Valentine),Yamanin Zephyr (Valentine) + Aston Machan (Valentine),Yamanin Zephyr (Valentine) + Aston Machan (Valentine),Yamanin Zephyr (Valentine) + Aston Machan (Valentine),Yamanin Zephyr (Valentine) + Aston Machan (Valentine),Yamanin Zephyr (Valentine) + Aston Machan (Valentine),Yamanin Zephyr (Valentine) + Aston Machan (Valentine),Yamanin Zephyr (Valentine) + Aston Machan (Valentine),Yamanin Zephyr (Valentine) + Aston Machan (Valentine),Yamanin Zephyr (Valentine) + Aston Machan (Valentine),Yamanin Zephyr (Valentine) + Aston Machan (Valentine),Yamanin Zephyr (Valentine) + Aston Machan (Valentine),Yamanin Zephyr (Valentine) + Aston Machan (Valentine),Yamanin Zephyr (Valentine) + Aston Machan (Valentine),Yamanin Zephyr (Valentine) + Aston Machan (Valentine),,,,,,,,,,,,,,,,,,,,,,,,,,,,,,Banner Type,-1,2026-10-28 22:00:00,2026-11-03 21:59:59,,,,,,,,,,,,,,,
,Tsurumaru Tsuyoshi,Tsurumaru Tsuyoshi,Tsurumaru Tsuyoshi,Tsurumaru Tsuyoshi,Tsurumaru Tsuyoshi,Tsurumaru Tsuyoshi,Tsurumaru Tsuyoshi,Tsurumaru Tsuyoshi,Tsurumaru Tsuyoshi,Tsurumaru Tsuyoshi,Tsurumaru Tsuyoshi,Tsurumaru Tsuyoshi,Tsurumaru Tsuyoshi,Tsurumaru Tsuyoshi,Tsurumaru Tsuyoshi,Tsurumaru Tsuyoshi,Tsurumaru Tsuyoshi,Tsurumaru Tsuyoshi,Tsurumaru Tsuyoshi,Tsurumaru Tsuyoshi,Tsurumaru Tsuyoshi,Tsurumaru Tsuyoshi,Tsurumaru Tsuyoshi,Tsurumaru Tsuyoshi,Tsurumaru Tsuyoshi,,,,,,,,,,,,,,,,,,,,,,,,,,,,,,JP,,JP Datedif,689,,,,,,,24,24,26,30,2026-10-28 22:00:00,7,2026-11-02 21:59:59,,
,Orfevre,Orfevre,Orfevre,Orfevre,Orfevre,Orfevre,Orfevre,Orfevre,Orfevre,Orfevre,Orfevre,Orfevre,Orfevre,Orfevre,Orfevre,Orfevre,Orfevre,Orfevre,Orfevre,Orfevre,Orfevre,Orfevre,Orfevre,Orfevre,Orfevre,,,,,,,,,,,,,,,,,,,,,,,,,,,,,,Start Date,End Date,Global Datedif,489,,,,,,,,,,,,,,,
,Gran Alegria,Gran Alegria,Gran Alegria,Gran Alegria,Gran Alegria,Gran Alegria,Gran Alegria,Gran Alegria,Gran Alegria,Gran Alegria,Gran Alegria,Gran Alegria,Gran Alegria,Gran Alegria,Gran Alegria,Gran Alegria,Gran Alegria,Gran Alegria,Gran Alegria,Gran Alegria,Gran Alegria,Gran Alegria,Gran Alegria,Gran Alegria,Gran Alegria,,,,,,,,,,,,,,,,,,,,,,,,,,,,,,2023-01-14,2023-01-20,D-Day,124,,,,,,,,,,,,,,,
,No Reason,No Reason,No Reason,No Reason,No Reason,No Reason,No Reason,No Reason,No Reason,No Reason,No Reason,No Reason,No Reason,No Reason,No Reason,No Reason,No Reason,No Reason,No Reason,No Reason,No Reason,No Reason,No Reason,No Reason,No Reason,,,,,,,,,,,,,,,,,,,,,,,,,,,,,,Pull Tickets,,Finals Day,129,,,,,,,,,,,,,,,
,Tap Dance City (Ballroom) + Tanino Gimlet (Ballroom),Tap Dance City (Ballroom) + Tanino Gimlet (Ballroom),Tap Dance City (Ballroom) + Tanino Gimlet (Ballroom),Tap Dance City (Ballroom) + Tanino Gimlet (Ballroom),Tap Dance City (Ballroom) + Tanino Gimlet (Ballroom),Tap Dance City (Ballroom) + Tanino Gimlet (Ballroom),Tap Dance City (Ballroom) + Tanino Gimlet (Ballroom),Tap Dance City (Ballroom) + Tanino Gimlet (Ballroom),Tap Dance City (Ballroom) + Tanino Gimlet (Ballroom),Tap Dance City (Ballroom) + Tanino Gimlet (Ballroom),Tap Dance City (Ballroom) + Tanino Gimlet (Ballroom),Tap Dance City (Ballroom) + Tanino Gimlet (Ballroom),Tap Dance City (Ballroom) + Tanino Gimlet (Ballroom),Tap Dance City (Ballroom) + Tanino Gimlet (Ballroom),Tap Dance City (Ballroom) + Tanino Gimlet (Ballroom),Tap Dance City (Ballroom) + Tanino Gimlet (Ballroom),Tap Dance City (Ballroom) + Tanino Gimlet (Ballroom),Tap Dance City (Ballroom) + Tanino Gimlet (Ballroom),Tap Dance City (Ballroom) + Tanino Gimlet (Ballroom),Tap Dance City (Ballroom) + Tanino Gimlet (Ballroom),Tap Dance City (Ballroom) + Tanino Gimlet (Ballroom),Tap Dance City (Ballroom) + Tanino Gimlet (Ballroom),Tap Dance City (Ballroom) + Tanino Gimlet (Ballroom),Tap Dance City (Ballroom) + Tanino Gimlet (Ballroom),Tap Dance City (Ballroom) + Tanino Gimlet (Ballroom),,,,,,,,,,,,,,,,,,,,,,,,,,,,,,Uma,Support,Length,6,,,,,,,,,,,,,,,
,Sirius Symboli (The Twinkle Legends),Sirius Symboli (The Twinkle Legends),Sirius Symboli (The Twinkle Legends),Sirius Symboli (The Twinkle Legends),Sirius Symboli (The Twinkle Legends),Sirius Symboli (The Twinkle Legends),Sirius Symboli (The Twinkle Legends),Sirius Symboli (The Twinkle Legends),Sirius Symboli (The Twinkle Legends),Sirius Symboli (The Twinkle Legends),Sirius Symboli (The Twinkle Legends),Sirius Symboli (The Twinkle Legends),Sirius Symboli (The Twinkle Legends),Sirius Symboli (The Twinkle Legends),Sirius Symboli (The Twinkle Legends),Sirius Symboli (The Twinkle Legends),Sirius Symboli (The Twinkle Legends),Sirius Symboli (The Twinkle Legends),Sirius Symboli (The Twinkle Legends),Sirius Symboli (The Twinkle Legends),Sirius Symboli (The Twinkle Legends),Sirius Symboli (The Twinkle Legends),Sirius Symboli (The Twinkle Legends),Sirius Symboli (The Twinkle Legends),Sirius Symboli (The Twinkle Legends),,,,,,,,,,,,,,,,,,,,,,,,,,,,,,,,Dropdown,FALSE,,,,,,,,,,,,,,,
,Fenomeno,Fenomeno,Fenomeno,Fenomeno,Fenomeno,Fenomeno,Fenomeno,Fenomeno,Fenomeno,Fenomeno,Fenomeno,Fenomeno,Fenomeno,Fenomeno,Fenomeno,Fenomeno,Fenomeno,Fenomeno,Fenomeno,Fenomeno,Fenomeno,Fenomeno,Fenomeno,Fenomeno,Fenomeno,,,,,,,,,,,,,,,,,,,,,,,,,,,,,,Limit Break Crystals,,,,,,,,,,,,,,,,,,
,Copano Rickey (Parade) + Smart Falcon (Parade),Copano Rickey (Parade) + Smart Falcon (Parade),Copano Rickey (Parade) + Smart Falcon (Parade),Copano Rickey (Parade) + Smart Falcon (Parade),Copano Rickey (Parade) + Smart Falcon (Parade),Copano Rickey (Parade) + Smart Falcon (Parade),Copano Rickey (Parade) + Smart Falcon (Parade),Copano Rickey (Parade) + Smart Falcon (Parade),Copano Rickey (Parade) + Smart Falcon (Parade),Copano Rickey (Parade) + Smart Falcon (Parade),Copano Rickey (Parade) + Smart Falcon (Parade),Copano Rickey (Parade) + Smart Falcon (Parade),Copano Rickey (Parade) + Smart Falcon (Parade),Copano Rickey (Parade) + Smart Falcon (Parade),Copano Rickey (Parade) + Smart Falcon (Parade),Copano Rickey (Parade) + Smart Falcon (Parade),Copano Rickey (Parade) + Smart Falcon (Parade),Copano Rickey (Parade) + Smart Falcon (Parade),Copano Rickey (Parade) + Smart Falcon (Parade),Copano Rickey (Parade) + Smart Falcon (Parade),Copano Rickey (Parade) + Smart Falcon (Parade),Copano Rickey (Parade) + Smart Falcon (Parade),Copano Rickey (Parade) + Smart Falcon (Parade),Copano Rickey (Parade) + Smart Falcon (Parade),Copano Rickey (Parade) + Smart Falcon (Parade),,,,,,,,,,,,,,,,,,,,,,,,,,,,,,SSR,SR,,,,,,,,,,,,,,,,,
,Oguri Cap + (Christmas) + Gold Ship (Summer) + (Project L'Arc) + Mejiro McQueen + (Summer) + (Anime Collab) + Tamamo Cross + (Festival) + Curren Chan + (Wedding) + Seiun Sky + (Ballroom) + Hishi Miracle + Biwa Hayahide + (Christmas) + (Mecha),Oguri Cap + (Christmas) + Gold Ship (Summer) + (Project L'Arc) + Mejiro McQueen + (Summer) + (Anime Collab) + Tamamo Cross + (Festival) + Curren Chan + (Wedding) + Seiun Sky + (Ballroom) + Hishi Miracle + Biwa Hayahide + (Christmas) + (Mecha),Oguri Cap + (Christmas) + Gold Ship (Summer) + (Project L'Arc) + Mejiro McQueen + (Summer) + (Anime Collab) + Tamamo Cross + (Festival) + Curren Chan + (Wedding) + Seiun Sky + (Ballroom) + Hishi Miracle + Biwa Hayahide + (Christmas) + (Mecha),Oguri Cap + (Christmas) + Gold Ship (Summer) + (Project L'Arc) + Mejiro McQueen + (Summer) + (Anime Collab) + Tamamo Cross + (Festival) + Curren Chan + (Wedding) + Seiun Sky + (Ballroom) + Hishi Miracle + Biwa Hayahide + (Christmas) + (Mecha),Oguri Cap + (Christmas) + Gold Ship (Summer) + (Project L'Arc) + Mejiro McQueen + (Summer) + (Anime Collab) + Tamamo Cross + (Festival) + Curren Chan + (Wedding) + Seiun Sky + (Ballroom) + Hishi Miracle + Biwa Hayahide + (Christmas) + (Mecha),Oguri Cap + (Christmas) + Gold Ship (Summer) + (Project L'Arc) + Mejiro McQueen + (Summer) + (Anime Collab) + Tamamo Cross + (Festival) + Curren Chan + (Wedding) + Seiun Sky + (Ballroom) + Hishi Miracle + Biwa Hayahide + (Christmas) + (Mecha),Oguri Cap + (Christmas) + Gold Ship (Summer) + (Project L'Arc) + Mejiro McQueen + (Summer) + (Anime Collab) + Tamamo Cross + (Festival) + Curren Chan + (Wedding) + Seiun Sky + (Ballroom) + Hishi Miracle + Biwa Hayahide + (Christmas) + (Mecha),Oguri Cap + (Christmas) + Gold Ship (Summer) + (Project L'Arc) + Mejiro McQueen + (Summer) + (Anime Collab) + Tamamo Cross + (Festival) + Curren Chan + (Wedding) + Seiun Sky + (Ballroom) + Hishi Miracle + Biwa Hayahide + (Christmas) + (Mecha),Oguri Cap + (Christmas) + Gold Ship (Summer) + (Project L'Arc) + Mejiro McQueen + (Summer) + (Anime Collab) + Tamamo Cross + (Festival) + Curren Chan + (Wedding) + Seiun Sky + (Ballroom) + Hishi Miracle + Biwa Hayahide + (Christmas) + (Mecha),Oguri Cap + (Christmas) + Gold Ship (Summer) + (Project L'Arc) + Mejiro McQueen + (Summer) + (Anime Collab) + Tamamo Cross + (Festival) + Curren Chan + (Wedding) + Seiun Sky + (Ballroom) + Hishi Miracle + Biwa Hayahide + (Christmas) + (Mecha),Oguri Cap + (Christmas) + Gold Ship (Summer) + (Project L'Arc) + Mejiro McQueen + (Summer) + (Anime Collab) + Tamamo Cross + (Festival) + Curren Chan + (Wedding) + Seiun Sky + (Ballroom) + Hishi Miracle + Biwa Hayahide + (Christmas) + (Mecha),Oguri Cap + (Christmas) + Gold Ship (Summer) + (Project L'Arc) + Mejiro McQueen + (Summer) + (Anime Collab) + Tamamo Cross + (Festival) + Curren Chan + (Wedding) + Seiun Sky + (Ballroom) + Hishi Miracle + Biwa Hayahide + (Christmas) + (Mecha),Oguri Cap + (Christmas) + Gold Ship (Summer) + (Project L'Arc) + Mejiro McQueen + (Summer) + (Anime Collab) + Tamamo Cross + (Festival) + Curren Chan + (Wedding) + Seiun Sky + (Ballroom) + Hishi Miracle + Biwa Hayahide + (Christmas) + (Mecha),Oguri Cap + (Christmas) + Gold Ship (Summer) + (Project L'Arc) + Mejiro McQueen + (Summer) + (Anime Collab) + Tamamo Cross + (Festival) + Curren Chan + (Wedding) + Seiun Sky + (Ballroom) + Hishi Miracle + Biwa Hayahide + (Christmas) + (Mecha),Oguri Cap + (Christmas) + Gold Ship (Summer) + (Project L'Arc) + Mejiro McQueen + (Summer) + (Anime Collab) + Tamamo Cross + (Festival) + Curren Chan + (Wedding) + Seiun Sky + (Ballroom) + Hishi Miracle + Biwa Hayahide + (Christmas) + (Mecha),Oguri Cap + (Christmas) + Gold Ship (Summer) + (Project L'Arc) + Mejiro McQueen + (Summer) + (Anime Collab) + Tamamo Cross + (Festival) + Curren Chan + (Wedding) + Seiun Sky + (Ballroom) + Hishi Miracle + Biwa Hayahide + (Christmas) + (Mecha),Oguri Cap + (Christmas) + Gold Ship (Summer) + (Project L'Arc) + Mejiro McQueen + (Summer) + (Anime Collab) + Tamamo Cross + (Festival) + Curren Chan + (Wedding) + Seiun Sky + (Ballroom) + Hishi Miracle + Biwa Hayahide + (Christmas) + (Mecha),Oguri Cap + (Christmas) + Gold Ship (Summer) + (Project L'Arc) + Mejiro McQueen + (Summer) + (Anime Collab) + Tamamo Cross + (Festival) + Curren Chan + (Wedding) + Seiun Sky + (Ballroom) + Hishi Miracle + Biwa Hayahide + (Christmas) + (Mecha),Oguri Cap + (Christmas) + Gold Ship (Summer) + (Project L'Arc) + Mejiro McQueen + (Summer) + (Anime Collab) + Tamamo Cross + (Festival) + Curren Chan + (Wedding) + Seiun Sky + (Ballroom) + Hishi Miracle + Biwa Hayahide + (Christmas) + (Mecha),Oguri Cap + (Christmas) + Gold Ship (Summer) + (Project L'Arc) + Mejiro McQueen + (Summer) + (Anime Collab) + Tamamo Cross + (Festival) + Curren Chan + (Wedding) + Seiun Sky + (Ballroom) + Hishi Miracle + Biwa Hayahide + (Christmas) + (Mecha),Oguri Cap + (Christmas) + Gold Ship (Summer) + (Project L'Arc) + Mejiro McQueen + (Summer) + (Anime Collab) + Tamamo Cross + (Festival) + Curren Chan + (Wedding) + Seiun Sky + (Ballroom) + Hishi Miracle + Biwa Hayahide + (Christmas) + (Mecha),Oguri Cap + (Christmas) + Gold Ship (Summer) + (Project L'Arc) + Mejiro McQueen + (Summer) + (Anime Collab) + Tamamo Cross + (Festival) + Curren Chan + (Wedding) + Seiun Sky + (Ballroom) + Hishi Miracle + Biwa Hayahide + (Christmas) + (Mecha),Oguri Cap + (Christmas) + Gold Ship (Summer) + (Project L'Arc) + Mejiro McQueen + (Summer) + (Anime Collab) + Tamamo Cross + (Festival) + Curren Chan + (Wedding) + Seiun Sky + (Ballroom) + Hishi Miracle + Biwa Hayahide + (Christmas) + (Mecha),Oguri Cap + (Christmas) + Gold Ship (Summer) + (Project L'Arc) + Mejiro McQueen + (Summer) + (Anime Collab) + Tamamo Cross + (Festival) + Curren Chan + (Wedding) + Seiun Sky + (Ballroom) + Hishi Miracle + Biwa Hayahide + (Christmas) + (Mecha),Oguri Cap + (Christmas) + Gold Ship (Summer) + (Project L'Arc) + Mejiro McQueen + (Summer) + (Anime Collab) + Tamamo Cross + (Festival) + Curren Chan + (Wedding) + Seiun Sky + (Ballroom) + Hishi Miracle + Biwa Hayahide + (Christmas) + (Mecha),,,,,,,,,,,,,,,,,,,,,,,,,,,,,,,,,,,,,,,,,,,,,,,,
,Verxina,Verxina,Verxina,Verxina,Verxina,Verxina,Verxina,Verxina,Verxina,Verxina,Verxina,Verxina,Verxina,Verxina,Verxina,Verxina,Verxina,Verxina,Verxina,Verxina,Verxina,Verxina,Verxina,Verxina,Verxina,JP,,Global,,,,,,,,,,,,,,,,,1080,2026-11-01 22:00:00,k1,0,2026-11-11 21:59:59,,,,,,Date Override,,Start Date,End Date,,,,,,,,,,,,,,,
,Loves Only You,Loves Only You,Loves Only You,Loves Only You,Loves Only You,Loves Only You,Loves Only You,Loves Only You,Loves Only You,Loves Only You,Loves Only You,Loves Only You,Loves Only You,Loves Only You,Loves Only You,Loves Only You,Loves Only You,Loves Only You,Loves Only You,Loves Only You,Loves Only You,Loves Only You,Loves Only You,Loves Only You,Loves Only You,Start Date,End Date,Start Date,End Date,,Releases In,,,,,,,,,,,,,,1080,First Day,Hours,0,Throughout,,,,,,,,2026-11-01,2026-11-11,,,,,,,,,,,,,,,
,Cesario (Wedding) + Mejiro Ramonu (Wedding),Cesario (Wedding) + Mejiro Ramonu (Wedding),Cesario (Wedding) + Mejiro Ramonu (Wedding),Cesario (Wedding) + Mejiro Ramonu (Wedding),Cesario (Wedding) + Mejiro Ramonu (Wedding),Cesario (Wedding) + Mejiro Ramonu (Wedding),Cesario (Wedding) + Mejiro Ramonu (Wedding),Cesario (Wedding) + Mejiro Ramonu (Wedding),Cesario (Wedding) + Mejiro Ramonu (Wedding),Cesario (Wedding) + Mejiro Ramonu (Wedding),Cesario (Wedding) + Mejiro Ramonu (Wedding),Cesario (Wedding) + Mejiro Ramonu (Wedding),Cesario (Wedding) + Mejiro Ramonu (Wedding),Cesario (Wedding) + Mejiro Ramonu (Wedding),Cesario (Wedding) + Mejiro Ramonu (Wedding),Cesario (Wedding) + Mejiro Ramonu (Wedding),Cesario (Wedding) + Mejiro Ramonu (Wedding),Cesario (Wedding) + Mejiro Ramonu (Wedding),Cesario (Wedding) + Mejiro Ramonu (Wedding),Cesario (Wedding) + Mejiro Ramonu (Wedding),Cesario (Wedding) + Mejiro Ramonu (Wedding),Cesario (Wedding) + Mejiro Ramonu (Wedding),Cesario (Wedding) + Mejiro Ramonu (Wedding),Cesario (Wedding) + Mejiro Ramonu (Wedding),Cesario (Wedding) + Mejiro Ramonu (Wedding),2023-01-20,2023-01-30,2026-11-01,2026-11-11,,128 Days,,,,,,,,,,,,,,80,Uma Story Ch 1-4,,,,,,,,,Banner Type,1,2026-11-01 22:00:00,2026-11-11 21:59:59,Daitaku Helios,K.S.Miracle,,Daitaku Helios,K.S.Miracle,,,,,,,,,,
,Chrono Genesis,Chrono Genesis,Chrono Genesis,Chrono Genesis,Chrono Genesis,Chrono Genesis,Chrono Genesis,Chrono Genesis,Chrono Genesis,Chrono Genesis,Chrono Genesis,Chrono Genesis,Chrono Genesis,Chrono Genesis,Chrono Genesis,Chrono Genesis,Chrono Genesis,Chrono Genesis,Chrono Genesis,Chrono Genesis,Chrono Genesis,Chrono Genesis,Chrono Genesis,Chrono Genesis,Chrono Genesis,,,,,,,,,,,,,,,,,,,,1000,3rd Racing Carnival,,,,,,,,,JP,,JP Datedif,695,,,,,,,27,27,28,32,2026-11-01 22:00:00,,,,
,Gold City (Deserted Island),Gold City (Deserted Island),Gold City (Deserted Island),Gold City (Deserted Island),Gold City (Deserted Island),Gold City (Deserted Island),Gold City (Deserted Island),Gold City (Deserted Island),Gold City (Deserted Island),Gold City (Deserted Island),Gold City (Deserted Island),Gold City (Deserted Island),Gold City (Deserted Island),Gold City (Deserted Island),Gold City (Deserted Island),Gold City (Deserted Island),Gold City (Deserted Island),Gold City (Deserted Island),Gold City (Deserted Island),Gold City (Deserted Island),Gold City (Deserted Island),Gold City (Deserted Island),Gold City (Deserted Island),Gold City (Deserted Island),Gold City (Deserted Island),,,,,,,,,,,,,,,,,,,,,,,,,,,,,,Start Date,End Date,Global Datedif,493,,,,,,,,,,,,,,,
,Ines Fujin (Deserted Island),Ines Fujin (Deserted Island),Ines Fujin (Deserted Island),Ines Fujin (Deserted Island),Ines Fujin (Deserted Island),Ines Fujin (Deserted Island),Ines Fujin (Deserted Island),Ines Fujin (Deserted Island),Ines Fujin (Deserted Island),Ines Fujin (Deserted Island),Ines Fujin (Deserted Island),Ines Fujin (Deserted Island),Ines Fujin (Deserted Island),Ines Fujin (Deserted Island),Ines Fujin (Deserted Island),Ines Fujin (Deserted Island),Ines Fujin (Deserted Island),Ines Fujin (Deserted Island),Ines Fujin (Deserted Island),Ines Fujin (Deserted Island),Ines Fujin (Deserted Island),Ines Fujin (Deserted Island),Ines Fujin (Deserted Island),Ines Fujin (Deserted Island),Ines Fujin (Deserted Island),,,,,,,,,,,,,,,,,,,,,,,,,,,,,,2023-01-20,2023-01-30,D-Day,128,,,,,,,,,,,,,,,
,Fusaichi Pandora,Fusaichi Pandora,Fusaichi Pandora,Fusaichi Pandora,Fusaichi Pandora,Fusaichi Pandora,Fusaichi Pandora,Fusaichi Pandora,Fusaichi Pandora,Fusaichi Pandora,Fusaichi Pandora,Fusaichi Pandora,Fusaichi Pandora,Fusaichi Pandora,Fusaichi Pandora,Fusaichi Pandora,Fusaichi Pandora,Fusaichi Pandora,Fusaichi Pandora,Fusaichi Pandora,Fusaichi Pandora,Fusaichi Pandora,Fusaichi Pandora,Fusaichi Pandora,Fusaichi Pandora,,,,,,,,,,,,,,,,,,,,150,2026-11-11 21:59:59,k3,,,,,,,,Pull Tickets,,Finals Day,137,,,,,,,,,,,,,,,
,Cheval Grand (Summer) + Satono Crown (Summer),Cheval Grand (Summer) + Satono Crown (Summer),Cheval Grand (Summer) + Satono Crown (Summer),Cheval Grand (Summer) + Satono Crown (Summer),Cheval Grand (Summer) + Satono Crown (Summer),Cheval Grand (Summer) + Satono Crown (Summer),Cheval Grand (Summer) + Satono Crown (Summer),Cheval Grand (Summer) + Satono Crown (Summer),Cheval Grand (Summer) + Satono Crown (Summer),Cheval Grand (Summer) + Satono Crown (Summer),Cheval Grand (Summer) + Satono Crown (Summer),Cheval Grand (Summer) + Satono Crown (Summer),Cheval Grand (Summer) + Satono Crown (Summer),Cheval Grand (Summer) + Satono Crown (Summer),Cheval Grand (Summer) + Satono Crown (Summer),Cheval Grand (Summer) + Satono Crown (Summer),Cheval Grand (Summer) + Satono Crown (Summer),Cheval Grand (Summer) + Satono Crown (Summer),Cheval Grand (Summer) + Satono Crown (Summer),Cheval Grand (Summer) + Satono Crown (Summer),Cheval Grand (Summer) + Satono Crown (Summer),Cheval Grand (Summer) + Satono Crown (Summer),Cheval Grand (Summer) + Satono Crown (Summer),Cheval Grand (Summer) + Satono Crown (Summer),Cheval Grand (Summer) + Satono Crown (Summer),,,,,,,,,,,,,,,,,,,,150,Last Day,,,,,,,,,Uma,Support,Length,10,,,,,,,,,,,,,,,
,Vivlos (Summer),Vivlos (Summer),Vivlos (Summer),Vivlos (Summer),Vivlos (Summer),Vivlos (Summer),Vivlos (Summer),Vivlos (Summer),Vivlos (Summer),Vivlos (Summer),Vivlos (Summer),Vivlos (Summer),Vivlos (Summer),Vivlos (Summer),Vivlos (Summer),Vivlos (Summer),Vivlos (Summer),Vivlos (Summer),Vivlos (Summer),Vivlos (Summer),Vivlos (Summer),Vivlos (Summer),Vivlos (Summer),Vivlos (Summer),Vivlos (Summer),,,,,,,,,,,,,,,,,,,,150,G1 Celebration Missions (Kawasaki Kinen),,,,,,,,,3,3,Dropdown,FALSE,,,,,,,,,,,,,,,
,Still in Love,Still in Love,Still in Love,Still in Love,Still in Love,Still in Love,Still in Love,Still in Love,Still in Love,Still in Love,Still in Love,Still in Love,Still in Love,Still in Love,Still in Love,Still in Love,Still in Love,Still in Love,Still in Love,Still in Love,Still in Love,Still in Love,Still in Love,Still in Love,Still in Love,,,,,,Daitaku Helios,,K.S.Miracle,,Aston Machan,,,,,,,,,,,,,,,,,,,,Limit Break Crystals,,,,,,,,,,,,,,,,,,
,K.S.Miracle (Alt Version) + Hishi Miracle (Alt Version),K.S.Miracle (Alt Version) + Hishi Miracle (Alt Version),K.S.Miracle (Alt Version) + Hishi Miracle (Alt Version),K.S.Miracle (Alt Version) + Hishi Miracle (Alt Version),K.S.Miracle (Alt Version) + Hishi Miracle (Alt Version),K.S.Miracle (Alt Version) + Hishi Miracle (Alt Version),K.S.Miracle (Alt Version) + Hishi Miracle (Alt Version),K.S.Miracle (Alt Version) + Hishi Miracle (Alt Version),K.S.Miracle (Alt Version) + Hishi Miracle (Alt Version),K.S.Miracle (Alt Version) + Hishi Miracle (Alt Version),K.S.Miracle (Alt Version) + Hishi Miracle (Alt Version),K.S.Miracle (Alt Version) + Hishi Miracle (Alt Version),K.S.Miracle (Alt Version) + Hishi Miracle (Alt Version),K.S.Miracle (Alt Version) + Hishi Miracle (Alt Version),K.S.Miracle (Alt Version) + Hishi Miracle (Alt Version),K.S.Miracle (Alt Version) + Hishi Miracle (Alt Version),K.S.Miracle (Alt Version) + Hishi Miracle (Alt Version),K.S.Miracle (Alt Version) + Hishi Miracle (Alt Version),K.S.Miracle (Alt Version) + Hishi Miracle (Alt Version),K.S.Miracle (Alt Version) + Hishi Miracle (Alt Version),K.S.Miracle (Alt Version) + Hishi Miracle (Alt Version),K.S.Miracle (Alt Version) + Hishi Miracle (Alt Version),K.S.Miracle (Alt Version) + Hishi Miracle (Alt Version),K.S.Miracle (Alt Version) + Hishi Miracle (Alt Version),K.S.Miracle (Alt Version) + Hishi Miracle (Alt Version),,,,,,,,,,,,,,,,,,,,,,,,,,,,,,SSR,SR,,,,,,,,,,,,,,,,,
,Espoir City,Espoir City,Espoir City,Espoir City,Espoir City,Espoir City,Espoir City,Espoir City,Espoir City,Espoir City,Espoir City,Espoir City,Espoir City,Espoir City,Espoir City,Espoir City,Espoir City,Espoir City,Espoir City,Espoir City,Espoir City,Espoir City,Espoir City,Espoir City,Espoir City,,,,,,,,,,,,,,,,,,,,,,,,,,,,,,2,2,,,,,,,,,,,,,,,,,
,Believe,Believe,Believe,Believe,Believe,Believe,Believe,Believe,Believe,Believe,Believe,Believe,Believe,Believe,Believe,Believe,Believe,Believe,Believe,Believe,Believe,Believe,Believe,Believe,Believe,JP,,Global,,,,,,,,,,,,,,,,,0,2026-11-01 22:00:00,k1,0,2026-11-11 21:59:59,,,,,,Date Override,,Start Date,End Date,,,,,,,,,,,,,,,
,Hishi Akebono (Halloween) + Marvelous Sunday (Halloween),Hishi Akebono (Halloween) + Marvelous Sunday (Halloween),Hishi Akebono (Halloween) + Marvelous Sunday (Halloween),Hishi Akebono (Halloween) + Marvelous Sunday (Halloween),Hishi Akebono (Halloween) + Marvelous Sunday (Halloween),Hishi Akebono (Halloween) + Marvelous Sunday (Halloween),Hishi Akebono (Halloween) + Marvelous Sunday (Halloween),Hishi Akebono (Halloween) + Marvelous Sunday (Halloween),Hishi Akebono (Halloween) + Marvelous Sunday (Halloween),Hishi Akebono (Halloween) + Marvelous Sunday (Halloween),Hishi Akebono (Halloween) + Marvelous Sunday (Halloween),Hishi Akebono (Halloween) + Marvelous Sunday (Halloween),Hishi Akebono (Halloween) + Marvelous Sunday (Halloween),Hishi Akebono (Halloween) + Marvelous Sunday (Halloween),Hishi Akebono (Halloween) + Marvelous Sunday (Halloween),Hishi Akebono (Halloween) + Marvelous Sunday (Halloween),Hishi Akebono (Halloween) + Marvelous Sunday (Halloween),Hishi Akebono (Halloween) + Marvelous Sunday (Halloween),Hishi Akebono (Halloween) + Marvelous Sunday (Halloween),Hishi Akebono (Halloween) + Marvelous Sunday (Halloween),Hishi Akebono (Halloween) + Marvelous Sunday (Halloween),Hishi Akebono (Halloween) + Marvelous Sunday (Halloween),Hishi Akebono (Halloween) + Marvelous Sunday (Halloween),Hishi Akebono (Halloween) + Marvelous Sunday (Halloween),Hishi Akebono (Halloween) + Marvelous Sunday (Halloween),Start Date,End Date,Start Date,End Date,,Releases In,,,,,,,,,,,,,,0,First Day,Hours,0,Throughout,,,,,,,,2026-11-01,2026-11-11,,,,,,,,,,,,,,,
,Tosen Jordan (Halloween),Tosen Jordan (Halloween),Tosen Jordan (Halloween),Tosen Jordan (Halloween),Tosen Jordan (Halloween),Tosen Jordan (Halloween),Tosen Jordan (Halloween),Tosen Jordan (Halloween),Tosen Jordan (Halloween),Tosen Jordan (Halloween),Tosen Jordan (Halloween),Tosen Jordan (Halloween),Tosen Jordan (Halloween),Tosen Jordan (Halloween),Tosen Jordan (Halloween),Tosen Jordan (Halloween),Tosen Jordan (Halloween),Tosen Jordan (Halloween),Tosen Jordan (Halloween),Tosen Jordan (Halloween),Tosen Jordan (Halloween),Tosen Jordan (Halloween),Tosen Jordan (Halloween),Tosen Jordan (Halloween),Tosen Jordan (Halloween),2023-01-20,2023-01-30,2026-11-01,2026-11-11,,128 Days,,,,,,,,,,,,,,,,,,,,,,,,Banner Type,1,2026-11-01 22:00:00,2026-11-11 21:59:59,Rice Shower (Halloween) + Haru Urara (New Year),Taiki Shuttle + Matikanefukukitaru,,Rice Shower (Halloween) + Haru Urara (New Year),Taiki Shuttle + Matikanefukukitaru,,,,,,,,,,
,Dantsu Flame,Dantsu Flame,Dantsu Flame,Dantsu Flame,Dantsu Flame,Dantsu Flame,Dantsu Flame,Dantsu Flame,Dantsu Flame,Dantsu Flame,Dantsu Flame,Dantsu Flame,Dantsu Flame,Dantsu Flame,Dantsu Flame,Dantsu Flame,Dantsu Flame,Dantsu Flame,Dantsu Flame,Dantsu Flame,Dantsu Flame,Dantsu Flame,Dantsu Flame,Dantsu Flame,Dantsu Flame,,,,,,,,,,,,,,,,,,,,,,,,,,,,,,JP,,JP Datedif,695,,,,,,,27,27,28,32,2026-11-01 22:00:00,,,,
,Jungle Pocket (Rerun),Jungle Pocket (Rerun),Jungle Pocket (Rerun),Jungle Pocket (Rerun),Jungle Pocket (Rerun),Jungle Pocket (Rerun),Jungle Pocket (Rerun),Jungle Pocket (Rerun),Jungle Pocket (Rerun),Jungle Pocket (Rerun),Jungle Pocket (Rerun),Jungle Pocket (Rerun),Jungle Pocket (Rerun),Jungle Pocket (Rerun),Jungle Pocket (Rerun),Jungle Pocket (Rerun),Jungle Pocket (Rerun),Jungle Pocket (Rerun),Jungle Pocket (Rerun),Jungle Pocket (Rerun),Jungle Pocket (Rerun),Jungle Pocket (Rerun),Jungle Pocket (Rerun),Jungle Pocket (Rerun),Jungle Pocket (Rerun),,,,,,,,,,,,,,,,,,,,,,,,,,,,,,Start Date,End Date,Global Datedif,493,,,,,,,,,,,,,,,
,Transcend (Onsen),Transcend (Onsen),Transcend (Onsen),Transcend (Onsen),Transcend (Onsen),Transcend (Onsen),Transcend (Onsen),Transcend (Onsen),Transcend (Onsen),Transcend (Onsen),Transcend (Onsen),Transcend (Onsen),Transcend (Onsen),Transcend (Onsen),Transcend (Onsen),Transcend (Onsen),Transcend (Onsen),Transcend (Onsen),Transcend (Onsen),Transcend (Onsen),Transcend (Onsen),Transcend (Onsen),Transcend (Onsen),Transcend (Onsen),Transcend (Onsen),,,,,,,,,,,,,,,,,,,,,,,,,,,,,,2023-01-20,2023-01-30,D-Day,128,,,,,,,,,,,,,,,
,Wonder Acute (Onsen),Wonder Acute (Onsen),Wonder Acute (Onsen),Wonder Acute (Onsen),Wonder Acute (Onsen),Wonder Acute (Onsen),Wonder Acute (Onsen),Wonder Acute (Onsen),Wonder Acute (Onsen),Wonder Acute (Onsen),Wonder Acute (Onsen),Wonder Acute (Onsen),Wonder Acute (Onsen),Wonder Acute (Onsen),Wonder Acute (Onsen),Wonder Acute (Onsen),Wonder Acute (Onsen),Wonder Acute (Onsen),Wonder Acute (Onsen),Wonder Acute (Onsen),Wonder Acute (Onsen),Wonder Acute (Onsen),Wonder Acute (Onsen),Wonder Acute (Onsen),Wonder Acute (Onsen),,,,,,,,,,,,,,,,,,,,0,2026-11-11 21:59:59,k3,,,,,,,,Pull Tickets,,Finals Day,137,,,,,,,,,,,,,,,
,Buena Vista,Buena Vista,Buena Vista,Buena Vista,Buena Vista,Buena Vista,Buena Vista,Buena Vista,Buena Vista,Buena Vista,Buena Vista,Buena Vista,Buena Vista,Buena Vista,Buena Vista,Buena Vista,Buena Vista,Buena Vista,Buena Vista,Buena Vista,Buena Vista,Buena Vista,Buena Vista,Buena Vista,Buena Vista,,,,,,,,,,,,,,,,,,,,0,Last Day,,,,,,,,,Uma,Support,Length,10,,,,,,,,,,,,,,,
,Nakayama Festa (Christmas) + Dream Journey (Christmas),Nakayama Festa (Christmas) + Dream Journey (Christmas),Nakayama Festa (Christmas) + Dream Journey (Christmas),Nakayama Festa (Christmas) + Dream Journey (Christmas),Nakayama Festa (Christmas) + Dream Journey (Christmas),Nakayama Festa (Christmas) + Dream Journey (Christmas),Nakayama Festa (Christmas) + Dream Journey (Christmas),Nakayama Festa (Christmas) + Dream Journey (Christmas),Nakayama Festa (Christmas) + Dream Journey (Christmas),Nakayama Festa (Christmas) + Dream Journey (Christmas),Nakayama Festa (Christmas) + Dream Journey (Christmas),Nakayama Festa (Christmas) + Dream Journey (Christmas),Nakayama Festa (Christmas) + Dream Journey (Christmas),Nakayama Festa (Christmas) + Dream Journey (Christmas),Nakayama Festa (Christmas) + Dream Journey (Christmas),Nakayama Festa (Christmas) + Dream Journey (Christmas),Nakayama Festa (Christmas) + Dream Journey (Christmas),Nakayama Festa (Christmas) + Dream Journey (Christmas),Nakayama Festa (Christmas) + Dream Journey (Christmas),Nakayama Festa (Christmas) + Dream Journey (Christmas),Nakayama Festa (Christmas) + Dream Journey (Christmas),Nakayama Festa (Christmas) + Dream Journey (Christmas),Nakayama Festa (Christmas) + Dream Journey (Christmas),Nakayama Festa (Christmas) + Dream Journey (Christmas),Nakayama Festa (Christmas) + Dream Journey (Christmas),,,,,,,,,,,,,,,,,,,,,,,,,,,,,,0,0,Dropdown,FALSE,,,,,,,,,,,,,,,
,Oguri Cap (Anime Collab),Oguri Cap (Anime Collab),Oguri Cap (Anime Collab),Oguri Cap (Anime Collab),Oguri Cap (Anime Collab),Oguri Cap (Anime Collab),Oguri Cap (Anime Collab),Oguri Cap (Anime Collab),Oguri Cap (Anime Collab),Oguri Cap (Anime Collab),Oguri Cap (Anime Collab),Oguri Cap (Anime Collab),Oguri Cap (Anime Collab),Oguri Cap (Anime Collab),Oguri Cap (Anime Collab),Oguri Cap (Anime Collab),Oguri Cap (Anime Collab),Oguri Cap (Anime Collab),Oguri Cap (Anime Collab),Oguri Cap (Anime Collab),Oguri Cap (Anime Collab),Oguri Cap (Anime Collab),Oguri Cap (Anime Collab),Oguri Cap (Anime Collab),Oguri Cap (Anime Collab),,,,,,Rice Shower,Haru Urara,Taiki Shuttle,Matikanefukukitaru,,,,,,,,,,,,,,,,,,,,,Limit Break Crystals,,,,,,,,,,,,,,,,,,
,Stay Gold,Stay Gold,Stay Gold,Stay Gold,Stay Gold,Stay Gold,Stay Gold,Stay Gold,Stay Gold,Stay Gold,Stay Gold,Stay Gold,Stay Gold,Stay Gold,Stay Gold,Stay Gold,Stay Gold,Stay Gold,Stay Gold,Stay Gold,Stay Gold,Stay Gold,Stay Gold,Stay Gold,Stay Gold,,,,,,(Halloween),(New Year),,,,,,,,,,,,,,,,,,,,,,,SSR,SR,,,,,,,,,,,,,,,,,
,Ikuno Dictus (New Year) + Sakura Laurel (New Year),Ikuno Dictus (New Year) + Sakura Laurel (New Year),Ikuno Dictus (New Year) + Sakura Laurel (New Year),Ikuno Dictus (New Year) + Sakura Laurel (New Year),Ikuno Dictus (New Year) + Sakura Laurel (New Year),Ikuno Dictus (New Year) + Sakura Laurel (New Year),Ikuno Dictus (New Year) + Sakura Laurel (New Year),Ikuno Dictus (New Year) + Sakura Laurel (New Year),Ikuno Dictus (New Year) + Sakura Laurel (New Year),Ikuno Dictus (New Year) + Sakura Laurel (New Year),Ikuno Dictus (New Year) + Sakura Laurel (New Year),Ikuno Dictus (New Year) + Sakura Laurel (New Year),Ikuno Dictus (New Year) + Sakura Laurel (New Year),Ikuno Dictus (New Year) + Sakura Laurel (New Year),Ikuno Dictus (New Year) + Sakura Laurel (New Year),Ikuno Dictus (New Year) + Sakura Laurel (New Year),Ikuno Dictus (New Year) + Sakura Laurel (New Year),Ikuno Dictus (New Year) + Sakura Laurel (New Year),Ikuno Dictus (New Year) + Sakura Laurel (New Year),Ikuno Dictus (New Year) + Sakura Laurel (New Year),Ikuno Dictus (New Year) + Sakura Laurel (New Year),Ikuno Dictus (New Year) + Sakura Laurel (New Year),Ikuno Dictus (New Year) + Sakura Laurel (New Year),Ikuno Dictus (New Year) + Sakura Laurel (New Year),Ikuno Dictus (New Year) + Sakura Laurel (New Year),,,,,,,,,,,,,,,,,,,,,,,,,,,,,,,,,,,,,,,,,,,,,,,,
,Gentildonna (Rerun),Gentildonna (Rerun),Gentildonna (Rerun),Gentildonna (Rerun),Gentildonna (Rerun),Gentildonna (Rerun),Gentildonna (Rerun),Gentildonna (Rerun),Gentildonna (Rerun),Gentildonna (Rerun),Gentildonna (Rerun),Gentildonna (Rerun),Gentildonna (Rerun),Gentildonna (Rerun),Gentildonna (Rerun),Gentildonna (Rerun),Gentildonna (Rerun),Gentildonna (Rerun),Gentildonna (Rerun),Gentildonna (Rerun),Gentildonna (Rerun),Gentildonna (Rerun),Gentildonna (Rerun),Gentildonna (Rerun),Gentildonna (Rerun),JP,,Global,,,,,,,,,,,,,,,,,0,2026-11-08 22:00:00,k1,2160,2026-11-22 21:59:59,,,,,,Date Override,,Start Date,End Date,,,,,,,,,,,,,,,
,Orfevre (Rerun),Orfevre (Rerun),Orfevre (Rerun),Orfevre (Rerun),Orfevre (Rerun),Orfevre (Rerun),Orfevre (Rerun),Orfevre (Rerun),Orfevre (Rerun),Orfevre (Rerun),Orfevre (Rerun),Orfevre (Rerun),Orfevre (Rerun),Orfevre (Rerun),Orfevre (Rerun),Orfevre (Rerun),Orfevre (Rerun),Orfevre (Rerun),Orfevre (Rerun),Orfevre (Rerun),Orfevre (Rerun),Orfevre (Rerun),Orfevre (Rerun),Orfevre (Rerun),Orfevre (Rerun),Start Date,End Date,Start Date,End Date,,Releases In,,,,,,,,,,,,,,0,First Day,Hours,2160,Throughout,,,,,,,,2026-11-08,2026-11-22,,,,,,,,,,,,,,,
,Bubble Gum Fellow (New Year),Bubble Gum Fellow (New Year),Bubble Gum Fellow (New Year),Bubble Gum Fellow (New Year),Bubble Gum Fellow (New Year),Bubble Gum Fellow (New Year),Bubble Gum Fellow (New Year),Bubble Gum Fellow (New Year),Bubble Gum Fellow (New Year),Bubble Gum Fellow (New Year),Bubble Gum Fellow (New Year),Bubble Gum Fellow (New Year),Bubble Gum Fellow (New Year),Bubble Gum Fellow (New Year),Bubble Gum Fellow (New Year),Bubble Gum Fellow (New Year),Bubble Gum Fellow (New Year),Bubble Gum Fellow (New Year),Bubble Gum Fellow (New Year),Bubble Gum Fellow (New Year),Bubble Gum Fellow (New Year),Bubble Gum Fellow (New Year),Bubble Gum Fellow (New Year),Bubble Gum Fellow (New Year),Bubble Gum Fellow (New Year),2023-01-30,2023-02-13,2026-11-08,2026-11-22,,135 Days,,,,,,,,,,,,,,,,,2160,"Event Rewards (Story, Bingo, Event Pt)",,,,,,Banner Type,1,2026-11-08 22:00:00,2026-11-22 21:59:59,Ines Fujin (Valentine) + Mejiro Ryan (Valentine),Marvelous Sunday + Biko Pegasus,,Ines Fujin (Valentine) + Mejiro Ryan (Valentine),Marvelous Sunday + Biko Pegasus,,,,,,,,,,
,Kiseki,Kiseki,Kiseki,Kiseki,Kiseki,Kiseki,Kiseki,Kiseki,Kiseki,Kiseki,Kiseki,Kiseki,Kiseki,Kiseki,Kiseki,Kiseki,Kiseki,Kiseki,Kiseki,Kiseki,Kiseki,Kiseki,Kiseki,Kiseki,Kiseki,,,,,,,,,,,,,,,,,,,,,,,,,,,,,,JP,,JP Datedif,705,,,,,,,29,29,31,35,2026-11-08 22:00:00,,,,
,Taiki Shuttle (Valentine) + Sounds of Earth (Valentine),Taiki Shuttle (Valentine) + Sounds of Earth (Valentine),Taiki Shuttle (Valentine) + Sounds of Earth (Valentine),Taiki Shuttle (Valentine) + Sounds of Earth (Valentine),Taiki Shuttle (Valentine) + Sounds of Earth (Valentine),Taiki Shuttle (Valentine) + Sounds of Earth (Valentine),Taiki Shuttle (Valentine) + Sounds of Earth (Valentine),Taiki Shuttle (Valentine) + Sounds of Earth (Valentine),Taiki Shuttle (Valentine) + Sounds of Earth (Valentine),Taiki Shuttle (Valentine) + Sounds of Earth (Valentine),Taiki Shuttle (Valentine) + Sounds of Earth (Valentine),Taiki Shuttle (Valentine) + Sounds of Earth (Valentine),Taiki Shuttle (Valentine) + Sounds of Earth (Valentine),Taiki Shuttle (Valentine) + Sounds of Earth (Valentine),Taiki Shuttle (Valentine) + Sounds of Earth (Valentine),Taiki Shuttle (Valentine) + Sounds of Earth (Valentine),Taiki Shuttle (Valentine) + Sounds of Earth (Valentine),Taiki Shuttle (Valentine) + Sounds of Earth (Valentine),Taiki Shuttle (Valentine) + Sounds of Earth (Valentine),Taiki Shuttle (Valentine) + Sounds of Earth (Valentine),Taiki Shuttle (Valentine) + Sounds of Earth (Valentine),Taiki Shuttle (Valentine) + Sounds of Earth (Valentine),Taiki Shuttle (Valentine) + Sounds of Earth (Valentine),Taiki Shuttle (Valentine) + Sounds of Earth (Valentine),Taiki Shuttle (Valentine) + Sounds of Earth (Valentine),,,,,,,,,,,,,,,,,,,,,,,,,,,,,,Start Date,End Date,Global Datedif,500,,,,,,,,,,,,,,,
,Royce and Royce,Royce and Royce,Royce and Royce,Royce and Royce,Royce and Royce,Royce and Royce,Royce and Royce,Royce and Royce,Royce and Royce,Royce and Royce,Royce and Royce,Royce and Royce,Royce and Royce,Royce and Royce,Royce and Royce,Royce and Royce,Royce and Royce,Royce and Royce,Royce and Royce,Royce and Royce,Royce and Royce,Royce and Royce,Royce and Royce,Royce and Royce,Royce and Royce,,,,,,,,,,,,,,,,,,,,,,,,,,,,,,2023-01-30,2023-02-13,D-Day,135,,,,,,,,,,,,,,,
,Almond Eye,Almond Eye,Almond Eye,Almond Eye,Almond Eye,Almond Eye,Almond Eye,Almond Eye,Almond Eye,Almond Eye,Almond Eye,Almond Eye,Almond Eye,Almond Eye,Almond Eye,Almond Eye,Almond Eye,Almond Eye,Almond Eye,Almond Eye,Almond Eye,Almond Eye,Almond Eye,Almond Eye,Almond Eye,,,,,,,,,,,,,,,,,,,,0,2026-11-22 21:59:59,k3,,,,,,,,Pull Tickets,,Finals Day,148,,,,,,,,,,,,,,,
,Loves Only You (Beyond Dreams),Loves Only You (Beyond Dreams),Loves Only You (Beyond Dreams),Loves Only You (Beyond Dreams),Loves Only You (Beyond Dreams),Loves Only You (Beyond Dreams),Loves Only You (Beyond Dreams),Loves Only You (Beyond Dreams),Loves Only You (Beyond Dreams),Loves Only You (Beyond Dreams),Loves Only You (Beyond Dreams),Loves Only You (Beyond Dreams),Loves Only You (Beyond Dreams),Loves Only You (Beyond Dreams),Loves Only You (Beyond Dreams),Loves Only You (Beyond Dreams),Loves Only You (Beyond Dreams),Loves Only You (Beyond Dreams),Loves Only You (Beyond Dreams),Loves Only You (Beyond Dreams),Loves Only You (Beyond Dreams),Loves Only You (Beyond Dreams),Loves Only You (Beyond Dreams),Loves Only You (Beyond Dreams),Loves Only You (Beyond Dreams),,,,,,,,,,,,,,,,,,,,0,Last Day,,,,,,,,,Uma,Support,Length,14,,,,,,,,,,,,,,,
,Victoire Pisa,Victoire Pisa,Victoire Pisa,Victoire Pisa,Victoire Pisa,Victoire Pisa,Victoire Pisa,Victoire Pisa,Victoire Pisa,Victoire Pisa,Victoire Pisa,Victoire Pisa,Victoire Pisa,Victoire Pisa,Victoire Pisa,Victoire Pisa,Victoire Pisa,Victoire Pisa,Victoire Pisa,Victoire Pisa,Victoire Pisa,Victoire Pisa,Victoire Pisa,Victoire Pisa,Victoire Pisa,,,,,,,,,,,,,,,,,,,,,,,,,,,,,,2,2,Dropdown,FALSE,,,,,,,,,,,,,,,
,Sakura Bakushin O (Ballroom) + North Flight (Ballroom),Sakura Bakushin O (Ballroom) + North Flight (Ballroom),Sakura Bakushin O (Ballroom) + North Flight (Ballroom),Sakura Bakushin O (Ballroom) + North Flight (Ballroom),Sakura Bakushin O (Ballroom) + North Flight (Ballroom),Sakura Bakushin O (Ballroom) + North Flight (Ballroom),Sakura Bakushin O (Ballroom) + North Flight (Ballroom),Sakura Bakushin O (Ballroom) + North Flight (Ballroom),Sakura Bakushin O (Ballroom) + North Flight (Ballroom),Sakura Bakushin O (Ballroom) + North Flight (Ballroom),Sakura Bakushin O (Ballroom) + North Flight (Ballroom),Sakura Bakushin O (Ballroom) + North Flight (Ballroom),Sakura Bakushin O (Ballroom) + North Flight (Ballroom),Sakura Bakushin O (Ballroom) + North Flight (Ballroom),Sakura Bakushin O (Ballroom) + North Flight (Ballroom),Sakura Bakushin O (Ballroom) + North Flight (Ballroom),Sakura Bakushin O (Ballroom) + North Flight (Ballroom),Sakura Bakushin O (Ballroom) + North Flight (Ballroom),Sakura Bakushin O (Ballroom) + North Flight (Ballroom),Sakura Bakushin O (Ballroom) + North Flight (Ballroom),Sakura Bakushin O (Ballroom) + North Flight (Ballroom),Sakura Bakushin O (Ballroom) + North Flight (Ballroom),Sakura Bakushin O (Ballroom) + North Flight (Ballroom),Sakura Bakushin O (Ballroom) + North Flight (Ballroom),Sakura Bakushin O (Ballroom) + North Flight (Ballroom),,,,,,Ines Fujin,Mejiro Ryan,Marvelous Sunday,Biko Pegasus,,,,,,Hishi Akebono,,,,,,,,,,,,,,,Limit Break Crystals,,,,,,,,,,,,,,,,,,
,Lucky Lilac,Lucky Lilac,Lucky Lilac,Lucky Lilac,Lucky Lilac,Lucky Lilac,Lucky Lilac,Lucky Lilac,Lucky Lilac,Lucky Lilac,Lucky Lilac,Lucky Lilac,Lucky Lilac,Lucky Lilac,Lucky Lilac,Lucky Lilac,Lucky Lilac,Lucky Lilac,Lucky Lilac,Lucky Lilac,Lucky Lilac,Lucky Lilac,Lucky Lilac,Lucky Lilac,Lucky Lilac,,,,,,(Valentine),(Valentine),,,,,,,,,,,,,,,,,,,,,,,SSR,SR,,,,,,,,,,,,,,,,,
,Admire Groove,Admire Groove,Admire Groove,Admire Groove,Admire Groove,Admire Groove,Admire Groove,Admire Groove,Admire Groove,Admire Groove,Admire Groove,Admire Groove,Admire Groove,Admire Groove,Admire Groove,Admire Groove,Admire Groove,Admire Groove,Admire Groove,Admire Groove,Admire Groove,Admire Groove,Admire Groove,Admire Groove,Admire Groove,,,,,,,,,,,,,,,,,,,,,,,,,,,,,,3,3,,,,,,,,,,,,,,,,,
,Fuji Kiseki (Cheerleader) + Jungle Pocket (Cheerleader),Fuji Kiseki (Cheerleader) + Jungle Pocket (Cheerleader),Fuji Kiseki (Cheerleader) + Jungle Pocket (Cheerleader),Fuji Kiseki (Cheerleader) + Jungle Pocket (Cheerleader),Fuji Kiseki (Cheerleader) + Jungle Pocket (Cheerleader),Fuji Kiseki (Cheerleader) + Jungle Pocket (Cheerleader),Fuji Kiseki (Cheerleader) + Jungle Pocket (Cheerleader),Fuji Kiseki (Cheerleader) + Jungle Pocket (Cheerleader),Fuji Kiseki (Cheerleader) + Jungle Pocket (Cheerleader),Fuji Kiseki (Cheerleader) + Jungle Pocket (Cheerleader),Fuji Kiseki (Cheerleader) + Jungle Pocket (Cheerleader),Fuji Kiseki (Cheerleader) + Jungle Pocket (Cheerleader),Fuji Kiseki (Cheerleader) + Jungle Pocket (Cheerleader),Fuji Kiseki (Cheerleader) + Jungle Pocket (Cheerleader),Fuji Kiseki (Cheerleader) + Jungle Pocket (Cheerleader),Fuji Kiseki (Cheerleader) + Jungle Pocket (Cheerleader),Fuji Kiseki (Cheerleader) + Jungle Pocket (Cheerleader),Fuji Kiseki (Cheerleader) + Jungle Pocket (Cheerleader),Fuji Kiseki (Cheerleader) + Jungle Pocket (Cheerleader),Fuji Kiseki (Cheerleader) + Jungle Pocket (Cheerleader),Fuji Kiseki (Cheerleader) + Jungle Pocket (Cheerleader),Fuji Kiseki (Cheerleader) + Jungle Pocket (Cheerleader),Fuji Kiseki (Cheerleader) + Jungle Pocket (Cheerleader),Fuji Kiseki (Cheerleader) + Jungle Pocket (Cheerleader),Fuji Kiseki (Cheerleader) + Jungle Pocket (Cheerleader),JP,,Global,,,,Free Pulls,,,,,,,,,,,,,80,2026-11-18 22:00:00,k1,1500,2026-11-29 21:59:59,,,,,,Date Override,,Start Date,End Date,,,,,,,,,,,,,,,
,Fenomeno + Nakayama Festa + (Christmas) + Stay Gold + Dream Journey + (Christmas) + Orfevre + Gold Ship (Summer) + (Project L'Arc),Fenomeno + Nakayama Festa + (Christmas) + Stay Gold + Dream Journey + (Christmas) + Orfevre + Gold Ship (Summer) + (Project L'Arc),Fenomeno + Nakayama Festa + (Christmas) + Stay Gold + Dream Journey + (Christmas) + Orfevre + Gold Ship (Summer) + (Project L'Arc),Fenomeno + Nakayama Festa + (Christmas) + Stay Gold + Dream Journey + (Christmas) + Orfevre + Gold Ship (Summer) + (Project L'Arc),Fenomeno + Nakayama Festa + (Christmas) + Stay Gold + Dream Journey + (Christmas) + Orfevre + Gold Ship (Summer) + (Project L'Arc),Fenomeno + Nakayama Festa + (Christmas) + Stay Gold + Dream Journey + (Christmas) + Orfevre + Gold Ship (Summer) + (Project L'Arc),Fenomeno + Nakayama Festa + (Christmas) + Stay Gold + Dream Journey + (Christmas) + Orfevre + Gold Ship (Summer) + (Project L'Arc),Fenomeno + Nakayama Festa + (Christmas) + Stay Gold + Dream Journey + (Christmas) + Orfevre + Gold Ship (Summer) + (Project L'Arc),Fenomeno + Nakayama Festa + (Christmas) + Stay Gold + Dream Journey + (Christmas) + Orfevre + Gold Ship (Summer) + (Project L'Arc),Fenomeno + Nakayama Festa + (Christmas) + Stay Gold + Dream Journey + (Christmas) + Orfevre + Gold Ship (Summer) + (Project L'Arc),Fenomeno + Nakayama Festa + (Christmas) + Stay Gold + Dream Journey + (Christmas) + Orfevre + Gold Ship (Summer) + (Project L'Arc),Fenomeno + Nakayama Festa + (Christmas) + Stay Gold + Dream Journey + (Christmas) + Orfevre + Gold Ship (Summer) + (Project L'Arc),Fenomeno + Nakayama Festa + (Christmas) + Stay Gold + Dream Journey + (Christmas) + Orfevre + Gold Ship (Summer) + (Project L'Arc),Fenomeno + Nakayama Festa + (Christmas) + Stay Gold + Dream Journey + (Christmas) + Orfevre + Gold Ship (Summer) + (Project L'Arc),Fenomeno + Nakayama Festa + (Christmas) + Stay Gold + Dream Journey + (Christmas) + Orfevre + Gold Ship (Summer) + (Project L'Arc),Fenomeno + Nakayama Festa + (Christmas) + Stay Gold + Dream Journey + (Christmas) + Orfevre + Gold Ship (Summer) + (Project L'Arc),Fenomeno + Nakayama Festa + (Christmas) + Stay Gold + Dream Journey + (Christmas) + Orfevre + Gold Ship (Summer) + (Project L'Arc),Fenomeno + Nakayama Festa + (Christmas) + Stay Gold + Dream Journey + (Christmas) + Orfevre + Gold Ship (Summer) + (Project L'Arc),Fenomeno + Nakayama Festa + (Christmas) + Stay Gold + Dream Journey + (Christmas) + Orfevre + Gold Ship (Summer) + (Project L'Arc),Fenomeno + Nakayama Festa + (Christmas) + Stay Gold + Dream Journey + (Christmas) + Orfevre + Gold Ship (Summer) + (Project L'Arc),Fenomeno + Nakayama Festa + (Christmas) + Stay Gold + Dream Journey + (Christmas) + Orfevre + Gold Ship (Summer) + (Project L'Arc),Fenomeno + Nakayama Festa + (Christmas) + Stay Gold + Dream Journey + (Christmas) + Orfevre + Gold Ship (Summer) + (Project L'Arc),Fenomeno + Nakayama Festa + (Christmas) + Stay Gold + Dream Journey + (Christmas) + Orfevre + Gold Ship (Summer) + (Project L'Arc),Fenomeno + Nakayama Festa + (Christmas) + Stay Gold + Dream Journey + (Christmas) + Orfevre + Gold Ship (Summer) + (Project L'Arc),Fenomeno + Nakayama Festa + (Christmas) + Stay Gold + Dream Journey + (Christmas) + Orfevre + Gold Ship (Summer) + (Project L'Arc),Start Date,End Date,Start Date,End Date,,Releases In,Uma,Support,,,,,,,,,,,,80,First Day,Hours,1500,Throughout,,,,,,,,2026-11-18,2026-11-29,,,,,,,,,,,,,,,
,,,,,,,,,,,,,,,,,,,,,,,,,,2023-02-13,2023-02-24,2026-11-18,2026-11-29,,145 Days,5,6,,,,,,,,,,,,80,Uma Story Ch 1-4,,1500,Countdown to the 2nd Anniversary Login Bonus,,,,,,Banner Type,1,2026-11-18 22:00:00,2026-11-29 21:59:59,Shinko Windy,Maruzensky + Nishino Flower,,Shinko Windy,Maruzensky + Nishino Flower,,,,,,,,,,
,,,,,,,,,,,,,,,,,,,,,,,,,,,,,,,,,,,,,,,,,,,,,,,,,,,,,,,JP,,JP Datedif,719,,,,,,,32,32,31,35,2026-11-18 22:00:00,,,,
,,,,,,,,,,,,,,,,,,,,,,,,,,,,,,,,,,,,,,,,,,,,,,,,,,,,,,,Start Date,End Date,Global Datedif,510,,,,,,,,,,,,,,,
,,,,,,,,,,,,,,,,,,,,,,,,,,,,,,,,,,,,,,,,,,,,,,,,,,,,,,,2023-02-13,2023-02-24,D-Day,145,,,,,,,,,,,,,,,
,,,,,,,,,,,,,,,,,,,,,,,,,,,,,,,,,,,,,,,,,,,,,650,2026-11-29 21:59:59,k3,,,,,,,,Pull Tickets,,Finals Day,155,,,,,,,,,,,,,,,
,,,,,,,,,,,,,,,,,,,,,,,,,,,,,,,,,,,,,,,,,,,,,650,Last Day,,,,,,,,,Uma,Support,Length,11,,,,,,,,,,,,,,,
,,,,,,,,,,,,,,,,,,,,,,,,,,,,,,,,,,,,,,,,,,,,,500,2nd Anniversary Celebration Missions Part 1,,,,,,,,,3,3,Dropdown,FALSE,,,,,,,,,,,,,,,
,,,,,,,,,,,,,,,,,,,,,,,,,,,,,,,Shinko Windy,,Maruzensky,Nishino Flower,,,,,,,,,,,,,,,,,,,,,Limit Break Crystals,,,,,,,,,,,,,,,,,,
,,,,,,,,,,,,,,,,,,,,,,,,,,,,,,,5x Free Pulls,,6x Free Pulls,,,,,,,,,,,,150,G1 Celebration Missions (February Stakes),,,,,,,,,SSR,SR,,,,,,,,,,,,,,,,,
,,,,,,,,,,,,,,,,,,,,,,,,,,,,,,,,,,,,,,,,,,,,,,,,,,,,,,,,,,,,,,,,,,,,,,,,,
,,,,,,,,,,,,,,,,,,,,,,,,,,,,,,,,,,,,,,,,,,,,,,,,,,,,,,,Date Override,,Start Date,End Date,,,,,,,,,,,,,,,
,,,,,,,,,,,,,,,,,,,,,,,,,,,,,,,,,,,,,,,,,,,,,,,,,,,,,,,,,2026-11-20,2026-11-26,,,,,,,,,,,,,,,
,,,,,,,,,,,,,,,,,,,,,,,,,,,,,,,,,,,,,,,,,,,,,,,,,,,,,,,Banner Type,-1,2026-11-20 22:00:00,2026-11-26 21:59:59,,,,,,,,,,,,,,,
,,,,,,,,,,,,,,,,,,,,,,,,,,,,,,,,,,,,,,,,,,,,,,,,,,,,,,,JP,,JP Datedif,723,,,,,,,32,32,31,35,2026-11-20 22:00:00,8,2026-11-25 21:59:59,,
,,,,,,,,,,,,,,,,,,,,,,,,,,,,,,,,,,,,,,,,,,,,,,,,,,,,,,,Start Date,End Date,Global Datedif,512,,,,,,,,,,,,,,,
,,,,,,,,,,,,,,,,,,,,,,,,,,,,,,,,,,,,,,,,,,,,,,,,,,,,,,,2023-02-17,2023-02-23,D-Day,147,,,,,,,,,,,,,,,
,,,,,,,,,,,,,,,,,,,,,,,,,,,,,,,,,,,,,,,,,,,,,,,,,,,,,,,Pull Tickets,,Finals Day,152,,,,,,,,,,,,,,,
,,,,,,,,,,,,,,,,,,,,,,,,,,,,,,,,,,,,,,,,,,,,,,,,,,,,,,,Uma,Support,Length,6,,,,,,,,,,,,,,,
,,,,,,,,,,,,,,,,,,,,,,,,,,,,,,,,,,,,,,,,,,,,,,,,,,,,,,,,,Dropdown,FALSE,,,,,,,,,,,,,,,
,,,,,,,,,,,,,,,,,,,,,,,,,,,,,,,,,,,,,,,,,,,,,,,,,,,,,,,Limit Break Crystals,,,,,,,,,,,,,,,,,,
,,,,,,,,,,,,,,,,,,,,,,,,,,,,,,,,,,,,,,,,,,,,,,,,,,,,,,,SSR,SR,,,,,,,,,,,,,,,,,
,,,,,,,,,,,,,,,,,,,,,,,,,,,,,,,,,,,,Grand Masters,,,,,,,,,,,,,,,,,,,,,,,,,,,,,,,,,,,,,
,,,,,,,,,,,,,,,,,,,,,,,,,,JP,,Global,,,,Free Pulls,,,,,,,,,,,,,3240,2026-11-25 22:00:00,k1,7410,2026-12-19 21:59:59,,,,,,Date Override,,Start Date,End Date,,,,,,,,,,,,,,,
,,,,,,,,,,,,,,,,,,,,,,,,,,Start Date,End Date,Start Date,End Date,,Releases In,Uma,Support,,,2nd Anniversary: November 2026,,,,,,,,,3240,First Day,Hours,7410,Throughout,,,,,,,,2026-11-25,2026-12-19,,,,,,,,,,,,,,,
,,,,,,,,,,,,,,,,,,,,,,,,,,2023-02-24,2023-03-20,2026-11-25,2026-12-19,,152 Days,0,120,,,,,,,,,,,,3000,2nd Anniversary Login Gift,,3000,2nd Anniversary Login Bonus Part 1,,,,,,Banner Type,1,2026-11-25 22:00:00,2026-12-19 21:59:59,Mr. C.B. + Twin Turbo,Mejiro Ramonu,,Mr. C.B. + Twin Turbo,Mejiro Ramonu,,,,,,,,,,
,,,,,,,,,,,,,,,,,,,,,,,,,,,,,,,,,,,,,,,,,,,,,80,Uma Story Ch 1-4,,2160,"Event Rewards (Story, Bingo, Event Pt)",,,,,,JP,,JP Datedif,730,,,,,,,35,35,36,40,2026-11-25 22:00:00,,,,
,,,,,,,,,,,,,,,,,,,,,,,,,,,,,,,,,,,,,,,,,,,,,80,Uma Story Ch 1-4,,2250,2nd Anniversary Login Bonus Part 2,,,,,,Start Date,End Date,Global Datedif,517,,,,,,,,,,,,,,,
,,,,,,,,,,,,,,,,,,,,,,,,,,,,,,,,,,,,,,,,,,,,,80,Uma Story Ch 1-4,,,,,,,,,2023-02-24,2023-03-20,D-Day,152,,,,,,,,,,,,,,,
,,,,,,,,,,,,,,,,,,,,,,,,,,,,,,,,,,,,,,,,,,,,,0,2026-12-19 21:59:59,k3,,,,,,,,Pull Tickets,,Finals Day,175,,,,,,,,,,,,,,,
,,,,,,,,,,,,,,,,,,,,,,,,,,,,,,,,,,,,,,,,,,,,,0,Last Day,,,,,,,,,Uma,Support,Length,24,,,,,,,,,,,,,,,
,,,,,,,,,,,,,,,,,,,,,,,,,,,,,,,,,,,,,,,,,,,,,,,,,,,,,,,3,3,Dropdown,FALSE,,,,,,,,,,,,,,,
,,,,,,,,,,,,,,,,,,,,,,,,,,,,,,,Mr. C.B.,Twin Turbo,Mejiro Ramonu,,Agnes Tachyon,Symboli Rudolf,Mejiro Dober,Jungle Pocket,3* Uma Selector,SSR Selector,Katsuragi Ace,Symboli Kris S,,,,,,,,,,,,,Limit Break Crystals,,,,,,,,,,,,,,,,,,
,,,,,,,,,,,,,,,,,,,,,,,,,,,,,,,,✩,120x Free Pulls,,,,,,"1 Paid ($21),&($70)","1 Paid ($21),&($70)",,,,,,,,,,,,,,,SSR,SR,,,,,,,,,,,,,,,,,
,,,,,,,,,,,,,,,,,,,,,,,,,,,,,,,,,,,,,,,Up to NY Kitasan Black/Satono Diamond,Up to Special Week/Sweep Tosho,,,,,,,,,,,,,,,5,5,,,,,,,,,,,,,,,,,
,,,,,,,,,,,,,,,,,,,,,,,,,,JP,,Global,,,,Free Pulls,,,,,,,,,,,,,0,2026-12-05 22:00:00,k1,0,2026-12-15 21:59:59,,,,,,Date Override,,Start Date,End Date,,,,,,,,,,,,,,,
,,,,,,,,,,,,,,,,,,,,,,,,,,Start Date,End Date,Start Date,End Date,,Releases In,Uma,Support,,,,,,,,,,,,0,First Day,Hours,0,Throughout,,,,,,,,2026-12-05,2026-12-15,,,,,,,,,,,,,,,
,,,,,,,,,,,,,,,,,,,,,,,,,,2023-03-10,2023-03-20,2026-12-05,2026-12-15,,162 Days,11,0,,,,,,,,,,,,,,,,,,,,,,Banner Type,1,2026-12-05 22:00:00,2026-12-15 21:59:59,Daiichi Ruby,Oguri Cap + Sirius Symboli,,Daiichi Ruby,Oguri Cap + Sirius Symboli,,,,,,,,,,
,,,,,,,,,,,,,,,,,,,,,,,,,,,,,,,,,,,,,,,,,,,,,,,,,,,,,,,JP,,JP Datedif,744,,,,,,,37,37,36,41,2026-12-05 22:00:00,,,,
,,,,,,,,,,,,,,,,,,,,,,,,,,,,,,,,,,,,,,,,,,,,,,,,,,,,,,,Start Date,End Date,Global Datedif,527,,,,,,,,,,,,,,,
,,,,,,,,,,,,,,,,,,,,,,,,,,,,,,,,,,,,,,,,,,,,,,,,,,,,,,,2023-03-10,2023-03-20,D-Day,162,,,,,,,,,,,,,,,
,,,,,,,,,,,,,,,,,,,,,,,,,,,,,,,,,,,,,,,,,,,,,1000,2026-12-15 21:59:59,k3,,,,,,,,Pull Tickets,,Finals Day,171,,,,,,,,,,,,,,,
,,,,,,,,,,,,,,,,,,,,,,,,,,,,,,,,,,,,,,,,,,,,,1000,Last Day,,,,,,,,,Uma,Support,Length,10,,,,,,,,,,,,,,,
,,,,,,,,,,,,,,,,,,,,,,,,,,,,,,,,,,,,,,,,,,,,,500,2nd Anniversary Celebration Missions Part 2,,,,,,,,,2,2,Dropdown,FALSE,,,,,,,,,,,,,,,
,,,,,,,,,,,,,,,,,,,,,,,,,,,,,,,Daiichi Ruby,,Oguri Cap,Sirius Symboli,,,,,,Free SSR Selector,,,,,500,"2nd Anniversary Celebration Missions Part 3, SSR Selector",,,,,,,,,Limit Break Crystals,,,,,,,,,,,,,,,,,,
,,,,,,,,,,,,,,,,,,,,,,,,,,,,,,,11x Free Pulls,,,,,,,,,Up to Special Week/Sweep Tosho,,,,,,,,,,,,,,,SSR,SR,,,,,,,,,,,,,,,,,
,,,,,,,,,,,,,,,,,,,,,,,,,,,,,,,,,,,,,,,,,,,,,,,,,,,,,,,,1,,,,,,,,,,,,,,,,,
,,,,,,,,,,,,,,,,,,,,,,,,,,,,,,,,,,,,,,,,,,,,,,,,,,,,,,,Date Override,,Start Date,End Date,,,,,,,,,,,,,,,
,,,,,,,,,,,,,,,,,,,,,,,,,,,,,,,,,,,,,,,,,,,,,,,,,,,,,,,,,2026-12-08,2026-12-14,,,,,,,,,,,,,,,
,,,,,,,,,,,,,,,,,,,,,,,,,,,,,,,,,,,,,,,,,,,,,,,,,,,,,,,Banner Type,-1,2026-12-08 22:00:00,2026-12-14 21:59:59,,,,,,,,,,,,,,,
,,,,,,,,,,,,,,,,,,,,,,,,,,,,,,,,,,,,,,,,,,,,,,,,,,,,,,,JP,,JP Datedif,748,,,,,,,37,37,36,41,2026-12-08 22:00:00,9,2026-12-13 21:59:59,,
,,,,,,,,,,,,,,,,,,,,,,,,,,,,,,,,,,,,,,,,,,,,,,,,,,,,,,,Start Date,End Date,Global Datedif,530,,,,,,,,,,,,,,,
,,,,,,,,,,,,,,,,,,,,,,,,,,,,,,,,,,,,,,,,,,,,,,,,,,,,,,,2023-03-14,2023-03-20,D-Day,165,,,,,,,,,,,,,,,
,,,,,,,,,,,,,,,,,,,,,,,,,,,,,,,,,,,,,,,,,,,,,,,,,,,,,,,Pull Tickets,,Finals Day,170,,,,,,,,,,,,,,,
,,,,,,,,,,,,,,,,,,,,,,,,,,,,,,,,,,,,,,,,,,,,,,,,,,,,,,,Uma,Support,Length,6,,,,,,,,,,,,,,,
,,,,,,,,,,,,,,,,,,,,,,,,,,,,,,,,,,,,,,,,,,,,,,,,,,,,,,,,,Dropdown,FALSE,,,,,,,,,,,,,,,
,,,,,,,,,,,,,,,,,,,,,,,,,,,,,,,,,,,,,,,,,,,,,,,,,,,,,,,Limit Break Crystals,,,,,,,,,,,,,,,,,,
,,,,,,,,,,,,,,,,,,,,,,,,,,,,,,,,,,,,,,,,,,,,,,,,,,,,,,,SSR,SR,,,,,,,,,,,,,,,,,
,,,,,,,,,,,,,,,,,,,,,,,,,,,,,,,,,,,,,,,,,,,,,,,,,,,,,,,,,,,,,,,,,,,,,,,,,
,,,,,,,,,,,,,,,,,,,,,,,,,,JP,,Global,,,,Free Pulls,,,,,,,,,,,,,80,2026-12-12 22:00:00,k1,900,2026-12-21 21:59:59,,,,,,Date Override,,Start Date,End Date,,,,,,,,,,,,,,,
,,,,,,,,,,,,,,,,,,,,,,,,,,Start Date,End Date,Start Date,End Date,,Releases In,Uma,Support,,,,,,,,,,,,80,First Day,Hours,900,Throughout,,,,,,,,2026-12-12,2026-12-21,,,,,,,,,,,,,,,
,,,,,,,,,,,,,,,,,,,,,,,,,,2023-03-20,2023-03-29,2026-12-12,2026-12-21,,169 Days,0,10,,,,,,,,,,,,80,Uma Story Ch 1-4,,900,Agnes Tachyon Factor Study,,,,,,Banner Type,1,2026-12-12 22:00:00,2026-12-21 21:59:59,Symboli Kris S,Ancestors & Guides,,Symboli Kris S,Ancestors & Guides,,,,,,,,,,
,,,,,,,,,,,,,,,,,,,,,,,,,,,,,,,,,,,,,,,,,,,,,,,,,,,,,,,JP,,JP Datedif,754,,,,,,,37,37,37,42,2026-12-12 22:00:00,,,,
,,,,,,,,,,,,,,,,,,,,,,,,,,,,,,,,,,,,,,,,,,,,,,,,,,,,,,,Start Date,End Date,Global Datedif,534,,,,,,,,,,,,,,,
,,,,,,,,,,,,,,,,,,,,,,,,,,,,,,,,,,,,,,,,,,,,,,,,,,,,,,,2023-03-20,2023-03-29,D-Day,169,,,,,,,,,,,,,,,
,,,,,,,,,,,,,,,,,,,,,,,,,,,,,,,,,,,,,,,,,,,,,150,2026-12-21 21:59:59,k3,,,,,,,,Pull Tickets,,Finals Day,177,,,,,,,,,,,,,,,
,,,,,,,,,,,,,,,,,,,,,,,,,,,,,,,,,,,,,,,,,,,,,150,Last Day,,,,,,,,,Uma,Support,Length,9,,,,,,,,,,,,,,,
,,,,,,,,,,,,,,,,,,,,,,,,,,,,,,,,,,,,,,,,,,,,,150,Spring G1 Celebration Missions Part 1 (Takamatsunomiya Kinen),,,,,,,,,0,0,Dropdown,FALSE,,,,,,,,,,,,,,,
,,,,,,,,,,,,,,,,,,,,,,,,,,,,,,,Symboli Kris S,,Ancestors & Guides,,Hishi Akebono,,,,,,,,,,,,,,,,,,,,Limit Break Crystals,,,,,,,,,,,,,,,,,,
,,,,,,,,,,,,,,,,,,,,,,,,,,,,,,,,,10x Free Pulls,,,,,,,,,,,,,,,,,,,,,,SSR,SR,,,,,,,,,,,,,,,,,
,,,,,,,,,,,,,,,,,,,,,,,,,,,,,,,,,,,,,,,,,,,,,,,,,,,,,,,1,1,,,,,,,,,,,,,,,,,
,,,,,,,,,,,,,,,,,,,,,,,,,,JP,,Global,,,,,,,,,,,,,,,,,0,2026-12-18 22:00:00,k1,2160,2026-12-30 21:59:59,,,,,,Date Override,,Start Date,End Date,,,,,,,,,,,,,,,
,,,,,,,,,,,,,,,,,,,,,,,,,,Start Date,End Date,Start Date,End Date,,Releases In,,,,,,,,,,,,,,0,First Day,Hours,2160,Throughout,,,,,,,,2026-12-18,2026-12-30,,,,,,,,,,,,,,,
,,,,,,,,,,,,,,,,,,,,,,,,,,2023-03-29,2023-04-10,2026-12-18,2026-12-30,,175 Days,,,,,,,,,,,,,,,,,2160,"Event Rewards (Story, Bingo, Event Pt)",,,,,,Banner Type,1,2026-12-18 22:00:00,2026-12-30 21:59:59,Mejiro Ardan (Ballroom) + Sakura Chiyono O (Ballroom),Nice Nature + Mejiro McQueen,,Mejiro Ardan (Ballroom) + Sakura Chiyono O (Ballroom),Nice Nature + Mejiro McQueen,,,,,,,,,,
,,,,,,,,,,,,,,,,,,,,,,,,,,,,,,,,,,,,,,,,,,,,,,,,,,,,,,,JP,,JP Datedif,763,,,,,,,39,39,41,46,2026-12-18 22:00:00,,,,
,,,,,,,,,,,,,,,,,,,,,,,,,,,,,,,,,,,,,,,,,,,,,,,,,,,,,,,Start Date,End Date,Global Datedif,540,,,,,,,,,,,,,,,
,,,,,,,,,,,,,,,,,,,,,,,,,,,,,,,,,,,,,,,,,,,,,,,,,,,,,,,2023-03-29,2023-04-10,D-Day,175,,,,,,,,,,,,,,,
,,,,,,,,,,,,,,,,,,,,,,,,,,,,,,,,,,,,,,,,,,,,,300,2026-12-30 21:59:59,k3,,,,,,,,Pull Tickets,,Finals Day,186,,,,,,,,,,,,,,,
,,,,,,,,,,,,,,,,,,,,,,,,,,,,,,,,,,,,,,,,,,,,,300,Last Day,,,,,,,,,Uma,Support,Length,12,,,,,,,,,,,,,,,
,,,,,,,,,,,,,,,,,,,,,,,,,,,,,,,,,,,,,,,,,,,,,150,Spring G1 Celebration Missions Part 1 (Osaka Hai),,,,,,,,,2,2,Dropdown,FALSE,,,,,,,,,,,,,,,
,,,,,,,,,,,,,,,,,,,,,,,,,,,,,,,Mejiro Ardan,Sakura Chiyono O,Nice Nature,Mejiro McQueen,,,,,Random SSR Card,Tokai Teio,,,,,150,Spring G1 Celebration Missions Part 1 (Oka Sho),,,,,,,,,Limit Break Crystals,,,,,,,,,,,,,,,,,,
,,,,,,,,,,,,,,,,,,,,,,,,,,,,,,,(Ballroom),(Ballroom),,,,,,,Up to Marvelous Sunday + Biko Pegasus,,,,,,,,,,,,,,,,SSR,SR,,,,,,,,,,,,,,,,,
,,,,,,,,,,,,,,,,,,,,,,,,,,,,,,,,,,,,,,,,,,,,,,,,,,,,,,,4,4,,,,,,,,,,,,,,,,,
,,,,,,,,,,,,,,,,,,,,,,,,,,JP,,Global,,,,,,,,,,,,,,,,,80,2026-12-27 22:00:00,k1,0,2027-01-05 21:59:59,,,,,,Date Override,,Start Date,End Date,,,,,,,,,,,,,,,
,,,,,,,,,,,,,,,,,,,,,,,,,,Start Date,End Date,Start Date,End Date,,Releases In,,,,,,,,,,,,,,80,First Day,Hours,0,Throughout,,,,,,,,2026-12-27,2027-01-05,,,,,,,,,,,,,,,
,,,,,,,,,,,,,,,,,,,,,,,,,,2023-04-10,2023-04-19,2026-12-27,2027-01-05,,184 Days,,,,,,,,,,,,,,80,Uma Story Ch 1-4,,,,,,,,,Banner Type,1,2026-12-27 22:00:00,2027-01-05 21:59:59,Sakura Laurel,Air Groove + Eishin Flash,,Sakura Laurel,Air Groove + Eishin Flash,,,,,,,,,,
,,,,,,,,,,,,,,,,,,,,,,,,,,,,,,,,,,,,,,,,,,,,,,,,,,,,,,,JP,,JP Datedif,775,,,,,,,39,39,41,46,2026-12-27 22:00:00,,,,
,,,,,,,,,,,,,,,,,,,,,,,,,,,,,,,,,,,,,,,,,,,,,,,,,,,,,,,Start Date,End Date,Global Datedif,549,,,,,,,,,,,,,,,
,,,,,,,,,,,,,,,,,,,,,,,,,,,,,,,,,,,,,,,,,,,,,,,,,,,,,,,2023-04-10,2023-04-19,D-Day,184,,,,,,,,,,,,,,,
,,,,,,,,,,,,,,,,,,,,,,,,,,,,,,,,,,,,,,,,,,,,,150,2027-01-05 21:59:59,k3,,,,,,,,Pull Tickets,,Finals Day,192,,,,,,,,,,,,,,,
,,,,,,,,,,,,,,,,,,,,,,,,,,,,,,,,,,,,,,,,,,,,,150,Last Day,,,,,,,,,Uma,Support,Length,9,,,,,,,,,,,,,,,
,,,,,,,,,,,,,,,,,,,,,,,,,,,,,,,,,,,,,,,,,,,,,150,Spring G1 Celebration Missions Part 1 (Satsuki Sho),,,,,,,,,0,0,Dropdown,FALSE,,,,,,,,,,,,,,,
,,,,,,,,,,,,,,,,,,,,,,,,,,,,,,,Sakura Laurel,,Air Groove,Eishin Flash,,,,,,,,,,,,,,,,,,,,,Limit Break Crystals,,,,,,,,,,,,,,,,,,
,,,,,,,,,,,,,,,,,,,,,,,,,,,,,,,,,,,,,,,,,,,,,,,,,,,,,,,SSR,SR,,,,,,,,,,,,,,,,,
,,,,,,,,,,,,,,,,,,,,,,,,,,,,,,,,,,,,,,,,,,,,,,,,,,,,,,,,,,,,,,,,,,,,,,,,,
,,,,,,,,,,,,,,,,,,,,,,,,,,,,,,,,,,,,,,,,,,,,,,,,,,,,,,,Date Override,,Start Date,End Date,,,,,,,,,,,,,,,
,,,,,,,,,,,,,,,,,,,,,,,,,,,,,,,,,,,,,,,,,,,,,,,,,,,,,,,,,2026-12-29,2027-01-04,,,,,,,,,,,,,,,
,,,,,,,,,,,,,,,,,,,,,,,,,,,,,,,,,,,,,,,,,,,,,,,,,,,,,,,Banner Type,-1,2026-12-29 22:00:00,2027-01-04 21:59:59,,,,,,,,,,,,,,,
,,,,,,,,,,,,,,,,,,,,,,,,,,,,,,,,,,,,,,,,,,,,,,,,,,,,,,,JP,,JP Datedif,778,,,,,,,39,39,41,46,2026-12-29 22:00:00,10,2027-01-03 21:59:59,,
,,,,,,,,,,,,,,,,,,,,,,,,,,,,,,,,,,,,,,,,,,,,,,,,,,,,,,,Start Date,End Date,Global Datedif,551,,,,,,,,,,,,,,,
,,,,,,,,,,,,,,,,,,,,,,,,,,,,,,,,,,,,,,,,,,,,,,,,,,,,,,,2023-04-13,2023-04-19,D-Day,186,,,,,,,,,,,,,,,
,,,,,,,,,,,,,,,,,,,,,,,,,,,,,,,,,,,,,,,,,,,,,,,,,,,,,,,Pull Tickets,,Finals Day,191,,,,,,,,,,,,,,,
,,,,,,,,,,,,,,,,,,,,,,,,,,,,,,,,,,,,,,,,,,,,,,,,,,,,,,,Uma,Support,Length,6,,,,,,,,,,,,,,,
,,,,,,,,,,,,,,,,,,,,,,,,,,,,,,,,,,,,,,,,,,,,,,,,,,,,,,,,,Dropdown,FALSE,,,,,,,,,,,,,,,
,,,,,,,,,,,,,,,,,,,,,,,,,,,,,,,,,,,,,,,,,,,,,,,,,,,,,,,Limit Break Crystals,,,,,,,,,,,,,,,,,,
,,,,,,,,,,,,,,,,,,,,,,,,,,,,,,,,,,,,,,,,,,,,,,,,,,,,,,,SSR,SR,,,,,,,,,,,,,,,,,
,,,,,,,,,,,,,,,,,,,,,,,,,,,,,,,,,,,,,,,,,,,,,,,,,,,,,,,,,,,,,,,,,,,,,,,,,
,,,,,,,,,,,,,,,,,,,,,,,,,,JP,,Global,,,,,,,,,,,,,,,,,80,2027-01-02 22:00:00,k1,2050,2027-01-11 21:59:59,,,,,,Date Override,,Start Date,End Date,,,,,,,,,,,,,,,
,,,,,,,,,,,,,,,,,,,,,,,,,,Start Date,End Date,Start Date,End Date,,Releases In,,,,,,,,,,,,,,80,First Day,Hours,2050,Throughout,,,,,,,,2027-01-02,2027-01-11,,,,,,,,,,,,,,,
,,,,,,,,,,,,,,,,,,,,,,,,,,2023-04-19,2023-04-28,2027-01-02,2027-01-11,,190 Days,,,,,,,,,,,,,,80,Uma Story Ch 1-4,,1550,Trainer Skill Test,,,,,,Banner Type,1,2027-01-02 22:00:00,2027-01-11 21:59:59,Neo Universe,Symboli Rudolf,,Neo Universe,Symboli Rudolf,,,,,,,,,,
,,,,,,,,,,,,,,,,,,,,,,,,,,,,,,,,,,,,,,,,,,,,,,,,,,,,,,,JP,,JP Datedif,784,,,,,,,42,42,43,49,2027-01-02 22:00:00,,,,
,,,,,,,,,,,,,,,,,,,,,,,,,,,,,,,,,,,,,,,,,,,,,,,,250,Legend Race (Yaeno Muteki),,,,,,Start Date,End Date,Global Datedif,555,,,,,,,,,,,,,,,
,,,,,,,,,,,,,,,,,,,,,,,,,,,,,,,,,,,,,,,,,,,,,,,,250,Legend Race (Tokai Teio Anime),,,,,,2023-04-19,2023-04-28,D-Day,190,,,,,,,,,,,,,,,
,,,,,,,,,,,,,,,,,,,,,,,,,,,,,,,,,,,,,,,,,,,,,150,2027-01-11 21:59:59,k3,,,,,,,,Pull Tickets,,Finals Day,198,,,,,,,,,,,,,,,
,,,,,,,,,,,,,,,,,,,,,,,,,,,,,,,,,,,,,,,,,,,,,150,Last Day,,,,,,,,,Uma,Support,Length,9,,,,,,,,,,,,,,,
,,,,,,,,,,,,,,,,,,,,,,,,,,,,,,,,,,,,,,,,,,,,,150,Spring G1 Celebration Missions Part 2 (Tenno Sho (Spring)),,,,,,,,,3,3,Dropdown,FALSE,,,,,,,,,,,,,,,
,,,,,,,,,,,,,,,,,,,,,,,,,,,,,,,Neo Universe,,Symboli Rudolf,,Gold Ship,,,,,,,,,,,,,,,,,,,,Limit Break Crystals,,,,,,,,,,,,,,,,,,
,,,,,,,,,,,,,,,,,,,,,,,,,,,,,,,,,,,,,,,,,,,,,,,,,,,,,,,SSR,SR,,,,,,,,,,,,,,,,,
,,,,,,,,,,,,,,,,,,,,,,,,,,,,,,,,,,,,,,,,,,,,,,,,,,,,,,,2,3,,,,,,,,,,,,,,,,,
,,,,,,,,,,,,,,,,,,,,,,,,,,JP,,Global,,,,Free Pulls,,,,,,,,,,,,,0,2027-01-08 22:00:00,k1,2160,2027-01-20 21:59:59,,,,,,Date Override,,Start Date,End Date,,,,,,,,,,,,,,,
,,,,,,,,,,,,,,,,,,,,,,,,,,Start Date,End Date,Start Date,End Date,,Releases In,Uma,Support,,,,,,,,,,,,0,First Day,Hours,2160,Throughout,,,,,,,,2027-01-08,2027-01-20,,,,,,,,,,,,,,,
,,,,,,,,,,,,,,,,,,,,,,,,,,2023-04-28,2023-05-10,2027-01-08,2027-01-20,,196 Days,0,80,,,,,,,,,,,,,,,2160,"Event Rewards (Story, Bingo, Event Pt)",,,,,,Banner Type,1,2027-01-08 22:00:00,2027-01-20 21:59:59,Matikanetannhauser (Sports Festival) + Sakura Bakushin O (Sports Festival),Mihono Bourbon + Sakura Laurel,,Matikanetannhauser (Sports Festival) + Sakura Bakushin O (Sports Festival),Mihono Bourbon + Sakura Laurel,,,,,,,,,,
,,,,,,,,,,,,,,,,,,,,,,,,,,,,,,,,,,,,,,,,,,,,,,,,,,,,,,,JP,,JP Datedif,793,,,,,,,44,44,46,52,2027-01-08 22:00:00,,,,
,,,,,,,,,,,,,,,,,,,,,,,,,,,,,,,,,,,,,,,,,,,,,,,,,,,,,,,Start Date,End Date,Global Datedif,561,,,,,,,,,,,,,,,
,,,,,,,,,,,,,,,,,,,,,,,,,,,,,,,,,,,,,,,,,,,,,,,,,,,,,,,2023-04-28,2023-05-10,D-Day,196,,,,,,,,,,,,,,,
,,,,,,,,,,,,,,,,,,,,,,,,,,,,,,,,,,,,,,,,,,,,,300,2027-01-20 21:59:59,k3,,,,,,,,Pull Tickets,,Finals Day,207,,,,,,,,,,,,,,,
,,,,,,,,,,,,,,,,,,,,,,,,,,,,,,,,,,,,,,,,,,,,,300,Last Day,,,,,,,,,Uma,Support,Length,12,,,,,,,,,,,,,,,
,,,,,,,,,,,,,,,,,,,,,,,,,,,,,,,,,,,,,,,,,,,,,150,Spring G1 Celebration Missions Part 2 (Kashiwa Kinen),,,,,,,,,2,2,Dropdown,FALSE,,,,,,,,,,,,,,,
,,,,,,,,,,,,,,,,,,,,,,,,,,,,,,,Matikanetannhauser,Sakura Bakushin O,Mihono Bourbon,Sakura Laurel,,,,,,Ikuno Dictus,,,,,150,Spring G1 Celebration Missions Part 2 (NHK Mile Cup),,,,,,,,,Limit Break Crystals,,,,,,,,,,,,,,,,,,
,,,,,,,,,,,,,,,,,,,,,,,,,,,,,,,(Sports Festival),(Sports Festival),80x Free Pulls,,,,,,,,,,,,,,,,,,,,,,SSR,SR,,,,,,,,,,,,,,,,,
,,,,,,,,,,,,,,,,,,,,,,,,,,,,,,,,,,,,,,,,,,,,,,,,,,,,,,,3,3,,,,,,,,,,,,,,,,,
,,,,,,,,,,,,,,,,,,,,,,,,,,JP,,Global,,,,,,,,,,,,,,,,,0,2027-01-08 22:00:00,k1,0,2027-01-20 21:59:59,,,,,,Date Override,,Start Date,End Date,,,,,,,,,,,,,,,
,,,,,,,,,,,,,,,,,,,,,,,,,,Start Date,End Date,Start Date,End Date,,Releases In,,,,,,,,,,,,,,0,First Day,Hours,0,Throughout,,,,,,,,2027-01-08,2027-01-20,,,,,,,,,,,,,,,
,,,,,,,,,,,,,,,,,,,,,,,,,,2023-04-28,2023-05-10,2027-01-08,2027-01-20,,196 Days,,,,,,,,,,,,,,,,,,,,,,,,Banner Type,-2,2027-01-08 22:00:00,2027-01-20 21:59:59,Gold City + Tosen Jordan + Mejiro Palmer + Daitaku Helios,,,Gold City + Tosen Jordan + Mejiro Palmer + Daitaku Helios,,,,,,,,,,,
,,,,,,,,,,,,,,,,,,,,,,,,,,,,,,,,,,,,,,,,,,,,,,,,,,,,,,,JP,,JP Datedif,793,,,,,,,44,44,46,52,2027-01-08 22:00:00,,,,
,,,,,,,,,,,,,,,,,,,,,,,,,,,,,,,,,,,,,,,,,,,,,,,,,,,,,,,Start Date,End Date,Global Datedif,561,,,,,,,,,,,,,,,
,,,,,,,,,,,,,,,,,,,,,,,,,,,,,,,,,,,,,,,,,,,,,,,,,,,,,,,2023-04-28,2023-05-10,D-Day,196,,,,,,,,,,,,,,,
,,,,,,,,,,,,,,,,,,,,,,,,,,,,,,,,,,,,,,,,,,,,,0,2027-01-20 21:59:59,k3,,,,,,,,Pull Tickets,,Finals Day,207,,,,,,,,,,,,,,,
,,,,,,,,,,,,,,,,,,,,,,,,,,,,,,,,,,,,,,,,,,,,,0,Last Day,,,,,,,,,Uma,Support,Length,12,,,,,,,,,,,,,,,
,,,,,,,,,,,,,,,,,,,,,,,,,,,,,,,,,,,,,,,,,,,,,,,,,,,,,,,0,0,Dropdown,FALSE,,,,,,,,,,,,,,,
,,,,,,,,,,,,,,,,,,,,,,,,,,,,,,,Gold City,Tosen Jordan,Mejiro Palmer,Daitaku Helios,,,,,,,,,,,,,,,,,,,,,Limit Break Crystals,,,,,,,,,,,,,,,,,,
,,,,,,,,,,,,,,,,,,,,,,,,,,,,,,,,,,,,,,,,,,,,,,,,,,,,,,,SSR,SR,,,,,,,,,,,,,,,,,
,,,,,,,,,,,,,,,,,,,,,,,,,,,,,,,,,,,,,,,,,,,,,,,,,Gold City + Tosen Jordan + Mejiro Palmer + Daitaku Helios,,,,,,,,,,,,,,,,,,,,,,,,
,,,,,,,,,,,,,,,,,,,,,,,,,,JP,,Global,,,,,,,,,,,,,,,,,80,2027-01-17 22:00:00,k1,0,2027-01-26 21:59:59,,,,,,Date Override,,Start Date,End Date,,,,,,,,,,,,,,,
,,,,,,,,,,,,,,,,,,,,,,,,,,Start Date,End Date,Start Date,End Date,,Releases In,,,,,,,,,,,,,,80,First Day,Hours,0,Throughout,,,,,,,,2027-01-17,2027-01-26,,,,,,,,,,,,,,,
,,,,,,,,,,,,,,,,,,,,,,,,,,2023-05-10,2023-05-19,2027-01-17,2027-01-26,,205 Days,,,,,,,,,,,,,,80,Uma Story Ch 1-4,,,,,,,,,Banner Type,1,2027-01-17 22:00:00,2027-01-26 21:59:59,Hishi Miracle,K.S.Miracle + Yamanin Zephyr,,Hishi Miracle,K.S.Miracle + Yamanin Zephyr,,,,,,,,,,
,,,,,,,,,,,,,,,,,,,,,,,,,,,,,,,,,,,,,,,,,,,,,,,,,,,,,,,JP,,JP Datedif,805,,,,,,,44,44,46,52,2027-01-17 22:00:00,,,,
,,,,,,,,,,,,,,,,,,,,,,,,,,,,,,,,,,,,,,,,,,,,,,,,,,,,,,,Start Date,End Date,Global Datedif,570,,,,,,,,,,,,,,,
,,,,,,,,,,,,,,,,,,,,,,,,,,,,,,,,,,,,,,,,,,,,,,,,,,,,,,,2023-05-10,2023-05-19,D-Day,205,,,,,,,,,,,,,,,
,,,,,,,,,,,,,,,,,,,,,,,,,,,,,,,,,,,,,,,,,,,,,300,2027-01-26 21:59:59,k3,,,,,,,,Pull Tickets,,Finals Day,213,,,,,,,,,,,,,,,
,,,,,,,,,,,,,,,,,,,,,,,,,,,,,,,,,,,,,,,,,,,,,300,Last Day,,,,,,,,,Uma,Support,Length,9,,,,,,,,,,,,,,,
,,,,,,,,,,,,,,,,,,,,,,,,,,,,,,,,,,,,,,,,,,,,,150,Spring G1 Celebration Missions Part 2 (Victoria Mile),,,,,,,,,0,0,Dropdown,FALSE,,,,,,,,,,,,,,,
,,,,,,,,,,,,,,,,,,,,,,,,,,,,,,,Hishi Miracle,,K.S.Miracle,Yamanin Zephyr,,,,,,,,,,,150,Spring G1 Celebration Missions Part 2 (Oaks),,,,,,,,,Limit Break Crystals,,,,,,,,,,,,,,,,,,
,,,,,,,,,,,,,,,,,,,,,,,,,,,,,,,,,,,,,,,,,,,,,,,,,,,,,,,SSR,SR,,,,,,,,,,,,,,,,,
,,,,,,,,,,,,,,,,,,,,,,,,,,,,,,,,,,,,,,,,,,,,,,,,,,,,,,,,,,,,,,,,,,,,,,,,,
,,,,,,,,,,,,,,,,,,,,,,,,,,JP,,Global,,,,,,,,,,,,,,,,,,,,,,,,,,,Date Override,,Start Date,End Date,,,,,,,,,,,,,,,
,,,,,,,,,,,,,,,,,,,,,,,,,,Start Date,End Date,Start Date,End Date,,Starts In,,,,,,,,,,,,,,,,,,,,,,,,,,2027-01-18,2027-01-24,,,,,,,,,,,,,,,
,,,,,,,,,,,,,,,,,,,,,,,,,,2023-05-12,2023-05-18,2027-01-18,2027-01-24,,206 Days,,,,,,,,,,,,,,,,,,,,,,,,Banner Type,-1,2027-01-18 22:00:00,2027-01-24 21:59:59,,,,,,,,,,,,,,,
,,,,,,,,,,,,,,,,,,,,,,,,,,LoH #1,,,,,,,,,,,,,,,,,,,,,,,,,,,,,JP,,JP Datedif,807,,,,,,,44,44,48,54,2027-01-18 22:00:00,,,1,2027-01-22 21:59:59
,,,,,,,,,,,,,,,,,,,,,,,,,,,,,,,,,,,,,,,,,,,,,,,,,,,,,,,Start Date,End Date,Global Datedif,571,,,,,,,,,,,,,,,
,,,,,,,,,,,,,,,,,,,,,,,,,,Tokyo,Turf,,,,,,,,,,,,,,,,,,,,,,,,,,,,2023-05-12,2023-05-18,D-Day,206,,,,,,,,,,,,,,,
,,,,,,,,,,,,,,,,,,,,,,,,,,2400m,Medium,Left-Handed,,,,,,,,,,,,,,,,,,,,,,,,,,,Pull Tickets,,Finals Day,211,,,,,,,,,,,,,,,
,,,,,,,,,,,,,,,,,,,,,,,,,,,Spring,,,,,,,,,,,,,,,,,,,,,,,,,,,,Uma,Support,Length,6,,,,,,,,,,,,,,,
,,,,,,,,,,,,,,,,,,,,,,,,,,,,,,,,,,,,,,,,,,,,,,,,,,,,,,,,,Dropdown,FALSE,,,,,,,,,,,,,,,
,,,,,,,,,,,,,,,,,,,,,,,,,,,,,,,,,,,,,,,,,,,,,,,,,,,,,,,Limit Break Crystals,,,,,,,,,,,,,,,,,,
,,,,,,,,,,,,,,,,,,,,,,,,,,,,,,,,,,,,,,,,,,,,,,,,,,,,,,,SSR,SR,,,,,,,,,,,,,,,,,
,,,,,,,,,,,,,,,,,,,,,,,,,,,,,,,,,,,,,,,,,,,,,,,,,,,,,,,2,2,,,,,,,,,,,,,,,,,
,,,,,,,,,,,,,,,,,,,,,,,,,,JP,,Global,,,,,,,,,,,,,,,,,1080,2027-01-23 22:00:00,k1,0,2027-02-02 21:59:59,,,,,,Date Override,,Start Date,End Date,,,,,,,,,,,,,,,
,,,,,,,,,,,,,,,,,,,,,,,,,,Start Date,End Date,Start Date,End Date,,Releases In,,,,,,,,,,,,,,1080,First Day,Hours,0,Throughout,,,,,,,,2027-01-23,2027-02-02,,,,,,,,,,,,,,,
,,,,,,,,,,,,,,,,,,,,,,,,,,2023-05-19,2023-05-29,2027-01-23,2027-02-02,,211 Days,,,,,,,,,,,,,,80,Uma Story Ch 1-4,,,,,,,,,Banner Type,1,2027-01-23 22:00:00,2027-02-02 21:59:59,Tanino Gimlet,Jungle Pocket,,Tanino Gimlet,Jungle Pocket,,,,,,,,,,
,,,,,,,,,,,,,,,,,,,,,,,,,,,,,,,,,,,,,,,,,,,,,1000,4th Racing Carnival,,,,,,,,,JP,,JP Datedif,814,,,,,,,47,47,50,56,2027-01-23 22:00:00,,,,
,,,,,,,,,,,,,,,,,,,,,,,,,,,,,,,,,,,,,,,,,,,,,,,,,,,,,,,Start Date,End Date,Global Datedif,576,,,,,,,,,,,,,,,
,,,,,,,,,,,,,,,,,,,,,,,,,,,,,,,,,,,,,,,,,,,,,,,,,,,,,,,2023-05-19,2023-05-29,D-Day,211,,,,,,,,,,,,,,,
,,,,,,,,,,,,,,,,,,,,,,,,,,,,,,,,,,,,,,,,,,,,,150,2027-02-02 21:59:59,k3,,,,,,,,Pull Tickets,,Finals Day,220,,,,,,,,,,,,,,,
,,,,,,,,,,,,,,,,,,,,,,,,,,,,,,,,,,,,,,,,,,,,,150,Last Day,,,,,,,,,Uma,Support,Length,10,,,,,,,,,,,,,,,
,,,,,,,,,,,,,,,,,,,,,,,,,,,,,,,,,,,,,,,,,,,,,150,Spring G1 Celebration Missions Part 2 (Japan Derby),,,,,,,,,3,3,Dropdown,FALSE,,,,,,,,,,,,,,,
,,,,,,,,,,,,,,,,,,,,,,,,,,,,,,,Tanino Gimlet,,Jungle Pocket,,Maruzensky,,,,,,,,,,,,,,,,,,,,Limit Break Crystals,,,,,,,,,,,,,,,,,,
,,,,,,,,,,,,,,,,,,,,,,,,,,,,,,,,,,,,,,,,,,,,,,,,,,,,,,,SSR,SR,,,,,,,,,,,,,,,,,
,,,,,,,,,,,,,,,,,,,,,,,,,,,,,,,,,,,,,,,,,,,,,,,,,,,,,,,2,2,,,,,,,,,,,,,,,,,
,,,,,,,,,,,,,,,,,,,,,,,,,,JP,,Global,,,,,,,,,,,,,,,,,0,2027-01-30 22:00:00,k1,2160,2027-02-10 21:59:59,,,,,,Date Override,,Start Date,End Date,,,,,,,,,,,,,,,
,,,,,,,,,,,,,,,,,,,,,,,,,,Start Date,End Date,Start Date,End Date,,Releases In,,,,,,,,,,,,,,0,First Day,Hours,2160,Throughout,,,,,,,,2027-01-30,2027-02-10,,,,,,,,,,,,,,,
,,,,,,,,,,,,,,,,,,,,,,,,,,2023-05-29,2023-06-09,2027-01-30,2027-02-10,,218 Days,,,,,,,,,,,,,,,,,2160,"Event Rewards (Story, Bingo, Event Pt)",,,,,,Banner Type,1,2027-01-30 22:00:00,2027-02-10 21:59:59,Hishi Amazon (Wedding) + Nishino Flower (Wedding),Daiwa Scarlet + Aston Machan,,Hishi Amazon (Wedding) + Nishino Flower (Wedding),Daiwa Scarlet + Aston Machan,,,,,,,,,,
,,,,,,,,,,,,,,,,,,,,,,,,,,,,,,,,,,,,,,,,,,,,,,,,,,,,,,,JP,,JP Datedif,824,,,,,,,49,49,53,59,2027-01-30 22:00:00,,,,
,,,,,,,,,,,,,,,,,,,,,,,,,,,,,,,,,,,,,,,,,,,,,,,,,,,,,,,Start Date,End Date,Global Datedif,583,,,,,,,,,,,,,,,
,,,,,,,,,,,,,,,,,,,,,,,,,,,,,,,,,,,,,,,,,,,,,,,,,,,,,,,2023-05-29,2023-06-09,D-Day,218,,,,,,,,,,,,,,,
,,,,,,,,,,,,,,,,,,,,,,,,,,,,,,,,,,,,,,,,,,,,,150,2027-02-10 21:59:59,k3,,,,,,,,Pull Tickets,,Finals Day,228,,,,,,,,,,,,,,,
,,,,,,,,,,,,,,,,,,,,,,,,,,,,,,,,,,,,,,,,,,,,,150,Last Day,,,,,,,,,Uma,Support,Length,11,,,,,,,,,,,,,,,
,,,,,,,,,,,,,,,,,,,,,,,,,,,,,,,,,,,,,,,,,,,,,150,Spring G1 Celebration Missions Part 2 (Yasuda Kinen),,,,,,,,,2,2,Dropdown,FALSE,,,,,,,,,,,,,,,
,,,,,,,,,,,,,,,,,,,,,,,,,,,,,,,Hishi Amazon,Nishino Flower,Daiwa Scarlet,Aston Machan,,,,,,Vodka,,,,,,,,,,,,,,,Limit Break Crystals,,,,,,,,,,,,,,,,,,
,,,,,,,,,,,,,,,,,,,,,,,,,,,,,,,(Wedding),(Wedding),,,,,,,,,,,,,,,,,,,,,,,SSR,SR,,,,,,,,,,,,,,,,,
,,,,,,,,,,,,,,,,,,,,,,,,,,,,,,,,,,,,,,,,,,,,,,,,,,,,,,,3,3,,,,,,,,,,,,,,,,,
,,,,,,,,,,,,,,,,,,,,,,,,,,JP,,Global,,,,,,,,,,,,,,,,,0,2027-02-07 22:00:00,k1,500,2027-02-17 21:59:59,,,,,,Date Override,,Start Date,End Date,,,,,,,,,,,,,,,
,,,,,,,,,,,,,,,,,,,,,,,,,,Start Date,End Date,Start Date,End Date,,Releases In,,,,,,,,,,,,,,0,First Day,Hours,500,Throughout,,,,,,,,2027-02-07,2027-02-17,,,,,,,,,,,,,,,
,,,,,,,,,,,,,,,,,,,,,,,,,,2023-06-09,2023-06-19,2027-02-07,2027-02-17,,226 Days,,,,,,,,,,,,,,,,,250,Legend Race (Yamanin Zephyr),,,,,,Banner Type,1,2027-02-07 22:00:00,2027-02-17 21:59:59,Taiki Shuttle (Camping) + Yamanin Zephyr (Rerun),TM Opera O,,Taiki Shuttle (Camping) + Yamanin Zephyr (Rerun),TM Opera O,,,,,,,,,,
,,,,,,,,,,,,,,,,,,,,,,,,,,,,,,,,,,,,,,,,,,,,,,,,250,Legend Race (Agnes Digital Halloween),,,,,,JP,,JP Datedif,835,,,,,,,49,49,54,61,2027-02-07 22:00:00,,,,
,,,,,,,,,,,,,,,,,,,,,,,,,,,,,,,,,,,,,,,,,,,,,,,,,,,,,,,Start Date,End Date,Global Datedif,591,,,,,,,,,,,,,,,
,,,,,,,,,,,,,,,,,,,,,,,,,,,,,,,,,,,,,,,,,,,,,,,,,,,,,,,2023-06-09,2023-06-19,D-Day,226,,,,,,,,,,,,,,,
,,,,,,,,,,,,,,,,,,,,,,,,,,,,,,,,,,,,,,,,,,,,,0,2027-02-17 21:59:59,k3,,,,,,,,Pull Tickets,,Finals Day,235,,,,,,,,,,,,,,,
,,,,,,,,,,,,,,,,,,,,,,,,,,,,,,,,,,,,,,,,,,,,,0,Last Day,,,,,,,,,Uma,Support,Length,10,,,,,,,,,,,,,,,
,,,,,,,,,,,,,,,,,,,,,,,,,,,,,,,,,,,,,,,,,,,,,,,,,,,,,,,0,0,Dropdown,FALSE,,,,,,,,,,,,,,,
,,,,,,,,,,,,,,,,,,,,,,,,,,,,,,,Taiki Shuttle,Yamanin Zephyr,TM Opera O,,Silence Suzuka,,,,,,,,,,,,,,,,,,,,Limit Break Crystals,,,,,,,,,,,,,,,,,,
,,,,,,,,,,,,,,,,,,,,,,,,,,,,,,,(Camping),(Rerun),,,,,,,,,,,,,,,,,,,,,,,SSR,SR,,,,,,,,,,,,,,,,,
,,,,,,,,,,,,,,,,,,,,,,,,,,,,,,,,,,,,,,,,,,,,,,,,,,,,,,,1,2,,,,,,,,,,,,,,,,,
,,,,,,,,,,,,,,,,,,,,,,,,,,,,,,,,,,,,,,,,,,,,,,,,,,,,,,,Date Override,,Start Date,End Date,,,,,,,,,,,,,,,
,,,,,,,,,,,,,,,,,,,,,,,,,,,,,,,,,,,,,,,,,,,,,,,,,,,,,,,,,2027-02-10,2027-02-16,,,,,,,,,,,,,,,
,,,,,,,,,,,,,,,,,,,,,,,,,,,,,,,,,,,,,,,,,,,,,,,,,,,,,,,Banner Type,-1,2027-02-10 22:00:00,2027-02-16 21:59:59,,,,,,,,,,,,,,,
,,,,,,,,,,,,,,,,,,,,,,,,,,,,,,,,,,,,,,,,,,,,,,,,,,,,,,,JP,,JP Datedif,839,,,,,,,49,49,54,61,2027-02-10 22:00:00,11,2027-02-15 21:59:59,,
,,,,,,,,,,,,,,,,,,,,,,,,,,,,,,,,,,,,,,,,,,,,,,,,,,,,,,,Start Date,End Date,Global Datedif,594,,,,,,,,,,,,,,,
,,,,,,,,,,,,,,,,,,,,,,,,,,,,,,,,,,,,,,,,,,,,,,,,,,,,,,,2023-06-13,2023-06-19,D-Day,229,,,,,,,,,,,,,,,
,,,,,,,,,,,,,,,,,,,,,,,,,,,,,,,,,,,,,,,,,,,,,,,,,,,,,,,Pull Tickets,,Finals Day,234,,,,,,,,,,,,,,,
,,,,,,,,,,,,,,,,,,,,,,,,,,,,,,,,,,,,,,,,,,,,,,,,,,,,,,,Uma,Support,Length,6,,,,,,,,,,,,,,,
,,,,,,,,,,,,,,,,,,,,,,,,,,,,,,,,,,,,,,,,,,,,,,,,,,,,,,,,,Dropdown,FALSE,,,,,,,,,,,,,,,
,,,,,,,,,,,,,,,,,,,,,,,,,,,,,,,,,,,,,,,,,,,,,,,,,,,,,,,Limit Break Crystals,,,,,,,,,,,,,,,,,,
,,,,,,,,,,,,,,,,,,,,,,,,,,,,,,,,,,,,,,,,,,,,,,,,,,,,,,,SSR,SR,,,,,,,,,,,,,,,,,
,,,,,,,,,,,,,,,,,,,,,,,,,,,,,,,,,,,,,,,,,,,,,,,,,,,,,,,,,,,,,,,,,,,,,,,,,
,,,,,,,,,,,,,,,,,,,,,,,,,,JP,,Global,,,,,,,,,,,,,,,,,80,2027-02-14 22:00:00,k1,900,2027-02-24 21:59:59,,,,,,Date Override,,Start Date,End Date,,,,,,,,,,,,,,,
,,,,,,,,,,,,,,,,,,,,,,,,,,Start Date,End Date,Start Date,End Date,,Releases In,,,,,,,,,,,,,,80,First Day,Hours,900,Throughout,,,,,,,,2027-02-14,2027-02-24,,,,,,,,,,,,,,,
,,,,,,,,,,,,,,,,,,,,,,,,,,2023-06-19,2023-06-29,2027-02-14,2027-02-24,,233 Days,,,,,,,,,,,,,,80,Uma Story Ch 1-4,,900,Agnes Tachyon Factor Study,,,,,,Banner Type,1,2027-02-14 22:00:00,2027-02-24 21:59:59,Marvelous Sunday,Mayano Top Gun,,Marvelous Sunday,Mayano Top Gun,,,,,,,,,,
,,,,,,,,,,,,,,,,,,,,,,,,,,,,,,,,,,,,,,,,,,,,,,,,,,,,,,,JP,,JP Datedif,845,,,,,,,49,49,55,62,2027-02-14 22:00:00,,,,
,,,,,,,,,,,,,,,,,,,,,,,,,,,,,,,,,,,,,,,,,,,,,,,,,,,,,,,Start Date,End Date,Global Datedif,598,,,,,,,,,,,,,,,
,,,,,,,,,,,,,,,,,,,,,,,,,,,,,,,,,,,,,,,,,,,,,,,,,,,,,,,2023-06-19,2023-06-29,D-Day,233,,,,,,,,,,,,,,,
,,,,,,,,,,,,,,,,,,,,,,,,,,,,,,,,,,,,,,,,,,,,,300,2027-02-24 21:59:59,k3,,,,,,,,Pull Tickets,,Finals Day,242,,,,,,,,,,,,,,,
,,,,,,,,,,,,,,,,,,,,,,,,,,,,,,,,,,,,,,,,,,,,,300,Last Day,,,,,,,,,Uma,Support,Length,10,,,,,,,,,,,,,,,
,,,,,,,,,,,,,,,,,,,,,,,,,,,,,,,,,,,,,,,,,,,,,150,Spring G1 Celebration Missions Part 2 (Takarazuka Kinen),,,,,,,,,0,0,Dropdown,FALSE,,,,,,,,,,,,,,,
,,,,,,,,,,,,,,,,,,,,,,,,,,,,,,,Marvelous Sunday,,Mayano Top Gun,,Copano Rickey,,,,,,,,,,150,G1 Celebration Missions (Teio Sho),,,,,,,,,Limit Break Crystals,,,,,,,,,,,,,,,,,,
,,,,,,,,,,,,,,,,,,,,,,,,,,,,,,,,,,,,,,,,,,,,,,,,,,,,,,,SSR,SR,,,,,,,,,,,,,,,,,
,,,,,,,,,,,,,,,,,,,,,,,,,,,,,,,,,,,,,,,,,,,,,,,,,,,,,,,1,1,,,,,,,,,,,,,,,,,
,,,,,,,,,,,,,,,,,,,,,,,,,,JP,,Global,,,,,,,,,,,,,,,,,0,2027-02-21 22:00:00,k1,2160,2027-03-04 21:59:59,,,,,,Date Override,,Start Date,End Date,,,,,,,,,,,,,,,
,,,,,,,,,,,,,,,,,,,,,,,,,,Start Date,End Date,Start Date,End Date,,Releases In,,,,,,,,,,,,,,0,First Day,Hours,2160,Throughout,,,,,,,,2027-02-21,2027-03-04,,,,,,,,,,,,,,,
,,,,,,,,,,,,,,,,,,,,,,,,,,2023-06-29,2023-07-10,2027-02-21,2027-03-04,,240 Days,,,,,,,,,,,,,,,,,2160,"Event Rewards (Story, Bingo, Event Pt)",,,,,,Banner Type,1,2027-02-21 22:00:00,2027-03-04 21:59:59,Bamboo Memory (Summer Trip) + Tosen Jordan (Summer Trip),Gold City + Mejiro Palmer,,Bamboo Memory (Summer Trip) + Tosen Jordan (Summer Trip),Gold City + Mejiro Palmer,,,,,,,,,,
,,,,,,,,,,,,,,,,,,,,,,,,,,,,,,,,,,,,,,,,,,,,,,,,,,,,,,,JP,,JP Datedif,855,,,,,,,51,51,58,65,2027-02-21 22:00:00,,,,
,,,,,,,,,,,,,,,,,,,,,,,,,,,,,,,,,,,,,,,,,,,,,,,,,,,,,,,Start Date,End Date,Global Datedif,605,,,,,,,,,,,,,,,
,,,,,,,,,,,,,,,,,,,,,,,,,,,,,,,,,,,,,,,,,,,,,,,,,,,,,,,2023-06-29,2023-07-10,D-Day,240,,,,,,,,,,,,,,,
,,,,,,,,,,,,,,,,,,,,,,,,,,,,,,,,,,,,,,,,,,,,,150,2027-03-04 21:59:59,k3,,,,,,,,Pull Tickets,,Finals Day,250,,,,,,,,,,,,,,,
,,,,,,,,,,,,,,,,,,,,,,,,,,,,,,,,,,,,,,,,,,,,,150,Last Day,,,,,,,,,Uma,Support,Length,11,,,,,,,,,,,,,,,
,,,,,,,,,,,,,,,,,,,,,,,,,,,,,,,,,,,,,,,,,,,,,150,G1 Celebration Missions (Japan Dirt Derby),,,,,,,,,2,2,Dropdown,FALSE,,,,,,,,,,,,,,,
,,,,,,,,,,,,,,,,,,,,,,,,,,,,,,,Bamboo Memory,Tosen Jordan,Gold City,Mejiro Palmer,,,,,,Daitaku Helios,,,,,,,,,,,,,,,Limit Break Crystals,,,,,,,,,,,,,,,,,,
,,,,,,,,,,,,,,,,,,,,,,,,,,,,,,,(Summer Trip),(Summer Trip),,,,,,,,,,,,,,,,,,,,,,,SSR,SR,,,,,,,,,,,,,,,,,
,,,,,,,,,,,,,,,,,,,,,,,,,,,,,,,,,,,,,,,,,,,,,,,,,,,,,,,3,3,,,,,,,,,,,,,,,,,
,,,,,,,,,,,,,,,,,,,,,,,,,,JP,,Global,,,,,,,,,,,,,,,,,80,2027-03-01 22:00:00,k1,500,2027-03-12 21:59:59,,,,,,Date Override,,Start Date,End Date,,,,,,,,,,,,,,,
,,,,,,,,,,,,,,,,,,,,,,,,,,Start Date,End Date,Start Date,End Date,,Releases In,,,,,,,,,,,,,,80,First Day,Hours,500,Throughout,,,,,,,,2027-03-01,2027-03-12,,,,,,,,,,,,,,,
,,,,,,,,,,,,,,,,,,,,,,,,,,2023-07-10,2023-07-21,2027-03-01,2027-03-12,,248 Days,,,,,,,,,,,,,,80,Uma Story Ch 1-4,,250,Legend Race (Mayano Top Gun Wedding),,,,,,Banner Type,1,2027-03-01 22:00:00,2027-03-12 21:59:59,Katsuragi Ace,Daiichi Ruby + Twin Turbo,,Katsuragi Ace,Daiichi Ruby + Twin Turbo,,,,,,,,,,
,,,,,,,,,,,,,,,,,,,,,,,,,,,,,,,,,,,,,,,,,,,,,,,,250,Legend Race (Sweep Tosho),,,,,,JP,,JP Datedif,866,,,,,,,51,51,59,67,2027-03-01 22:00:00,,,,
,,,,,,,,,,,,,,,,,,,,,,,,,,,,,,,,,,,,,,,,,,,,,,,,,,,,,,,Start Date,End Date,Global Datedif,613,,,,,,,,,,,,,,,
,,,,,,,,,,,,,,,,,,,,,,,,,,,,,,,,,,,,,,,,,,,,,,,,,,,,,,,2023-07-10,2023-07-21,D-Day,248,,,,,,,,,,,,,,,
,,,,,,,,,,,,,,,,,,,,,,,,,,,,,,,,,,,,,,,,,,,,,0,2027-03-12 21:59:59,k3,,,,,,,,Pull Tickets,,Finals Day,258,,,,,,,,,,,,,,,
,,,,,,,,,,,,,,,,,,,,,,,,,,,,,,,,,,,,,,,,,,,,,0,Last Day,,,,,,,,,Uma,Support,Length,11,,,,,,,,,,,,,,,
,,,,,,,,,,,,,,,,,,,,,,,,,,,,,,,,,,,,,,,,,,,,,,,,,,,,,,,0,0,Dropdown,FALSE,,,,,,,,,,,,,,,
,,,,,,,,,,,,,,,,,,,,,,,,,,,,,,,Katsuragi Ace,,Daiichi Ruby,Twin Turbo,,,,,,,,,,,,,,,,,,,,,Limit Break Crystals,,,,,,,,,,,,,,,,,,
,,,,,,,,,,,,,,,,,,,,,,,,,,,,,,,,,,,,,,,,,,,,,,,,,,,,,,,SSR,SR,,,,,,,,,,,,,,,,,
,,,,,,,,,,,,,,,,,,,,,,,,,,,,,,,,,,,,,,,,,,,,,,,,,,,,,,,1,2,,,,,,,,,,,,,,,,,
,,,,,,,,,,,,,,,,,,,,,,,,,,JP,,Global,,,,,,,,,,,,,,,,,,,,,,,,,,,Date Override,,Start Date,End Date,,,,,,,,,,,,,,,
,,,,,,,,,,,,,,,,,,,,,,,,,,Start Date,End Date,Start Date,End Date,,Starts In,,,,,,,,,,,,,,,,,,,,,,,,,,2027-03-03,2027-03-09,,,,,,,,,,,,,,,
,,,,,,,,,,,,,,,,,,,,,,,,,,2023-07-13,2023-07-19,2027-03-03,2027-03-09,,250 Days,,,,,,,,,,,,,,,,,,,,,,,,Banner Type,-1,2027-03-03 22:00:00,2027-03-09 21:59:59,,,,,,,,,,,,,,,
,,,,,,,,,,,,,,,,,,,,,,,,,,LoH #2,,,,,,,,,,,,,,,,,,,,,,,,,,,,,JP,,JP Datedif,869,,,,,,,51,51,61,69,2027-03-03 22:00:00,,,2,2027-03-07 21:59:59
,,,,,,,,,,,,,,,,,,,,,,,,,,,,,,,,,,,,,,,,,,,,,,,,,,,,,,,Start Date,End Date,Global Datedif,615,,,,,,,,,,,,,,,
,,,,,,,,,,,,,,,,,,,,,,,,,,Nakayama,Turf,,,,,,,,,,,,,,,,,,,,,,,,,,,,2023-07-13,2023-07-19,D-Day,250,,,,,,,,,,,,,,,
,,,,,,,,,,,,,,,,,,,,,,,,,,1200m,Sprint,Right-Handed,,,,,,,,,,,,,,,,,,,,,,,,,,,Pull Tickets,,Finals Day,255,,,,,,,,,,,,,,,
,,,,,,,,,,,,,,,,,,,,,,,,,,,Summer,,,,,,,,,,,,,,,,,,,,,,,,,,,,Uma,Support,Length,6,,,,,,,,,,,,,,,
,,,,,,,,,,,,,,,,,,,,,,,,,,,,,,,,,,,,,,,,,,,,,,,,,,,,,,,,,Dropdown,FALSE,,,,,,,,,,,,,,,
,,,,,,,,,,,,,,,,,,,,,,,,,,,,,,,,,,,,,,,,,,,,,,,,,,,,,,,Limit Break Crystals,,,,,,,,,,,,,,,,,,
,,,,,,,,,,,,,,,,,,,,,,,,,,,,,,,,,,,,,,,,,,,,,,,,,,,,,,,SSR,SR,,,,,,,,,,,,,,,,,
,,,,,,,,,,,,,,,,,,,,,,,,,,,,,,,,,,,,,,,,,,,,,,,,,,,,,,,2,2,,,,,,,,,,,,,,,,,
,,,,,,,,,,,,,,,,,,,,,,,,,,JP,,Global,,,,,,,,,,,,,,,,,80,2027-03-08 22:00:00,k1,1500,2027-03-18 21:59:59,,,,,,Date Override,,Start Date,End Date,,,,,,,,,,,,,,,
,,,,,,,,,,,,,,,,,,,,,,,,,,Start Date,End Date,Start Date,End Date,,Releases In,,,,,,,,,,,,,,80,First Day,Hours,1500,Throughout,,,,,,,,2027-03-08,2027-03-18,,,,,,,,,,,,,,,
,,,,,,,,,,,,,,,,,,,,,,,,,,2023-07-21,2023-07-31,2027-03-08,2027-03-18,,255 Days,,,,,,,,,,,,,,80,Uma Story Ch 1-4,,1500,3rd Aim for the Stars! Dream Team,,,,,,Banner Type,1,2027-03-08 22:00:00,2027-03-18 21:59:59,Sirius Symboli,Wonder Acute,,Sirius Symboli,Wonder Acute,,,,,,,,,,
,,,,,,,,,,,,,,,,,,,,,,,,,,,,,,,,,,,,,,,,,,,,,,,,,,,,,,,JP,,JP Datedif,877,,,,,,,53,53,63,71,2027-03-08 22:00:00,,,,
,,,,,,,,,,,,,,,,,,,,,,,,,,,,,,,,,,,,,,,,,,,,,,,,,,,,,,,Start Date,End Date,Global Datedif,620,,,,,,,,,,,,,,,
,,,,,,,,,,,,,,,,,,,,,,,,,,,,,,,,,,,,,,,,,,,,,,,,,,,,,,,2023-07-21,2023-07-31,D-Day,255,,,,,,,,,,,,,,,
,,,,,,,,,,,,,,,,,,,,,,,,,,,,,,,,,,,,,,,,,,,,,0,2027-03-18 21:59:59,k3,,,,,,,,Pull Tickets,,Finals Day,264,,,,,,,,,,,,,,,
,,,,,,,,,,,,,,,,,,,,,,,,,,,,,,,,,,,,,,,,,,,,,0,Last Day,,,,,,,,,Uma,Support,Length,10,,,,,,,,,,,,,,,
,,,,,,,,,,,,,,,,,,,,,,,,,,,,,,,,,,,,,,,,,,,,,,,,,,,,,,,2,2,Dropdown,FALSE,,,,,,,,,,,,,,,
,,,,,,,,,,,,,,,,,,,,,,,,,,,,,,,Sirius Symboli,,Wonder Acute,,Grass Wonder,,,,,,,,,,,,,,,,,,,,Limit Break Crystals,,,,,,,,,,,,,,,,,,
,,,,,,,,,,,,,,,,,,,,,,,,,,,,,,,,,,,,,,,,,,,,,,,,,,,,,,,SSR,SR,,,,,,,,,,,,,,,,,
,,,,,,,,,,,,,,,,,,,,,,,,,,,,,,,,,,,,,,,,,,,,,,,,,,,,,,,2,2,,,,,,,,,,,,,,,,,
,,,,,,,,,,,,,,,,,,,,,,,,,,JP,,Global,,,,,,,,,,,,,,,,,0,2027-03-15 22:00:00,k1,2160,2027-03-29 21:59:59,,,,,,Date Override,,Start Date,End Date,,,,,,,,,,,,,,,
,,,,,,,,,,,,,,,,,,,,,,,,,,Start Date,End Date,Start Date,End Date,,Releases In,,,,,,,,,,,,,,0,First Day,Hours,2160,Throughout,,,,,,,,2027-03-15,2027-03-29,,,,,,,,,,,,,,,
,,,,,,,,,,,,,,,,,,,,,,,,,,2023-07-31,2023-08-14,2027-03-15,2027-03-29,,262 Days,,,,,,,,,,,,,,,,,2160,"Event Rewards (Story, Bingo, Event Pt)",,,,,,Banner Type,1,2027-03-15 22:00:00,2027-03-29 21:59:59,Agnes Tachyon (Summer) + Silence Suzuka (Summer),Manhattan Cafe + Jungle Pocket,,Agnes Tachyon (Summer) + Silence Suzuka (Summer),Manhattan Cafe + Jungle Pocket,,,,,,,,,,
,,,,,,,,,,,,,,,,,,,,,,,,,,,,,,,,,,,,,,,,,,,,,,,,,,,,,,,JP,,JP Datedif,887,,,,,,,55,55,66,74,2027-03-15 22:00:00,,,,
,,,,,,,,,,,,,,,,,,,,,,,,,,,,,,,,,,,,,,,,,,,,,,,,,,,,,,,Start Date,End Date,Global Datedif,627,,,,,,,,,,,,,,,
,,,,,,,,,,,,,,,,,,,,,,,,,,,,,,,,,,,,,,,,,,,,,,,,,,,,,,,2023-07-31,2023-08-14,D-Day,262,,,,,,,,,,,,,,,
,,,,,,,,,,,,,,,,,,,,,,,,,,,,,,,,,,,,,,,,,,,,,0,2027-03-29 21:59:59,k3,,,,,,,,Pull Tickets,,Finals Day,275,,,,,,,,,,,,,,,
,,,,,,,,,,,,,,,,,,,,,,,,,,,,,,,,,,,,,,,,,,,,,0,Last Day,,,,,,,,,Uma,Support,Length,14,,,,,,,,,,,,,,,
,,,,,,,,,,,,,,,,,,,,,,,,,,,,,,,,,,,,,,,,,,,,,,,,,,,,,,,2,2,Dropdown,FALSE,,,,,,,,,,,,,,,
,,,,,,,,,,,,,,,,,,,,,,,,,,,,,,,Agnes Tachyon,Silence Suzuka,Manhattan Cafe,Jungle Pocket,,,,,,Air Groove,,,,,,,,,,,,,,,Limit Break Crystals,,,,,,,,,,,,,,,,,,
,,,,,,,,,,,,,,,,,,,,,,,,,,,,,,,(Summer),(Summer),,,,,,,,,,,,,,,,,,,,,,,SSR,SR,,,,,,,,,,,,,,,,,
,,,,,,,,,,,,,,,,,,,,,,,,,,,,,,,,,,,,,,,,,,,,,,,,,,,,,,,3,3,,,,,,,,,,,,,,,,,
,,,,,,,,,,,,,,,,,,,,,,,,,,JP,,Global,,,,Free Pulls,,,,,,,,,,,,,0,2027-03-25 22:00:00,k1,2000,2027-04-04 21:59:59,,,,,,Date Override,,Start Date,End Date,,,,,,,,,,,,,,,
,,,,,,,,,,,,,,,,,,,,,,,,,,Start Date,End Date,Start Date,End Date,,Releases In,Uma,Support,,,,,,,,,,,,0,First Day,Hours,2000,Throughout,,,,,,,,2027-03-25,2027-04-04,,,,,,,,,,,,,,,
,,,,,,,,,,,,,,,,,,,,,,,,,,2023-08-14,2023-08-24,2027-03-25,2027-04-04,,272 Days,11,0,,,,,,,,,,,,,,,1500,Countdown to the 2.5th Anniversary,,,,,,Banner Type,1,2027-03-25 22:00:00,2027-04-04 21:59:59,Copano Rickey (Rerun) + Hokko Tarumae (Rerun),Mejiro Ramonu + Maruzensky,,Copano Rickey (Rerun) + Hokko Tarumae (Rerun),Mejiro Ramonu + Maruzensky,,,,,,,,,,
,,,,,,,,,,,,,,,,,,,,,,,,,,,,,,,,,,,,,,,,,,,,,,,,,,,,,,,JP,,JP Datedif,901,,,,,,,57,57,67,76,2027-03-25 22:00:00,,,,
,,,,,,,,,,,,,,,,,,,,,,,,,,,,,,,,,,,,,,,,,,,,,,,,250,Legend Race (Smart Falcon),,,,,,Start Date,End Date,Global Datedif,637,,,,,,,,,,,,,,,
,,,,,,,,,,,,,,,,,,,,,,,,,,,,,,,,,,,,,,,,,,,,,,,,250,Legend Race (Kopano Riki),,,,,,2023-08-14,2023-08-24,D-Day,272,,,,,,,,,,,,,,,
,,,,,,,,,,,,,,,,,,,,,,,,,,,,,,,,,,,,,,,,,,,,,500,2027-04-04 21:59:59,k3,,,,,,,,Pull Tickets,,Finals Day,281,,,,,,,,,,,,,,,
,,,,,,,,,,,,,,,,,,,,,,,,,,,,,,,,,,,,,,,,,,,,,500,Last Day,,,,,,,,,Uma,Support,Length,10,,,,,,,,,,,,,,,
,,,,,,,,,,,,,,,,,,,,,,,,,,,,,,,,,,,,,,,,,,,,,500,2.5th Anniversary Celebration Missions Part 1,,,,,,,,,2,2,Dropdown,FALSE,,,,,,,,,,,,,,,
,,,,,,,,,,,,,,,,,,,,,,,,,,,,,,,Copano Rickey,Hokko Tarumae,Mejiro Ramonu,Maruzensky,,,,,,,,,,,,,,,,,,,,,Limit Break Crystals,,,,,,,,,,,,,,,,,,
,,,,,,,,,,,,,,,,,,,,,,,,,,,,,,,(Rerun),(Rerun),,,,,,,,,,,,,,,,,,,,,,,SSR,SR,,,,,,,,,,,,,,,,,
,,,,,,,,,,,,,,,,,,,,,,,,,,,,,,,11x Free Pulls,,,,,,,,,,,,,,,,,,,,,,,,1,2,,,,,,,,,,,,,,,,,
,,,,,,,,,,,,,,,,,,,,,,,,,,,,,,,,,,,,,,,,,,,,,,,,,,,,,,,Date Override,,Start Date,End Date,,,,,,,,,,,,,,,
,,,,,,,,,,,,,,,,,,,,,,,,,,,,,,,,,,,,,,,,,,,,,,,,,,,,,,,,,2027-03-28,2027-04-03,,,,,,,,,,,,,,,
,,,,,,,,,,,,,,,,,,,,,,,,,,,,,,,,,,,,,,,,,,,,,,,,,,,,,,,Banner Type,-1,2027-03-28 22:00:00,2027-04-03 21:59:59,,,,,,,,,,,,,,,
,,,,,,,,,,,,,,,,,,,,,,,,,,,,,,,,,,,,,,,,,,,,,,,,,,,,,,,JP,,JP Datedif,905,,,,,,,57,57,67,76,2027-03-28 22:00:00,12,2027-04-02 21:59:59,,
,,,,,,,,,,,,,,,,,,,,,,,,,,,,,,,,,,,,,,,,,,,,,,,,,,,,,,,Start Date,End Date,Global Datedif,640,,,,,,,,,,,,,,,
,,,,,,,,,,,,,,,,,,,,,,,,,,,,,,,,,,,,,,,,,,,,,,,,,,,,,,,2023-08-18,2023-08-24,D-Day,275,,,,,,,,,,,,,,,
,,,,,,,,,,,,,,,,,,,,,,,,,,,,,,,,,,,,,,,,,,,,,,,,,,,,,,,Pull Tickets,,Finals Day,280,,,,,,,,,,,,,,,
,,,,,,,,,,,,,,,,,,,,,,,,,,,,,,,,,,,,,,,,,,,,,,,,,,,,,,,Uma,Support,Length,6,,,,,,,,,,,,,,,
,,,,,,,,,,,,,,,,,,,,,,,,,,,,,,,,,,,,,,,,,,,,,,,,,,,,,,,,,Dropdown,FALSE,,,,,,,,,,,,,,,
,,,,,,,,,,,,,,,,,,,,,,,,,,,,,,,,,,,,,,,,,,,,,,,,,,,,,,,Limit Break Crystals,,,,,,,,,,,,,,,,,,
,,,,,,,,,,,,,,,,,,,,,,,,,,,,,,,,,,,,,,,,,,,,,,,,,,,,,,,SSR,SR,,,,,,,,,,,,,,,,,
,,,,,,,,,,,,,,,,,,,,,,,,,,,,,,,,,,,,Project L'Arc,,,,,,,,,,,,,,,,,,,,,,,,,,,,,,,,,,,,,
,,,,,,,,,,,,,,,,,,,,,,,,,,JP,,Global,,,,Free Pulls,,,,,,,,,,,,,3080,2027-04-01 22:00:00,k1,3500,2027-04-19 21:59:59,,,,,,Date Override,,Start Date,End Date,,,,,,,,,,,,,,,
,,,,,,,,,,,,,,,,,,,,,,,,,,Start Date,End Date,Start Date,End Date,,Releases In,Uma,Support,,,2.5th Anniversary: April 2027,,,,,,,,,3080,First Day,Hours,3500,Throughout,,,,,,,,2027-04-01,2027-04-19,,,,,,,,,,,,,,,
,,,,,,,,,,,,,,,,,,,,,,,,,,2023-08-24,2023-09-11,2027-04-01,2027-04-19,,279 Days,0,100,,,,,,,,,,,,3000,2.5th Anniversary Login Gift,,3000,2.5th Anniversary Login Bonus,,,,,,Banner Type,1,2027-04-01 22:00:00,2027-04-19 21:59:59,Narita Top Road,Mei Satake + El Condor Pasa,,Narita Top Road,Mei Satake + El Condor Pasa,,,,,,,,,,
,,,,,,,,,,,,,,,,,,,,,,,,,,,,,,,,,,,,,,,,,,,,,,,,,,,,,,,JP,,JP Datedif,911,,,,,,,61,61,73,83,2027-04-01 22:00:00,,,,
,,,,,,,,,,,,,,,,,,,,,,,,,,,,,,,,,,,,,,,,,,,,,80,Uma Story Ch 1-4,,,,,,,,,Start Date,End Date,Global Datedif,644,,,,,,,,,,,,,,,
,,,,,,,,,,,,,,,,,,,,,,,,,,,,,,,,,,,,,,,,,,,,,,,,250,Legend Race (Bamboo Memory),,,,,,2023-08-24,2023-09-11,D-Day,279,,,,,,,,,,,,,,,
,,,,,,,,,,,,,,,,,,,,,,,,,,,,,,,,,,,,,,,,,,,,,1000,2027-04-19 21:59:59,k3,250,Legend Race (Taiki Shuttle Camping),,,,,,Pull Tickets,,Finals Day,296,,,,,,,,,,,,,,,
,,,,,,,,,,,,,,,,,,,,,,,,,,,,,,,,,,,,,,,,,,,,,1000,Last Day,,,,,,,,,Uma,Support,Length,18,,,,,,,,,,,,,,,
,,,,,,,,,,,,,,,,,,,,,,,,,,,,,,,,,,,,,,,,,,,,,500,2.5th Anniversary Celebration Missions Part 2,,,,,,,,,4,4,Dropdown,FALSE,,,,,,,,,,,,,,,
,,,,,,,,,,,,,,,,,,,,,,,,,,,,,,,Narita Top Road,,Mei Satake,El Condor Pasa,,,,3* Uma Selector,SSR Selector,Admire Vega,,,,,500,"2.5th Anniversary Celebration Missions Part 3, SSR Selector",,,,,,,,,Limit Break Crystals,,,,,,,,,,,,,,,,,,
,,,,,,,,,,,,,,,,,,,,,,,,,,,,,,,,,100x Free Pulls,,,,,"1 Paid ($21),&($70)","1 Paid ($21),&($70)",,,,,,0,Bookmark of Reminiscence Support Card Missions,,,,,,,,,SSR,SR,,,,,,,,,,,,,,,,,
,,,,,,,,,,,,,,,,,,,,,,,,,,,,,,,,,,,,,,Up to Agnes Tachyon/Silence Suzuka,Up to Manhattan Cafe/Jungle Pocket,,,,,,,,,,,,,,,,6,7,,,,,,,,,,,,,,,,,
,,,,,,,,,,,,,,,,,,,,,,,,,,JP,,Global,,,,,,,,,,,,,,,,,0,2027-04-06 22:00:00,k1,1550,2027-04-17 21:59:59,,,,,,Date Override,,Start Date,End Date,,,,,,,,,,,,,,,
,,,,,,,,,,,,,,,,,,,,,,,,,,Start Date,End Date,Start Date,End Date,,Releases In,,,,,,,,,,,,,,0,First Day,Hours,1550,Throughout,,,,,,,,2027-04-06,2027-04-17,,,,,,,,,,,,,,,
,,,,,,,,,,,,,,,,,,,,,,,,,,2023-08-31,2023-09-11,2027-04-06,2027-04-17,,284 Days,,,,,,,,,,,,,,,,,1550,Trainer Skill Test,,,,,,Banner Type,1,2027-04-06 22:00:00,2027-04-17 21:59:59,Gold Ship (Project L'Arc),Nakayama Festa Wit,,Gold Ship (Project L'Arc),Nakayama Festa Wit,,,,,,,,,,
,,,,,,,,,,,,,,,,,,,,,,,,,,,,,,,,,,,,,,,,,,,,,,,,,,,,,,,JP,,JP Datedif,918,,,,,,,66,66,74,85,2027-04-06 22:00:00,,,,
,,,,,,,,,,,,,,,,,,,,,,,,,,,,,,,,,,,,,,,,,,,,,,,,,,,,,,,Start Date,End Date,Global Datedif,649,,,,,,,,,,,,,,,
,,,,,,,,,,,,,,,,,,,,,,,,,,,,,,,,,,,,,,,,,,,,,,,,,,,,,,,2023-08-31,2023-09-11,D-Day,284,,,,,,,,,,,,,,,
,,,,,,,,,,,,,,,,,,,,,,,,,,,,,,,,,,,,,,,,,,,,,0,2027-04-17 21:59:59,k3,,,,,,,,Pull Tickets,,Finals Day,294,,,,,,,,,,,,,,,
,,,,,,,,,,,,,,,,,,,,,,,,,,,,,,,,,,,,,,,,,,,,,0,Last Day,,,,,,,,,Uma,Support,Length,11,,,,,,,,,,,,,,,
,,,,,,,,,,,,,,,,,,,,,,,,,,,,,,,,,,,,,,,,,,,,,,,,,,,,,,,5,5,Dropdown,FALSE,,,,,,,,,,,,,,,
,,,,,,,,,,,,,,,,,,,,,,,,,,,,,,,Gold Ship,,Nakayama Festa Wit,,Kitasan Black,,,,Free SSR Selector,,,,,,,,,,,,,,,,Limit Break Crystals,,,,,,,,,,,,,,,,,,
,,,,,,,,,,,,,,,,,,,,,,,,,,,,,,,(Project L'Arc),,,,,,,,Up to Manhattan Cafe/Jungle Pocket,,,,,,,,,,,,,,,,SSR,SR,,,,,,,,,,,,,,,,,
,,,,,,,,,,,,,,,,,,,,,,,,,,,,,,,,,,,,,,,,,,,,,,,,,,,,,,,1,2,,,,,,,,,,,,,,,,,
,,,,,,,,,,,,,,,,,,,,,,,,,,JP,,Global,,,,,,,,,,,,,,,,,0,2027-04-14 22:00:00,k1,0,2027-04-23 21:59:59,,,,,,Date Override,,Start Date,End Date,,,,,,,,,,,,,,,
,,,,,,,,,,,,,,,,,,,,,,,,,,Start Date,End Date,Start Date,End Date,,Releases In,,,,,,,,,,,,,,0,First Day,Hours,0,Throughout,,,,,,,,2027-04-14,2027-04-23,,,,,,,,,,,,,,,
,,,,,,,,,,,,,,,,,,,,,,,,,,2023-09-11,2023-09-20,2027-04-14,2027-04-23,,292 Days,,,,,,,,,,,,,,,,,,,,,,,,Banner Type,1,2027-04-14 22:00:00,2027-04-23 21:59:59,Satono Diamond (Project L'Arc),Mejiro McQueen + Special Week,,Satono Diamond (Project L'Arc),Mejiro McQueen + Special Week,,,,,,,,,,
,,,,,,,,,,,,,,,,,,,,,,,,,,,,,,,,,,,,,,,,,,,,,,,,,,,,,,,JP,,JP Datedif,929,,,,,,,66,66,74,85,2027-04-14 22:00:00,,,,
,,,,,,,,,,,,,,,,,,,,,,,,,,,,,,,,,,,,,,,,,,,,,,,,,,,,,,,Start Date,End Date,Global Datedif,657,,,,,,,,,,,,,,,
,,,,,,,,,,,,,,,,,,,,,,,,,,,,,,,,,,,,,,,,,,,,,,,,,,,,,,,2023-09-11,2023-09-20,D-Day,292,,,,,,,,,,,,,,,
,,,,,,,,,,,,,,,,,,,,,,,,,,,,,,,,,,,,,,,,,,,,,0,2027-04-23 21:59:59,k3,,,,,,,,Pull Tickets,,Finals Day,300,,,,,,,,,,,,,,,
,,,,,,,,,,,,,,,,,,,,,,,,,,,,,,,,,,,,,,,,,,,,,0,Last Day,,,,,,,,,Uma,Support,Length,9,,,,,,,,,,,,,,,
,,,,,,,,,,,,,,,,,,,,,,,,,,,,,,,,,,,,,,,,,,,,,,,,,,,,,,,0,0,Dropdown,FALSE,,,,,,,,,,,,,,,
,,,,,,,,,,,,,,,,,,,,,,,,,,,,,,,Satono Diamond,,Mejiro McQueen,Special Week,,,,,,,,,,,,,,,,,,,,,Limit Break Crystals,,,,,,,,,,,,,,,,,,
,,,,,,,,,,,,,,,,,,,,,,,,,,,,,,,(Project L'Arc),,,,,,,,,,,,,,,,,,,,,,,,SSR,SR,,,,,,,,,,,,,,,,,
,,,,,,,,,,,,,,,,,,,,,,,,,,,,,,,,,,,,,,,,,,,,,,,,,,,,,,,,,,,,,,,,,,,,,,,,,
,,,,,,,,,,,,,,,,,,,,,,,,,,JP,,Global,,,,,,,,,,,,,,,,,,,,,,,,,,,Date Override,,Start Date,End Date,,,,,,,,,,,,,,,
,,,,,,,,,,,,,,,,,,,,,,,,,,Start Date,End Date,Start Date,End Date,,Starts In,,,,,,,,,,,,,,,,,,,,,,,,,,2027-04-15,2027-04-21,,,,,,,,,,,,,,,
,,,,,,,,,,,,,,,,,,,,,,,,,,2023-09-13,2023-09-19,2027-04-15,2027-04-21,,293 Days,,,,,,,,,,,,,,,,,,,,,,,,Banner Type,-1,2027-04-15 22:00:00,2027-04-21 21:59:59,,,,,,,,,,,,,,,
,,,,,,,,,,,,,,,,,,,,,,,,,,LoH #3,,,,,,,,,,,,,,,,,,,,,,,,,,,,,JP,,JP Datedif,931,,,,,,,66,66,76,87,2027-04-15 22:00:00,,,3,2027-04-19 21:59:59
,,,,,,,,,,,,,,,,,,,,,,,,,,,,,,,,,,,,,,,,,,,,,,,,,,,,,,,Start Date,End Date,Global Datedif,658,,,,,,,,,,,,,,,
,,,,,,,,,,,,,,,,,,,,,,,,,,Kyoto,Turf,,,,,,,,,,,,,,,,,,,,,,,,,,,,2023-09-13,2023-09-19,D-Day,293,,,,,,,,,,,,,,,
,,,,,,,,,,,,,,,,,,,,,,,,,,3000m,Long,Right-Handed,,,,,,,,,,,,,,,,,,,,,,,,,,,Pull Tickets,,Finals Day,298,,,,,,,,,,,,,,,
,,,,,,,,,,,,,,,,,,,,,,,,,,,Fall,,,,,,,,,,,,,,,,,,,,,,,,,,,,Uma,Support,Length,6,,,,,,,,,,,,,,,
,,,,,,,,,,,,,,,,,,,,,,,,,,,,,,,,,,,,,,,,,,,,,,,,,,,,,,,,,Dropdown,FALSE,,,,,,,,,,,,,,,
,,,,,,,,,,,,,,,,,,,,,,,,,,,,,,,,,,,,,,,,,,,,,,,,,,,,,,,Limit Break Crystals,,,,,,,,,,,,,,,,,,
,,,,,,,,,,,,,,,,,,,,,,,,,,,,,,,,,,,,,,,,,,,,,,,,,,,,,,,SSR,SR,,,,,,,,,,,,,,,,,
,,,,,,,,,,,,,,,,,,,,,,,,,,,,,,,,,,,,,,,,,,,,,,,,,,,,,,,2,2,,,,,,,,,,,,,,,,,
,Banner 76,Banner 77,Banner 78,Banner 79,Banner 80,Banner 81,Banner 82,Banner 83,Banner 84,Banner 85,Banner 86,Banner 87,Banner 88,Banner 89,Banner 90,Banner 91,Banner 92,Banner 93,Banner 94,Banner 95,Banner 96,Banner 97,Banner 98,Banner 99,Banner 100,JP,,Global,,,,,,,,,,,,,,,,,1080,2027-04-20 22:00:00,k1,0,2027-04-29 21:59:59,,,,,,Date Override,,Start Date,End Date,,,,,,,,,,,,,,,
,Uma,Uma,Uma,Uma,Uma,Uma,Uma,Uma,Uma,Uma,Uma,Uma,Uma,Uma,Uma,Uma,Uma,Uma,Uma,Uma,Uma,Uma,Uma,Uma,Uma,Start Date,End Date,Start Date,End Date,,Releases In,,,,,,,,,,,,,,1080,First Day,Hours,0,Throughout,,,,,,,,2027-04-20,2027-04-29,,,,,,,,,,,,,,,
,N/A,N/A,N/A,N/A,N/A,N/A,N/A,N/A,N/A,N/A,N/A,N/A,N/A,N/A,N/A,N/A,N/A,N/A,N/A,N/A,N/A,N/A,N/A,N/A,N/A,2023-09-20,2023-09-29,2027-04-20,2027-04-29,,298 Days,,,,,,,,,,,,,,80,Uma Story Ch 1-4,,,,,,,,,Banner Type,1,2027-04-20 22:00:00,2027-04-29 21:59:59,K.S.Miracle,Hishi Amazon,,K.S.Miracle,Hishi Amazon,,,,,,,,,,
,Air Shakur,Air Shakur,Air Shakur,Air Shakur,Air Shakur,Air Shakur,Air Shakur,Air Shakur,Air Shakur,Air Shakur,Air Shakur,Air Shakur,Air Shakur,Air Shakur,Air Shakur,Air Shakur,Air Shakur,Air Shakur,Air Shakur,Air Shakur,Air Shakur,Air Shakur,Air Shakur,Air Shakur,Air Shakur,,,,,,,,,,,,,,,,,,,,1000,5th Racing Carnival,,,,,,,,,JP,,JP Datedif,938,,,,,,,69,69,78,89,2027-04-20 22:00:00,,,,
,Seiun Sky (Rerun) + Narita Brian (Rerun),Seiun Sky (Rerun) + Narita Brian (Rerun),Seiun Sky (Rerun) + Narita Brian (Rerun),Seiun Sky (Rerun) + Narita Brian (Rerun),Seiun Sky (Rerun) + Narita Brian (Rerun),Seiun Sky (Rerun) + Narita Brian (Rerun),Seiun Sky (Rerun) + Narita Brian (Rerun),Seiun Sky (Rerun) + Narita Brian (Rerun),Seiun Sky (Rerun) + Narita Brian (Rerun),Seiun Sky (Rerun) + Narita Brian (Rerun),Seiun Sky (Rerun) + Narita Brian (Rerun),Seiun Sky (Rerun) + Narita Brian (Rerun),Seiun Sky (Rerun) + Narita Brian (Rerun),Seiun Sky (Rerun) + Narita Brian (Rerun),Seiun Sky (Rerun) + Narita Brian (Rerun),Seiun Sky (Rerun) + Narita Brian (Rerun),Seiun Sky (Rerun) + Narita Brian (Rerun),Seiun Sky (Rerun) + Narita Brian (Rerun),Seiun Sky (Rerun) + Narita Brian (Rerun),Seiun Sky (Rerun) + Narita Brian (Rerun),Seiun Sky (Rerun) + Narita Brian (Rerun),Seiun Sky (Rerun) + Narita Brian (Rerun),Seiun Sky (Rerun) + Narita Brian (Rerun),Seiun Sky (Rerun) + Narita Brian (Rerun),Seiun Sky (Rerun) + Narita Brian (Rerun),,,,,,,,,,,,,,,,,,,,,,,,,,,,,,Start Date,End Date,Global Datedif,663,,,,,,,,,,,,,,,
,Mejiro McQueen (Summer) + Gold Ship (Summer),Mejiro McQueen (Summer) + Gold Ship (Summer),Mejiro McQueen (Summer) + Gold Ship (Summer),Mejiro McQueen (Summer) + Gold Ship (Summer),Mejiro McQueen (Summer) + Gold Ship (Summer),Mejiro McQueen (Summer) + Gold Ship (Summer),Mejiro McQueen (Summer) + Gold Ship (Summer),Mejiro McQueen (Summer) + Gold Ship (Summer),Mejiro McQueen (Summer) + Gold Ship (Summer),Mejiro McQueen (Summer) + Gold Ship (Summer),Mejiro McQueen (Summer) + Gold Ship (Summer),Mejiro McQueen (Summer) + Gold Ship (Summer),Mejiro McQueen (Summer) + Gold Ship (Summer),Mejiro McQueen (Summer) + Gold Ship (Summer),Mejiro McQueen (Summer) + Gold Ship (Summer),Mejiro McQueen (Summer) + Gold Ship (Summer),Mejiro McQueen (Summer) + Gold Ship (Summer),Mejiro McQueen (Summer) + Gold Ship (Summer),Mejiro McQueen (Summer) + Gold Ship (Summer),Mejiro McQueen (Summer) + Gold Ship (Summer),Mejiro McQueen (Summer) + Gold Ship (Summer),Mejiro McQueen (Summer) + Gold Ship (Summer),Mejiro McQueen (Summer) + Gold Ship (Summer),Mejiro McQueen (Summer) + Gold Ship (Summer),Mejiro McQueen (Summer) + Gold Ship (Summer),,,,,,,,,,,,,,,,,,,,,,,,,,,,,,2023-09-20,2023-09-29,D-Day,298,,,,,,,,,,,,,,,
,Bamboo Memory,Bamboo Memory,Bamboo Memory,Bamboo Memory,Bamboo Memory,Bamboo Memory,Bamboo Memory,Bamboo Memory,Bamboo Memory,Bamboo Memory,Bamboo Memory,Bamboo Memory,Bamboo Memory,Bamboo Memory,Bamboo Memory,Bamboo Memory,Bamboo Memory,Bamboo Memory,Bamboo Memory,Bamboo Memory,Bamboo Memory,Bamboo Memory,Bamboo Memory,Bamboo Memory,Bamboo Memory,,,,,,,,,,,,,,,,,,,,150,2027-04-29 21:59:59,k3,,,,,,,,Pull Tickets,,Finals Day,306,,,,,,,,,,,,,,,
,Copano Rickey,Copano Rickey,Copano Rickey,Copano Rickey,Copano Rickey,Copano Rickey,Copano Rickey,Copano Rickey,Copano Rickey,Copano Rickey,Copano Rickey,Copano Rickey,Copano Rickey,Copano Rickey,Copano Rickey,Copano Rickey,Copano Rickey,Copano Rickey,Copano Rickey,Copano Rickey,Copano Rickey,Copano Rickey,Copano Rickey,Copano Rickey,Copano Rickey,,,,,,,,,,,,,,,,,,,,150,Last Day,,,,,,,,,Uma,Support,Length,9,,,,,,,,,,,,,,,
,Smart Falcon (Grand Live),Smart Falcon (Grand Live),Smart Falcon (Grand Live),Smart Falcon (Grand Live),Smart Falcon (Grand Live),Smart Falcon (Grand Live),Smart Falcon (Grand Live),Smart Falcon (Grand Live),Smart Falcon (Grand Live),Smart Falcon (Grand Live),Smart Falcon (Grand Live),Smart Falcon (Grand Live),Smart Falcon (Grand Live),Smart Falcon (Grand Live),Smart Falcon (Grand Live),Smart Falcon (Grand Live),Smart Falcon (Grand Live),Smart Falcon (Grand Live),Smart Falcon (Grand Live),Smart Falcon (Grand Live),Smart Falcon (Grand Live),Smart Falcon (Grand Live),Smart Falcon (Grand Live),Smart Falcon (Grand Live),Smart Falcon (Grand Live),,,,,,,,,,,,,,,,,,,,150,Autumn G1 Celebration Missions Part 1 (Sprinters Stakes),,,,,,,,,3,3,Dropdown,FALSE,,,,,,,,,,,,,,,
,Winning Ticket (Steampunk) + Narita Taishin (Steampunk),Winning Ticket (Steampunk) + Narita Taishin (Steampunk),Winning Ticket (Steampunk) + Narita Taishin (Steampunk),Winning Ticket (Steampunk) + Narita Taishin (Steampunk),Winning Ticket (Steampunk) + Narita Taishin (Steampunk),Winning Ticket (Steampunk) + Narita Taishin (Steampunk),Winning Ticket (Steampunk) + Narita Taishin (Steampunk),Winning Ticket (Steampunk) + Narita Taishin (Steampunk),Winning Ticket (Steampunk) + Narita Taishin (Steampunk),Winning Ticket (Steampunk) + Narita Taishin (Steampunk),Winning Ticket (Steampunk) + Narita Taishin (Steampunk),Winning Ticket (Steampunk) + Narita Taishin (Steampunk),Winning Ticket (Steampunk) + Narita Taishin (Steampunk),Winning Ticket (Steampunk) + Narita Taishin (Steampunk),Winning Ticket (Steampunk) + Narita Taishin (Steampunk),Winning Ticket (Steampunk) + Narita Taishin (Steampunk),Winning Ticket (Steampunk) + Narita Taishin (Steampunk),Winning Ticket (Steampunk) + Narita Taishin (Steampunk),Winning Ticket (Steampunk) + Narita Taishin (Steampunk),Winning Ticket (Steampunk) + Narita Taishin (Steampunk),Winning Ticket (Steampunk) + Narita Taishin (Steampunk),Winning Ticket (Steampunk) + Narita Taishin (Steampunk),Winning Ticket (Steampunk) + Narita Taishin (Steampunk),Winning Ticket (Steampunk) + Narita Taishin (Steampunk),Winning Ticket (Steampunk) + Narita Taishin (Steampunk),,,,,,K.S.Miracle,,Hishi Amazon,,Taiki Shuttle,,,,,,,,,,,,,,,,,,,,Limit Break Crystals,,,,,,,,,,,,,,,,,,
,Yukino Bijin,Yukino Bijin,Yukino Bijin,Yukino Bijin,Yukino Bijin,Yukino Bijin,Yukino Bijin,Yukino Bijin,Yukino Bijin,Yukino Bijin,Yukino Bijin,Yukino Bijin,Yukino Bijin,Yukino Bijin,Yukino Bijin,Yukino Bijin,Yukino Bijin,Yukino Bijin,Yukino Bijin,Yukino Bijin,Yukino Bijin,Yukino Bijin,Yukino Bijin,Yukino Bijin,Yukino Bijin,,,,,,,,,,,,,,,,,,,,,,,,,,,,,,SSR,SR,,,,,,,,,,,,,,,,,
,Seeking the Pearl,Seeking the Pearl,Seeking the Pearl,Seeking the Pearl,Seeking the Pearl,Seeking the Pearl,Seeking the Pearl,Seeking the Pearl,Seeking the Pearl,Seeking the Pearl,Seeking the Pearl,Seeking the Pearl,Seeking the Pearl,Seeking the Pearl,Seeking the Pearl,Seeking the Pearl,Seeking the Pearl,Seeking the Pearl,Seeking the Pearl,Seeking the Pearl,Seeking the Pearl,Seeking the Pearl,Seeking the Pearl,Seeking the Pearl,Seeking the Pearl,,,,,,,,,,,,,,,,,,,,,,,,,,,,,,2,2,,,,,,,,,,,,,,,,,
,Agnes Digital (Halloween) + Meisho Doto (Halloween),Agnes Digital (Halloween) + Meisho Doto (Halloween),Agnes Digital (Halloween) + Meisho Doto (Halloween),Agnes Digital (Halloween) + Meisho Doto (Halloween),Agnes Digital (Halloween) + Meisho Doto (Halloween),Agnes Digital (Halloween) + Meisho Doto (Halloween),Agnes Digital (Halloween) + Meisho Doto (Halloween),Agnes Digital (Halloween) + Meisho Doto (Halloween),Agnes Digital (Halloween) + Meisho Doto (Halloween),Agnes Digital (Halloween) + Meisho Doto (Halloween),Agnes Digital (Halloween) + Meisho Doto (Halloween),Agnes Digital (Halloween) + Meisho Doto (Halloween),Agnes Digital (Halloween) + Meisho Doto (Halloween),Agnes Digital (Halloween) + Meisho Doto (Halloween),Agnes Digital (Halloween) + Meisho Doto (Halloween),Agnes Digital (Halloween) + Meisho Doto (Halloween),Agnes Digital (Halloween) + Meisho Doto (Halloween),Agnes Digital (Halloween) + Meisho Doto (Halloween),Agnes Digital (Halloween) + Meisho Doto (Halloween),Agnes Digital (Halloween) + Meisho Doto (Halloween),Agnes Digital (Halloween) + Meisho Doto (Halloween),Agnes Digital (Halloween) + Meisho Doto (Halloween),Agnes Digital (Halloween) + Meisho Doto (Halloween),Agnes Digital (Halloween) + Meisho Doto (Halloween),Agnes Digital (Halloween) + Meisho Doto (Halloween),JP,,Global,,,,,,,,,,,,,,,,,0,2027-04-26 22:00:00,k1,2660,2027-05-07 21:59:59,,,,,,Date Override,,Start Date,End Date,,,,,,,,,,,,,,,
,Aston Machan,Aston Machan,Aston Machan,Aston Machan,Aston Machan,Aston Machan,Aston Machan,Aston Machan,Aston Machan,Aston Machan,Aston Machan,Aston Machan,Aston Machan,Aston Machan,Aston Machan,Aston Machan,Aston Machan,Aston Machan,Aston Machan,Aston Machan,Aston Machan,Aston Machan,Aston Machan,Aston Machan,Aston Machan,Start Date,End Date,Start Date,End Date,,Releases In,,,,,,,,,,,,,,0,First Day,Hours,2660,Throughout,,,,,,,,2027-04-26,2027-05-07,,,,,,,,,,,,,,,
,Seeking the Pearl (Rerun),Seeking the Pearl (Rerun),Seeking the Pearl (Rerun),Seeking the Pearl (Rerun),Seeking the Pearl (Rerun),Seeking the Pearl (Rerun),Seeking the Pearl (Rerun),Seeking the Pearl (Rerun),Seeking the Pearl (Rerun),Seeking the Pearl (Rerun),Seeking the Pearl (Rerun),Seeking the Pearl (Rerun),Seeking the Pearl (Rerun),Seeking the Pearl (Rerun),Seeking the Pearl (Rerun),Seeking the Pearl (Rerun),Seeking the Pearl (Rerun),Seeking the Pearl (Rerun),Seeking the Pearl (Rerun),Seeking the Pearl (Rerun),Seeking the Pearl (Rerun),Seeking the Pearl (Rerun),Seeking the Pearl (Rerun),Seeking the Pearl (Rerun),Seeking the Pearl (Rerun),2023-09-29,2023-10-10,2027-04-26,2027-05-07,,304 Days,,,,,,,,,,,,,,,,,2160,"Event Rewards (Story, Bingo, Event Pt)",,,,,,Banner Type,1,2027-04-26 22:00:00,2027-05-07 21:59:59,Air Shakur (Halloween) + Symboli Kris S (Halloween),Tanino Gimlet + Tap Dance City,,Air Shakur (Halloween) + Symboli Kris S (Halloween),Tanino Gimlet + Tap Dance City,,,,,,,,,,
,Yamanin Zephyr,Yamanin Zephyr,Yamanin Zephyr,Yamanin Zephyr,Yamanin Zephyr,Yamanin Zephyr,Yamanin Zephyr,Yamanin Zephyr,Yamanin Zephyr,Yamanin Zephyr,Yamanin Zephyr,Yamanin Zephyr,Yamanin Zephyr,Yamanin Zephyr,Yamanin Zephyr,Yamanin Zephyr,Yamanin Zephyr,Yamanin Zephyr,Yamanin Zephyr,Yamanin Zephyr,Yamanin Zephyr,Yamanin Zephyr,Yamanin Zephyr,Yamanin Zephyr,Yamanin Zephyr,,,,,,,,,,,,,,,,,,,,,,,,,,,,,,JP,,JP Datedif,947,,,,,,,71,71,82,94,2027-04-26 22:00:00,,,,
,Tamamo Cross (Festival) + Inari One (Festival),Tamamo Cross (Festival) + Inari One (Festival),Tamamo Cross (Festival) + Inari One (Festival),Tamamo Cross (Festival) + Inari One (Festival),Tamamo Cross (Festival) + Inari One (Festival),Tamamo Cross (Festival) + Inari One (Festival),Tamamo Cross (Festival) + Inari One (Festival),Tamamo Cross (Festival) + Inari One (Festival),Tamamo Cross (Festival) + Inari One (Festival),Tamamo Cross (Festival) + Inari One (Festival),Tamamo Cross (Festival) + Inari One (Festival),Tamamo Cross (Festival) + Inari One (Festival),Tamamo Cross (Festival) + Inari One (Festival),Tamamo Cross (Festival) + Inari One (Festival),Tamamo Cross (Festival) + Inari One (Festival),Tamamo Cross (Festival) + Inari One (Festival),Tamamo Cross (Festival) + Inari One (Festival),Tamamo Cross (Festival) + Inari One (Festival),Tamamo Cross (Festival) + Inari One (Festival),Tamamo Cross (Festival) + Inari One (Festival),Tamamo Cross (Festival) + Inari One (Festival),Tamamo Cross (Festival) + Inari One (Festival),Tamamo Cross (Festival) + Inari One (Festival),Tamamo Cross (Festival) + Inari One (Festival),Tamamo Cross (Festival) + Inari One (Festival),,,,,,,,,,,,,,,,,,,,,,,250,Legend Race (Kitasan Black),,,,,,Start Date,End Date,Global Datedif,669,,,,,,,,,,,,,,,
,Nakayama Festa,Nakayama Festa,Nakayama Festa,Nakayama Festa,Nakayama Festa,Nakayama Festa,Nakayama Festa,Nakayama Festa,Nakayama Festa,Nakayama Festa,Nakayama Festa,Nakayama Festa,Nakayama Festa,Nakayama Festa,Nakayama Festa,Nakayama Festa,Nakayama Festa,Nakayama Festa,Nakayama Festa,Nakayama Festa,Nakayama Festa,Nakayama Festa,Nakayama Festa,Nakayama Festa,Nakayama Festa,,,,,,,,,,,,,,,,,,,,,,,250,Legend Race (Satono Diamond),,,,,,2023-09-29,2023-10-10,D-Day,304,,,,,,,,,,,,,,,
,Wonder Acute,Wonder Acute,Wonder Acute,Wonder Acute,Wonder Acute,Wonder Acute,Wonder Acute,Wonder Acute,Wonder Acute,Wonder Acute,Wonder Acute,Wonder Acute,Wonder Acute,Wonder Acute,Wonder Acute,Wonder Acute,Wonder Acute,Wonder Acute,Wonder Acute,Wonder Acute,Wonder Acute,Wonder Acute,Wonder Acute,Wonder Acute,Wonder Acute,,,,,,,,,,,,,,,,,,,,150,2027-05-07 21:59:59,k3,,,,,,,,Pull Tickets,,Finals Day,314,,,,,,,,,,,,,,,
,Vodka (Christmas) + Daiwa Scarlet (Christmas),Vodka (Christmas) + Daiwa Scarlet (Christmas),Vodka (Christmas) + Daiwa Scarlet (Christmas),Vodka (Christmas) + Daiwa Scarlet (Christmas),Vodka (Christmas) + Daiwa Scarlet (Christmas),Vodka (Christmas) + Daiwa Scarlet (Christmas),Vodka (Christmas) + Daiwa Scarlet (Christmas),Vodka (Christmas) + Daiwa Scarlet (Christmas),Vodka (Christmas) + Daiwa Scarlet (Christmas),Vodka (Christmas) + Daiwa Scarlet (Christmas),Vodka (Christmas) + Daiwa Scarlet (Christmas),Vodka (Christmas) + Daiwa Scarlet (Christmas),Vodka (Christmas) + Daiwa Scarlet (Christmas),Vodka (Christmas) + Daiwa Scarlet (Christmas),Vodka (Christmas) + Daiwa Scarlet (Christmas),Vodka (Christmas) + Daiwa Scarlet (Christmas),Vodka (Christmas) + Daiwa Scarlet (Christmas),Vodka (Christmas) + Daiwa Scarlet (Christmas),Vodka (Christmas) + Daiwa Scarlet (Christmas),Vodka (Christmas) + Daiwa Scarlet (Christmas),Vodka (Christmas) + Daiwa Scarlet (Christmas),Vodka (Christmas) + Daiwa Scarlet (Christmas),Vodka (Christmas) + Daiwa Scarlet (Christmas),Vodka (Christmas) + Daiwa Scarlet (Christmas),Vodka (Christmas) + Daiwa Scarlet (Christmas),,,,,,,,,,,,,,,,,,,,150,Last Day,,,,,,,,,Uma,Support,Length,11,,,,,,,,,,,,,,,
,Zenno Rob Roy,Zenno Rob Roy,Zenno Rob Roy,Zenno Rob Roy,Zenno Rob Roy,Zenno Rob Roy,Zenno Rob Roy,Zenno Rob Roy,Zenno Rob Roy,Zenno Rob Roy,Zenno Rob Roy,Zenno Rob Roy,Zenno Rob Roy,Zenno Rob Roy,Zenno Rob Roy,Zenno Rob Roy,Zenno Rob Roy,Zenno Rob Roy,Zenno Rob Roy,Zenno Rob Roy,Zenno Rob Roy,Zenno Rob Roy,Zenno Rob Roy,Zenno Rob Roy,Zenno Rob Roy,,,,,,,,,,,,,,,,,,,,150,Autumn G1 Celebration Missions Part 1 (Mile CS Nambu Hai),,,,,,,,,2,2,Dropdown,FALSE,,,,,,,,,,,,,,,
,Narita Brian (Blaze),Narita Brian (Blaze),Narita Brian (Blaze),Narita Brian (Blaze),Narita Brian (Blaze),Narita Brian (Blaze),Narita Brian (Blaze),Narita Brian (Blaze),Narita Brian (Blaze),Narita Brian (Blaze),Narita Brian (Blaze),Narita Brian (Blaze),Narita Brian (Blaze),Narita Brian (Blaze),Narita Brian (Blaze),Narita Brian (Blaze),Narita Brian (Blaze),Narita Brian (Blaze),Narita Brian (Blaze),Narita Brian (Blaze),Narita Brian (Blaze),Narita Brian (Blaze),Narita Brian (Blaze),Narita Brian (Blaze),Narita Brian (Blaze),,,,,,Air Shakur,Symboli Kris S,Tanino Gimlet,Tap Dance City,,,,3* Uma Selector,SSR Selector,Fine Motion,,,,,,,,,,,,,,,Limit Break Crystals,,,,,,,,,,,,,,,,,,
,Kitasan Black (New Year) + Satono Diamond (New Year),Kitasan Black (New Year) + Satono Diamond (New Year),Kitasan Black (New Year) + Satono Diamond (New Year),Kitasan Black (New Year) + Satono Diamond (New Year),Kitasan Black (New Year) + Satono Diamond (New Year),Kitasan Black (New Year) + Satono Diamond (New Year),Kitasan Black (New Year) + Satono Diamond (New Year),Kitasan Black (New Year) + Satono Diamond (New Year),Kitasan Black (New Year) + Satono Diamond (New Year),Kitasan Black (New Year) + Satono Diamond (New Year),Kitasan Black (New Year) + Satono Diamond (New Year),Kitasan Black (New Year) + Satono Diamond (New Year),Kitasan Black (New Year) + Satono Diamond (New Year),Kitasan Black (New Year) + Satono Diamond (New Year),Kitasan Black (New Year) + Satono Diamond (New Year),Kitasan Black (New Year) + Satono Diamond (New Year),Kitasan Black (New Year) + Satono Diamond (New Year),Kitasan Black (New Year) + Satono Diamond (New Year),Kitasan Black (New Year) + Satono Diamond (New Year),Kitasan Black (New Year) + Satono Diamond (New Year),Kitasan Black (New Year) + Satono Diamond (New Year),Kitasan Black (New Year) + Satono Diamond (New Year),Kitasan Black (New Year) + Satono Diamond (New Year),Kitasan Black (New Year) + Satono Diamond (New Year),Kitasan Black (New Year) + Satono Diamond (New Year),,,,,,(Halloween),(Halloween),,,,,,1 Paid ($21),1 Paid ($21),,,,,,,,,,,,,,,,SSR,SR,,,,,,,,,,,,,,,,,
,Hokko Tarumae,Hokko Tarumae,Hokko Tarumae,Hokko Tarumae,Hokko Tarumae,Hokko Tarumae,Hokko Tarumae,Hokko Tarumae,Hokko Tarumae,Hokko Tarumae,Hokko Tarumae,Hokko Tarumae,Hokko Tarumae,Hokko Tarumae,Hokko Tarumae,Hokko Tarumae,Hokko Tarumae,Hokko Tarumae,Hokko Tarumae,Hokko Tarumae,Hokko Tarumae,Hokko Tarumae,Hokko Tarumae,Hokko Tarumae,Hokko Tarumae,,,,,,,,,,,,,Up to Halloween Air Shakur/Kris S,Up to Tanino Gimlet/Tap Dance City,,,,,,,,,,,,,,,,4,5,,,,,,,,,,,,,,,,,
,Daitaku Helios,Daitaku Helios,Daitaku Helios,Daitaku Helios,Daitaku Helios,Daitaku Helios,Daitaku Helios,Daitaku Helios,Daitaku Helios,Daitaku Helios,Daitaku Helios,Daitaku Helios,Daitaku Helios,Daitaku Helios,Daitaku Helios,Daitaku Helios,Daitaku Helios,Daitaku Helios,Daitaku Helios,Daitaku Helios,Daitaku Helios,Daitaku Helios,Daitaku Helios,Daitaku Helios,Daitaku Helios,JP,,Global,,,,,,,,,"Players that join after the initial release of this offer
 will have different contents in these Selectors",,,,,,,,0,2027-05-04 22:00:00,k1,0,2027-05-13 21:59:59,,,,,,Date Override,,Start Date,End Date,,,,,,,,,,,,,,,
,Rice Shower (Halloween) + Haru Urara (New Year),Rice Shower (Halloween) + Haru Urara (New Year),Rice Shower (Halloween) + Haru Urara (New Year),Rice Shower (Halloween) + Haru Urara (New Year),Rice Shower (Halloween) + Haru Urara (New Year),Rice Shower (Halloween) + Haru Urara (New Year),Rice Shower (Halloween) + Haru Urara (New Year),Rice Shower (Halloween) + Haru Urara (New Year),Rice Shower (Halloween) + Haru Urara (New Year),Rice Shower (Halloween) + Haru Urara (New Year),Rice Shower (Halloween) + Haru Urara (New Year),Rice Shower (Halloween) + Haru Urara (New Year),Rice Shower (Halloween) + Haru Urara (New Year),Rice Shower (Halloween) + Haru Urara (New Year),Rice Shower (Halloween) + Haru Urara (New Year),Rice Shower (Halloween) + Haru Urara (New Year),Rice Shower (Halloween) + Haru Urara (New Year),Rice Shower (Halloween) + Haru Urara (New Year),Rice Shower (Halloween) + Haru Urara (New Year),Rice Shower (Halloween) + Haru Urara (New Year),Rice Shower (Halloween) + Haru Urara (New Year),Rice Shower (Halloween) + Haru Urara (New Year),Rice Shower (Halloween) + Haru Urara (New Year),Rice Shower (Halloween) + Haru Urara (New Year),Rice Shower (Halloween) + Haru Urara (New Year),Start Date,End Date,Start Date,End Date,,Releases In,,,,,,,,,,,,,,0,First Day,Hours,0,Throughout,,,,,,,,2027-05-04,2027-05-13,,,,,,,,,,,,,,,
,Ines Fujin (Valentine) + Mejiro Ryan (Valentine),Ines Fujin (Valentine) + Mejiro Ryan (Valentine),Ines Fujin (Valentine) + Mejiro Ryan (Valentine),Ines Fujin (Valentine) + Mejiro Ryan (Valentine),Ines Fujin (Valentine) + Mejiro Ryan (Valentine),Ines Fujin (Valentine) + Mejiro Ryan (Valentine),Ines Fujin (Valentine) + Mejiro Ryan (Valentine),Ines Fujin (Valentine) + Mejiro Ryan (Valentine),Ines Fujin (Valentine) + Mejiro Ryan (Valentine),Ines Fujin (Valentine) + Mejiro Ryan (Valentine),Ines Fujin (Valentine) + Mejiro Ryan (Valentine),Ines Fujin (Valentine) + Mejiro Ryan (Valentine),Ines Fujin (Valentine) + Mejiro Ryan (Valentine),Ines Fujin (Valentine) + Mejiro Ryan (Valentine),Ines Fujin (Valentine) + Mejiro Ryan (Valentine),Ines Fujin (Valentine) + Mejiro Ryan (Valentine),Ines Fujin (Valentine) + Mejiro Ryan (Valentine),Ines Fujin (Valentine) + Mejiro Ryan (Valentine),Ines Fujin (Valentine) + Mejiro Ryan (Valentine),Ines Fujin (Valentine) + Mejiro Ryan (Valentine),Ines Fujin (Valentine) + Mejiro Ryan (Valentine),Ines Fujin (Valentine) + Mejiro Ryan (Valentine),Ines Fujin (Valentine) + Mejiro Ryan (Valentine),Ines Fujin (Valentine) + Mejiro Ryan (Valentine),Ines Fujin (Valentine) + Mejiro Ryan (Valentine),2023-10-10,2023-10-19,2027-05-04,2027-05-13,,312 Days,,,,,,,,,,,,,,,,,,,,,,,,Banner Type,2,2027-05-04 22:00:00,2027-05-13 21:59:59,,Jungle Pocket + Maruzensky + Super Creek + Mejiro Palmer + Rice Shower + Nice Nature + Symboli Rudolf + Ines Fujin + Mejiro Ramonu + Oguri Cap,,,Jungle Pocket + Maruzensky + Super Creek + Mejiro Palmer + Rice Shower + Nice Nature + Symboli Rudolf + Ines Fujin + Mejiro Ramonu + Oguri Cap,,,,,,,,,,
,Shinko Windy,Shinko Windy,Shinko Windy,Shinko Windy,Shinko Windy,Shinko Windy,Shinko Windy,Shinko Windy,Shinko Windy,Shinko Windy,Shinko Windy,Shinko Windy,Shinko Windy,Shinko Windy,Shinko Windy,Shinko Windy,Shinko Windy,Shinko Windy,Shinko Windy,Shinko Windy,Shinko Windy,Shinko Windy,Shinko Windy,Shinko Windy,Shinko Windy,,,,,,,,,,,,,,,,,,,,,,,,,,,,,,JP,,JP Datedif,958,,,,,,,71,71,82,94,2027-05-04 22:00:00,,,,
,Mr. C.B. + Twin Turbo,Mr. C.B. + Twin Turbo,Mr. C.B. + Twin Turbo,Mr. C.B. + Twin Turbo,Mr. C.B. + Twin Turbo,Mr. C.B. + Twin Turbo,Mr. C.B. + Twin Turbo,Mr. C.B. + Twin Turbo,Mr. C.B. + Twin Turbo,Mr. C.B. + Twin Turbo,Mr. C.B. + Twin Turbo,Mr. C.B. + Twin Turbo,Mr. C.B. + Twin Turbo,Mr. C.B. + Twin Turbo,Mr. C.B. + Twin Turbo,Mr. C.B. + Twin Turbo,Mr. C.B. + Twin Turbo,Mr. C.B. + Twin Turbo,Mr. C.B. + Twin Turbo,Mr. C.B. + Twin Turbo,Mr. C.B. + Twin Turbo,Mr. C.B. + Twin Turbo,Mr. C.B. + Twin Turbo,Mr. C.B. + Twin Turbo,Mr. C.B. + Twin Turbo,,,,,,,,,,,,,,,,,,,,,,,,,,,,,,Start Date,End Date,Global Datedif,677,,,,,,,,,,,,,,,
,Daiichi Ruby,Daiichi Ruby,Daiichi Ruby,Daiichi Ruby,Daiichi Ruby,Daiichi Ruby,Daiichi Ruby,Daiichi Ruby,Daiichi Ruby,Daiichi Ruby,Daiichi Ruby,Daiichi Ruby,Daiichi Ruby,Daiichi Ruby,Daiichi Ruby,Daiichi Ruby,Daiichi Ruby,Daiichi Ruby,Daiichi Ruby,Daiichi Ruby,Daiichi Ruby,Daiichi Ruby,Daiichi Ruby,Daiichi Ruby,Daiichi Ruby,,,,,,,,,,,,,,,,,,,,,,,,,,,,,,2023-10-10,2023-10-19,D-Day,312,,,,,,,,,,,,,,,
,Symboli Kris S,Symboli Kris S,Symboli Kris S,Symboli Kris S,Symboli Kris S,Symboli Kris S,Symboli Kris S,Symboli Kris S,Symboli Kris S,Symboli Kris S,Symboli Kris S,Symboli Kris S,Symboli Kris S,Symboli Kris S,Symboli Kris S,Symboli Kris S,Symboli Kris S,Symboli Kris S,Symboli Kris S,Symboli Kris S,Symboli Kris S,Symboli Kris S,Symboli Kris S,Symboli Kris S,Symboli Kris S,,,,,,,,,,,,,,,,,,,,150,2027-05-13 21:59:59,k3,,,,,,,,Pull Tickets,,Finals Day,320,,,,,,,,,,,,,,,
,Mejiro Ardan (Ballroom) + Sakura Chiyono O (Ballroom),Mejiro Ardan (Ballroom) + Sakura Chiyono O (Ballroom),Mejiro Ardan (Ballroom) + Sakura Chiyono O (Ballroom),Mejiro Ardan (Ballroom) + Sakura Chiyono O (Ballroom),Mejiro Ardan (Ballroom) + Sakura Chiyono O (Ballroom),Mejiro Ardan (Ballroom) + Sakura Chiyono O (Ballroom),Mejiro Ardan (Ballroom) + Sakura Chiyono O (Ballroom),Mejiro Ardan (Ballroom) + Sakura Chiyono O (Ballroom),Mejiro Ardan (Ballroom) + Sakura Chiyono O (Ballroom),Mejiro Ardan (Ballroom) + Sakura Chiyono O (Ballroom),Mejiro Ardan (Ballroom) + Sakura Chiyono O (Ballroom),Mejiro Ardan (Ballroom) + Sakura Chiyono O (Ballroom),Mejiro Ardan (Ballroom) + Sakura Chiyono O (Ballroom),Mejiro Ardan (Ballroom) + Sakura Chiyono O (Ballroom),Mejiro Ardan (Ballroom) + Sakura Chiyono O (Ballroom),Mejiro Ardan (Ballroom) + Sakura Chiyono O (Ballroom),Mejiro Ardan (Ballroom) + Sakura Chiyono O (Ballroom),Mejiro Ardan (Ballroom) + Sakura Chiyono O (Ballroom),Mejiro Ardan (Ballroom) + Sakura Chiyono O (Ballroom),Mejiro Ardan (Ballroom) + Sakura Chiyono O (Ballroom),Mejiro Ardan (Ballroom) + Sakura Chiyono O (Ballroom),Mejiro Ardan (Ballroom) + Sakura Chiyono O (Ballroom),Mejiro Ardan (Ballroom) + Sakura Chiyono O (Ballroom),Mejiro Ardan (Ballroom) + Sakura Chiyono O (Ballroom),Mejiro Ardan (Ballroom) + Sakura Chiyono O (Ballroom),,,,,,,,,,,,,,,,,,,,150,Last Day,,,,,,,,,Uma,Support,Length,9,,,,,,,,,,,,,,,
,Sakura Laurel,Sakura Laurel,Sakura Laurel,Sakura Laurel,Sakura Laurel,Sakura Laurel,Sakura Laurel,Sakura Laurel,Sakura Laurel,Sakura Laurel,Sakura Laurel,Sakura Laurel,Sakura Laurel,Sakura Laurel,Sakura Laurel,Sakura Laurel,Sakura Laurel,Sakura Laurel,Sakura Laurel,Sakura Laurel,Sakura Laurel,Sakura Laurel,Sakura Laurel,Sakura Laurel,Sakura Laurel,,,,,,,,,,,,,,,,,,,,150,Autumn G1 Celebration Missions Part 1 (Shuuka Sho),,,,,,,,,0,0,Dropdown,FALSE,,,,,,,,,,,,,,,
,Neo Universe,Neo Universe,Neo Universe,Neo Universe,Neo Universe,Neo Universe,Neo Universe,Neo Universe,Neo Universe,Neo Universe,Neo Universe,Neo Universe,Neo Universe,Neo Universe,Neo Universe,Neo Universe,Neo Universe,Neo Universe,Neo Universe,Neo Universe,Neo Universe,Neo Universe,Neo Universe,Neo Universe,Neo Universe,,,,,,,,Jungle Pocket,Maruzensky,Super Creek,Mejiro Palmer,Rice Shower,Nice Nature,Symboli Rudolf,Ines Fujin,Mejiro Ramonu,Oguri Cap,,,,,,,,,,,,,Limit Break Crystals,,,,,,,,,,,,,,,,,,
,Matikanetannhauser (Sports Festival) + Sakura Bakushin O (Sports Festival),Matikanetannhauser (Sports Festival) + Sakura Bakushin O (Sports Festival),Matikanetannhauser (Sports Festival) + Sakura Bakushin O (Sports Festival),Matikanetannhauser (Sports Festival) + Sakura Bakushin O (Sports Festival),Matikanetannhauser (Sports Festival) + Sakura Bakushin O (Sports Festival),Matikanetannhauser (Sports Festival) + Sakura Bakushin O (Sports Festival),Matikanetannhauser (Sports Festival) + Sakura Bakushin O (Sports Festival),Matikanetannhauser (Sports Festival) + Sakura Bakushin O (Sports Festival),Matikanetannhauser (Sports Festival) + Sakura Bakushin O (Sports Festival),Matikanetannhauser (Sports Festival) + Sakura Bakushin O (Sports Festival),Matikanetannhauser (Sports Festival) + Sakura Bakushin O (Sports Festival),Matikanetannhauser (Sports Festival) + Sakura Bakushin O (Sports Festival),Matikanetannhauser (Sports Festival) + Sakura Bakushin O (Sports Festival),Matikanetannhauser (Sports Festival) + Sakura Bakushin O (Sports Festival),Matikanetannhauser (Sports Festival) + Sakura Bakushin O (Sports Festival),Matikanetannhauser (Sports Festival) + Sakura Bakushin O (Sports Festival),Matikanetannhauser (Sports Festival) + Sakura Bakushin O (Sports Festival),Matikanetannhauser (Sports Festival) + Sakura Bakushin O (Sports Festival),Matikanetannhauser (Sports Festival) + Sakura Bakushin O (Sports Festival),Matikanetannhauser (Sports Festival) + Sakura Bakushin O (Sports Festival),Matikanetannhauser (Sports Festival) + Sakura Bakushin O (Sports Festival),Matikanetannhauser (Sports Festival) + Sakura Bakushin O (Sports Festival),Matikanetannhauser (Sports Festival) + Sakura Bakushin O (Sports Festival),Matikanetannhauser (Sports Festival) + Sakura Bakushin O (Sports Festival),Matikanetannhauser (Sports Festival) + Sakura Bakushin O (Sports Festival),,,,,,,,,,,,,,,,,,,,,,,,,,,,,,SSR,SR,,,,,,,,,,,,,,,,,
,Gold City + Tosen Jordan + Mejiro Palmer + Daitaku Helios,Gold City + Tosen Jordan + Mejiro Palmer + Daitaku Helios,Gold City + Tosen Jordan + Mejiro Palmer + Daitaku Helios,Gold City + Tosen Jordan + Mejiro Palmer + Daitaku Helios,Gold City + Tosen Jordan + Mejiro Palmer + Daitaku Helios,Gold City + Tosen Jordan + Mejiro Palmer + Daitaku Helios,Gold City + Tosen Jordan + Mejiro Palmer + Daitaku Helios,Gold City + Tosen Jordan + Mejiro Palmer + Daitaku Helios,Gold City + Tosen Jordan + Mejiro Palmer + Daitaku Helios,Gold City + Tosen Jordan + Mejiro Palmer + Daitaku Helios,Gold City + Tosen Jordan + Mejiro Palmer + Daitaku Helios,Gold City + Tosen Jordan + Mejiro Palmer + Daitaku Helios,Gold City + Tosen Jordan + Mejiro Palmer + Daitaku Helios,Gold City + Tosen Jordan + Mejiro Palmer + Daitaku Helios,Gold City + Tosen Jordan + Mejiro Palmer + Daitaku Helios,Gold City + Tosen Jordan + Mejiro Palmer + Daitaku Helios,Gold City + Tosen Jordan + Mejiro Palmer + Daitaku Helios,Gold City + Tosen Jordan + Mejiro Palmer + Daitaku Helios,Gold City + Tosen Jordan + Mejiro Palmer + Daitaku Helios,Gold City + Tosen Jordan + Mejiro Palmer + Daitaku Helios,Gold City + Tosen Jordan + Mejiro Palmer + Daitaku Helios,Gold City + Tosen Jordan + Mejiro Palmer + Daitaku Helios,Gold City + Tosen Jordan + Mejiro Palmer + Daitaku Helios,Gold City + Tosen Jordan + Mejiro Palmer + Daitaku Helios,Gold City + Tosen Jordan + Mejiro Palmer + Daitaku Helios,,,,,,,,,,,,,,,,,,,,,,,,,,,,,,,,,,,,,,,,,,,,,,,,
,Hishi Miracle,Hishi Miracle,Hishi Miracle,Hishi Miracle,Hishi Miracle,Hishi Miracle,Hishi Miracle,Hishi Miracle,Hishi Miracle,Hishi Miracle,Hishi Miracle,Hishi Miracle,Hishi Miracle,Hishi Miracle,Hishi Miracle,Hishi Miracle,Hishi Miracle,Hishi Miracle,Hishi Miracle,Hishi Miracle,Hishi Miracle,Hishi Miracle,Hishi Miracle,Hishi Miracle,Hishi Miracle,,,,,,,,,,,,,,,,,,,,,,,,,,,,,,Date Override,,Start Date,End Date,,,,,,,,,,,,,,,
,Tanino Gimlet,Tanino Gimlet,Tanino Gimlet,Tanino Gimlet,Tanino Gimlet,Tanino Gimlet,Tanino Gimlet,Tanino Gimlet,Tanino Gimlet,Tanino Gimlet,Tanino Gimlet,Tanino Gimlet,Tanino Gimlet,Tanino Gimlet,Tanino Gimlet,Tanino Gimlet,Tanino Gimlet,Tanino Gimlet,Tanino Gimlet,Tanino Gimlet,Tanino Gimlet,Tanino Gimlet,Tanino Gimlet,Tanino Gimlet,Tanino Gimlet,,,,,,,,,,,,,,,,,,,,,,,,,,,,,,,,2027-05-06,2027-05-12,,,,,,,,,,,,,,,
,Hishi Amazon (Wedding) + Nishino Flower (Wedding),Hishi Amazon (Wedding) + Nishino Flower (Wedding),Hishi Amazon (Wedding) + Nishino Flower (Wedding),Hishi Amazon (Wedding) + Nishino Flower (Wedding),Hishi Amazon (Wedding) + Nishino Flower (Wedding),Hishi Amazon (Wedding) + Nishino Flower (Wedding),Hishi Amazon (Wedding) + Nishino Flower (Wedding),Hishi Amazon (Wedding) + Nishino Flower (Wedding),Hishi Amazon (Wedding) + Nishino Flower (Wedding),Hishi Amazon (Wedding) + Nishino Flower (Wedding),Hishi Amazon (Wedding) + Nishino Flower (Wedding),Hishi Amazon (Wedding) + Nishino Flower (Wedding),Hishi Amazon (Wedding) + Nishino Flower (Wedding),Hishi Amazon (Wedding) + Nishino Flower (Wedding),Hishi Amazon (Wedding) + Nishino Flower (Wedding),Hishi Amazon (Wedding) + Nishino Flower (Wedding),Hishi Amazon (Wedding) + Nishino Flower (Wedding),Hishi Amazon (Wedding) + Nishino Flower (Wedding),Hishi Amazon (Wedding) + Nishino Flower (Wedding),Hishi Amazon (Wedding) + Nishino Flower (Wedding),Hishi Amazon (Wedding) + Nishino Flower (Wedding),Hishi Amazon (Wedding) + Nishino Flower (Wedding),Hishi Amazon (Wedding) + Nishino Flower (Wedding),Hishi Amazon (Wedding) + Nishino Flower (Wedding),Hishi Amazon (Wedding) + Nishino Flower (Wedding),,,,,,,,,,,,,,,,,,,,,,,,,,,,,,Banner Type,-1,2027-05-06 22:00:00,2027-05-12 21:59:59,,,,,,,,,,,,,,,
,Taiki Shuttle (Camping) + Yamanin Zephyr (Rerun),Taiki Shuttle (Camping) + Yamanin Zephyr (Rerun),Taiki Shuttle (Camping) + Yamanin Zephyr (Rerun),Taiki Shuttle (Camping) + Yamanin Zephyr (Rerun),Taiki Shuttle (Camping) + Yamanin Zephyr (Rerun),Taiki Shuttle (Camping) + Yamanin Zephyr (Rerun),Taiki Shuttle (Camping) + Yamanin Zephyr (Rerun),Taiki Shuttle (Camping) + Yamanin Zephyr (Rerun),Taiki Shuttle (Camping) + Yamanin Zephyr (Rerun),Taiki Shuttle (Camping) + Yamanin Zephyr (Rerun),Taiki Shuttle (Camping) + Yamanin Zephyr (Rerun),Taiki Shuttle (Camping) + Yamanin Zephyr (Rerun),Taiki Shuttle (Camping) + Yamanin Zephyr (Rerun),Taiki Shuttle (Camping) + Yamanin Zephyr (Rerun),Taiki Shuttle (Camping) + Yamanin Zephyr (Rerun),Taiki Shuttle (Camping) + Yamanin Zephyr (Rerun),Taiki Shuttle (Camping) + Yamanin Zephyr (Rerun),Taiki Shuttle (Camping) + Yamanin Zephyr (Rerun),Taiki Shuttle (Camping) + Yamanin Zephyr (Rerun),Taiki Shuttle (Camping) + Yamanin Zephyr (Rerun),Taiki Shuttle (Camping) + Yamanin Zephyr (Rerun),Taiki Shuttle (Camping) + Yamanin Zephyr (Rerun),Taiki Shuttle (Camping) + Yamanin Zephyr (Rerun),Taiki Shuttle (Camping) + Yamanin Zephyr (Rerun),Taiki Shuttle (Camping) + Yamanin Zephyr (Rerun),,,,,,,,,,,,,,,,,,,,,,,,,,,,,,JP,,JP Datedif,961,,,,,,,71,71,82,94,2027-05-06 22:00:00,13,2027-05-11 21:59:59,,
,Marvelous Sunday,Marvelous Sunday,Marvelous Sunday,Marvelous Sunday,Marvelous Sunday,Marvelous Sunday,Marvelous Sunday,Marvelous Sunday,Marvelous Sunday,Marvelous Sunday,Marvelous Sunday,Marvelous Sunday,Marvelous Sunday,Marvelous Sunday,Marvelous Sunday,Marvelous Sunday,Marvelous Sunday,Marvelous Sunday,Marvelous Sunday,Marvelous Sunday,Marvelous Sunday,Marvelous Sunday,Marvelous Sunday,Marvelous Sunday,Marvelous Sunday,,,,,,,,,,,,,,,,,,,,,,,,,,,,,,Start Date,End Date,Global Datedif,679,,,,,,,,,,,,,,,
,Bamboo Memory (Summer Trip) + Tosen Jordan (Summer Trip),Bamboo Memory (Summer Trip) + Tosen Jordan (Summer Trip),Bamboo Memory (Summer Trip) + Tosen Jordan (Summer Trip),Bamboo Memory (Summer Trip) + Tosen Jordan (Summer Trip),Bamboo Memory (Summer Trip) + Tosen Jordan (Summer Trip),Bamboo Memory (Summer Trip) + Tosen Jordan (Summer Trip),Bamboo Memory (Summer Trip) + Tosen Jordan (Summer Trip),Bamboo Memory (Summer Trip) + Tosen Jordan (Summer Trip),Bamboo Memory (Summer Trip) + Tosen Jordan (Summer Trip),Bamboo Memory (Summer Trip) + Tosen Jordan (Summer Trip),Bamboo Memory (Summer Trip) + Tosen Jordan (Summer Trip),Bamboo Memory (Summer Trip) + Tosen Jordan (Summer Trip),Bamboo Memory (Summer Trip) + Tosen Jordan (Summer Trip),Bamboo Memory (Summer Trip) + Tosen Jordan (Summer Trip),Bamboo Memory (Summer Trip) + Tosen Jordan (Summer Trip),Bamboo Memory (Summer Trip) + Tosen Jordan (Summer Trip),Bamboo Memory (Summer Trip) + Tosen Jordan (Summer Trip),Bamboo Memory (Summer Trip) + Tosen Jordan (Summer Trip),Bamboo Memory (Summer Trip) + Tosen Jordan (Summer Trip),Bamboo Memory (Summer Trip) + Tosen Jordan (Summer Trip),Bamboo Memory (Summer Trip) + Tosen Jordan (Summer Trip),Bamboo Memory (Summer Trip) + Tosen Jordan (Summer Trip),Bamboo Memory (Summer Trip) + Tosen Jordan (Summer Trip),Bamboo Memory (Summer Trip) + Tosen Jordan (Summer Trip),Bamboo Memory (Summer Trip) + Tosen Jordan (Summer Trip),,,,,,,,,,,,,,,,,,,,,,,,,,,,,,2023-10-13,2023-10-19,D-Day,314,,,,,,,,,,,,,,,
,Katsuragi Ace,Katsuragi Ace,Katsuragi Ace,Katsuragi Ace,Katsuragi Ace,Katsuragi Ace,Katsuragi Ace,Katsuragi Ace,Katsuragi Ace,Katsuragi Ace,Katsuragi Ace,Katsuragi Ace,Katsuragi Ace,Katsuragi Ace,Katsuragi Ace,Katsuragi Ace,Katsuragi Ace,Katsuragi Ace,Katsuragi Ace,Katsuragi Ace,Katsuragi Ace,Katsuragi Ace,Katsuragi Ace,Katsuragi Ace,Katsuragi Ace,,,,,,,,,,,,,,,,,,,,,,,,,,,,,,Pull Tickets,,Finals Day,319,,,,,,,,,,,,,,,
,Sirius Symboli,Sirius Symboli,Sirius Symboli,Sirius Symboli,Sirius Symboli,Sirius Symboli,Sirius Symboli,Sirius Symboli,Sirius Symboli,Sirius Symboli,Sirius Symboli,Sirius Symboli,Sirius Symboli,Sirius Symboli,Sirius Symboli,Sirius Symboli,Sirius Symboli,Sirius Symboli,Sirius Symboli,Sirius Symboli,Sirius Symboli,Sirius Symboli,Sirius Symboli,Sirius Symboli,Sirius Symboli,,,,,,,,,,,,,,,,,,,,,,,,,,,,,,Uma,Support,Length,6,,,,,,,,,,,,,,,
,Agnes Tachyon (Summer) + Silence Suzuka (Summer),Agnes Tachyon (Summer) + Silence Suzuka (Summer),Agnes Tachyon (Summer) + Silence Suzuka (Summer),Agnes Tachyon (Summer) + Silence Suzuka (Summer),Agnes Tachyon (Summer) + Silence Suzuka (Summer),Agnes Tachyon (Summer) + Silence Suzuka (Summer),Agnes Tachyon (Summer) + Silence Suzuka (Summer),Agnes Tachyon (Summer) + Silence Suzuka (Summer),Agnes Tachyon (Summer) + Silence Suzuka (Summer),Agnes Tachyon (Summer) + Silence Suzuka (Summer),Agnes Tachyon (Summer) + Silence Suzuka (Summer),Agnes Tachyon (Summer) + Silence Suzuka (Summer),Agnes Tachyon (Summer) + Silence Suzuka (Summer),Agnes Tachyon (Summer) + Silence Suzuka (Summer),Agnes Tachyon (Summer) + Silence Suzuka (Summer),Agnes Tachyon (Summer) + Silence Suzuka (Summer),Agnes Tachyon (Summer) + Silence Suzuka (Summer),Agnes Tachyon (Summer) + Silence Suzuka (Summer),Agnes Tachyon (Summer) + Silence Suzuka (Summer),Agnes Tachyon (Summer) + Silence Suzuka (Summer),Agnes Tachyon (Summer) + Silence Suzuka (Summer),Agnes Tachyon (Summer) + Silence Suzuka (Summer),Agnes Tachyon (Summer) + Silence Suzuka (Summer),Agnes Tachyon (Summer) + Silence Suzuka (Summer),Agnes Tachyon (Summer) + Silence Suzuka (Summer),,,,,,,,,,,,,,,,,,,,,,,,,,,,,,,,Dropdown,FALSE,,,,,,,,,,,,,,,
,Copano Rickey (Rerun) + Hokko Tarumae (Rerun),Copano Rickey (Rerun) + Hokko Tarumae (Rerun),Copano Rickey (Rerun) + Hokko Tarumae (Rerun),Copano Rickey (Rerun) + Hokko Tarumae (Rerun),Copano Rickey (Rerun) + Hokko Tarumae (Rerun),Copano Rickey (Rerun) + Hokko Tarumae (Rerun),Copano Rickey (Rerun) + Hokko Tarumae (Rerun),Copano Rickey (Rerun) + Hokko Tarumae (Rerun),Copano Rickey (Rerun) + Hokko Tarumae (Rerun),Copano Rickey (Rerun) + Hokko Tarumae (Rerun),Copano Rickey (Rerun) + Hokko Tarumae (Rerun),Copano Rickey (Rerun) + Hokko Tarumae (Rerun),Copano Rickey (Rerun) + Hokko Tarumae (Rerun),Copano Rickey (Rerun) + Hokko Tarumae (Rerun),Copano Rickey (Rerun) + Hokko Tarumae (Rerun),Copano Rickey (Rerun) + Hokko Tarumae (Rerun),Copano Rickey (Rerun) + Hokko Tarumae (Rerun),Copano Rickey (Rerun) + Hokko Tarumae (Rerun),Copano Rickey (Rerun) + Hokko Tarumae (Rerun),Copano Rickey (Rerun) + Hokko Tarumae (Rerun),Copano Rickey (Rerun) + Hokko Tarumae (Rerun),Copano Rickey (Rerun) + Hokko Tarumae (Rerun),Copano Rickey (Rerun) + Hokko Tarumae (Rerun),Copano Rickey (Rerun) + Hokko Tarumae (Rerun),Copano Rickey (Rerun) + Hokko Tarumae (Rerun),,,,,,,,,,,,,,,,,,,,,,,,,,,,,,Limit Break Crystals,,,,,,,,,,,,,,,,,,
,Narita Top Road,Narita Top Road,Narita Top Road,Narita Top Road,Narita Top Road,Narita Top Road,Narita Top Road,Narita Top Road,Narita Top Road,Narita Top Road,Narita Top Road,Narita Top Road,Narita Top Road,Narita Top Road,Narita Top Road,Narita Top Road,Narita Top Road,Narita Top Road,Narita Top Road,Narita Top Road,Narita Top Road,Narita Top Road,Narita Top Road,Narita Top Road,Narita Top Road,,,,,,,,,,,,,,,,,,,,,,,,,,,,,,SSR,SR,,,,,,,,,,,,,,,,,
,Gold Ship (Project L'Arc),Gold Ship (Project L'Arc),Gold Ship (Project L'Arc),Gold Ship (Project L'Arc),Gold Ship (Project L'Arc),Gold Ship (Project L'Arc),Gold Ship (Project L'Arc),Gold Ship (Project L'Arc),Gold Ship (Project L'Arc),Gold Ship (Project L'Arc),Gold Ship (Project L'Arc),Gold Ship (Project L'Arc),Gold Ship (Project L'Arc),Gold Ship (Project L'Arc),Gold Ship (Project L'Arc),Gold Ship (Project L'Arc),Gold Ship (Project L'Arc),Gold Ship (Project L'Arc),Gold Ship (Project L'Arc),Gold Ship (Project L'Arc),Gold Ship (Project L'Arc),Gold Ship (Project L'Arc),Gold Ship (Project L'Arc),Gold Ship (Project L'Arc),Gold Ship (Project L'Arc),,,,,,,,,,,,,,,,,,,,,,,,,,,,,,,,,,,,,,,,,,,,,,,,
,Satono Diamond (Project L'Arc),Satono Diamond (Project L'Arc),Satono Diamond (Project L'Arc),Satono Diamond (Project L'Arc),Satono Diamond (Project L'Arc),Satono Diamond (Project L'Arc),Satono Diamond (Project L'Arc),Satono Diamond (Project L'Arc),Satono Diamond (Project L'Arc),Satono Diamond (Project L'Arc),Satono Diamond (Project L'Arc),Satono Diamond (Project L'Arc),Satono Diamond (Project L'Arc),Satono Diamond (Project L'Arc),Satono Diamond (Project L'Arc),Satono Diamond (Project L'Arc),Satono Diamond (Project L'Arc),Satono Diamond (Project L'Arc),Satono Diamond (Project L'Arc),Satono Diamond (Project L'Arc),Satono Diamond (Project L'Arc),Satono Diamond (Project L'Arc),Satono Diamond (Project L'Arc),Satono Diamond (Project L'Arc),Satono Diamond (Project L'Arc),JP,,Global,,,,,,,,,,,,,,,,,80,2027-05-10 22:00:00,k1,900,2027-05-21 21:59:59,,,,,,Date Override,,Start Date,End Date,,,,,,,,,,,,,,,
,K.S.Miracle,K.S.Miracle,K.S.Miracle,K.S.Miracle,K.S.Miracle,K.S.Miracle,K.S.Miracle,K.S.Miracle,K.S.Miracle,K.S.Miracle,K.S.Miracle,K.S.Miracle,K.S.Miracle,K.S.Miracle,K.S.Miracle,K.S.Miracle,K.S.Miracle,K.S.Miracle,K.S.Miracle,K.S.Miracle,K.S.Miracle,K.S.Miracle,K.S.Miracle,K.S.Miracle,K.S.Miracle,Start Date,End Date,Start Date,End Date,,Releases In,,,,,,,,,,,,,,80,First Day,Hours,900,Throughout,,,,,,,,2027-05-10,2027-05-21,,,,,,,,,,,,,,,
,Air Shakur (Halloween) + Symboli Kris S (Halloween),Air Shakur (Halloween) + Symboli Kris S (Halloween),Air Shakur (Halloween) + Symboli Kris S (Halloween),Air Shakur (Halloween) + Symboli Kris S (Halloween),Air Shakur (Halloween) + Symboli Kris S (Halloween),Air Shakur (Halloween) + Symboli Kris S (Halloween),Air Shakur (Halloween) + Symboli Kris S (Halloween),Air Shakur (Halloween) + Symboli Kris S (Halloween),Air Shakur (Halloween) + Symboli Kris S (Halloween),Air Shakur (Halloween) + Symboli Kris S (Halloween),Air Shakur (Halloween) + Symboli Kris S (Halloween),Air Shakur (Halloween) + Symboli Kris S (Halloween),Air Shakur (Halloween) + Symboli Kris S (Halloween),Air Shakur (Halloween) + Symboli Kris S (Halloween),Air Shakur (Halloween) + Symboli Kris S (Halloween),Air Shakur (Halloween) + Symboli Kris S (Halloween),Air Shakur (Halloween) + Symboli Kris S (Halloween),Air Shakur (Halloween) + Symboli Kris S (Halloween),Air Shakur (Halloween) + Symboli Kris S (Halloween),Air Shakur (Halloween) + Symboli Kris S (Halloween),Air Shakur (Halloween) + Symboli Kris S (Halloween),Air Shakur (Halloween) + Symboli Kris S (Halloween),Air Shakur (Halloween) + Symboli Kris S (Halloween),Air Shakur (Halloween) + Symboli Kris S (Halloween),Air Shakur (Halloween) + Symboli Kris S (Halloween),2023-10-19,2023-10-30,2027-05-10,2027-05-21,,318 Days,,,,,,,,,,,,,,80,Uma Story Ch 1-4,,900,Agnes Tachyon Factor Study,,,,,,Banner Type,1,2027-05-10 22:00:00,2027-05-21 21:59:59,Mejiro Ramonu,Gold Ship,,Mejiro Ramonu,Gold Ship,,,,,,,,,,
,Mejiro Ramonu,Mejiro Ramonu,Mejiro Ramonu,Mejiro Ramonu,Mejiro Ramonu,Mejiro Ramonu,Mejiro Ramonu,Mejiro Ramonu,Mejiro Ramonu,Mejiro Ramonu,Mejiro Ramonu,Mejiro Ramonu,Mejiro Ramonu,Mejiro Ramonu,Mejiro Ramonu,Mejiro Ramonu,Mejiro Ramonu,Mejiro Ramonu,Mejiro Ramonu,Mejiro Ramonu,Mejiro Ramonu,Mejiro Ramonu,Mejiro Ramonu,Mejiro Ramonu,Mejiro Ramonu,,,,,,,,,,,,,,,,,,,,,,,,,,,,,,JP,,JP Datedif,967,,,,,,,71,71,83,95,2027-05-10 22:00:00,,,,
,Kawakami Princess (Festival) + Tokai Teio (Festival),Kawakami Princess (Festival) + Tokai Teio (Festival),Kawakami Princess (Festival) + Tokai Teio (Festival),Kawakami Princess (Festival) + Tokai Teio (Festival),Kawakami Princess (Festival) + Tokai Teio (Festival),Kawakami Princess (Festival) + Tokai Teio (Festival),Kawakami Princess (Festival) + Tokai Teio (Festival),Kawakami Princess (Festival) + Tokai Teio (Festival),Kawakami Princess (Festival) + Tokai Teio (Festival),Kawakami Princess (Festival) + Tokai Teio (Festival),Kawakami Princess (Festival) + Tokai Teio (Festival),Kawakami Princess (Festival) + Tokai Teio (Festival),Kawakami Princess (Festival) + Tokai Teio (Festival),Kawakami Princess (Festival) + Tokai Teio (Festival),Kawakami Princess (Festival) + Tokai Teio (Festival),Kawakami Princess (Festival) + Tokai Teio (Festival),Kawakami Princess (Festival) + Tokai Teio (Festival),Kawakami Princess (Festival) + Tokai Teio (Festival),Kawakami Princess (Festival) + Tokai Teio (Festival),Kawakami Princess (Festival) + Tokai Teio (Festival),Kawakami Princess (Festival) + Tokai Teio (Festival),Kawakami Princess (Festival) + Tokai Teio (Festival),Kawakami Princess (Festival) + Tokai Teio (Festival),Kawakami Princess (Festival) + Tokai Teio (Festival),Kawakami Princess (Festival) + Tokai Teio (Festival),,,,,,,,,,,,,,,,,,,,,,,,,,,,,,Start Date,End Date,Global Datedif,683,,,,,,,,,,,,,,,
,Tap Dance City,Tap Dance City,Tap Dance City,Tap Dance City,Tap Dance City,Tap Dance City,Tap Dance City,Tap Dance City,Tap Dance City,Tap Dance City,Tap Dance City,Tap Dance City,Tap Dance City,Tap Dance City,Tap Dance City,Tap Dance City,Tap Dance City,Tap Dance City,Tap Dance City,Tap Dance City,Tap Dance City,Tap Dance City,Tap Dance City,Tap Dance City,Tap Dance City,,,,,,,,,,,,,,,,,,,,,,,,,,,,,,2023-10-19,2023-10-30,D-Day,318,,,,,,,,,,,,,,,
,Mejiro Palmer (Christmas) + Mejiro Bright (Christmas),Mejiro Palmer (Christmas) + Mejiro Bright (Christmas),Mejiro Palmer (Christmas) + Mejiro Bright (Christmas),Mejiro Palmer (Christmas) + Mejiro Bright (Christmas),Mejiro Palmer (Christmas) + Mejiro Bright (Christmas),Mejiro Palmer (Christmas) + Mejiro Bright (Christmas),Mejiro Palmer (Christmas) + Mejiro Bright (Christmas),Mejiro Palmer (Christmas) + Mejiro Bright (Christmas),Mejiro Palmer (Christmas) + Mejiro Bright (Christmas),Mejiro Palmer (Christmas) + Mejiro Bright (Christmas),Mejiro Palmer (Christmas) + Mejiro Bright (Christmas),Mejiro Palmer (Christmas) + Mejiro Bright (Christmas),Mejiro Palmer (Christmas) + Mejiro Bright (Christmas),Mejiro Palmer (Christmas) + Mejiro Bright (Christmas),Mejiro Palmer (Christmas) + Mejiro Bright (Christmas),Mejiro Palmer (Christmas) + Mejiro Bright (Christmas),Mejiro Palmer (Christmas) + Mejiro Bright (Christmas),Mejiro Palmer (Christmas) + Mejiro Bright (Christmas),Mejiro Palmer (Christmas) + Mejiro Bright (Christmas),Mejiro Palmer (Christmas) + Mejiro Bright (Christmas),Mejiro Palmer (Christmas) + Mejiro Bright (Christmas),Mejiro Palmer (Christmas) + Mejiro Bright (Christmas),Mejiro Palmer (Christmas) + Mejiro Bright (Christmas),Mejiro Palmer (Christmas) + Mejiro Bright (Christmas),Mejiro Palmer (Christmas) + Mejiro Bright (Christmas),,,,,,,,,,,,,,,,,,,,300,2027-05-21 21:59:59,k3,,,,,,,,Pull Tickets,,Finals Day,328,,,,,,,,,,,,,,,
,Satono Crown,Satono Crown,Satono Crown,Satono Crown,Satono Crown,Satono Crown,Satono Crown,Satono Crown,Satono Crown,Satono Crown,Satono Crown,Satono Crown,Satono Crown,Satono Crown,Satono Crown,Satono Crown,Satono Crown,Satono Crown,Satono Crown,Satono Crown,Satono Crown,Satono Crown,Satono Crown,Satono Crown,Satono Crown,,,,,,,,,,,,,,,,,,,,300,Last Day,,,,,,,,,Uma,Support,Length,11,,,,,,,,,,,,,,,
,Cheval Grand,Cheval Grand,Cheval Grand,Cheval Grand,Cheval Grand,Cheval Grand,Cheval Grand,Cheval Grand,Cheval Grand,Cheval Grand,Cheval Grand,Cheval Grand,Cheval Grand,Cheval Grand,Cheval Grand,Cheval Grand,Cheval Grand,Cheval Grand,Cheval Grand,Cheval Grand,Cheval Grand,Cheval Grand,Cheval Grand,Cheval Grand,Cheval Grand,,,,,,,,,,,,,,,,,,,,150,Autumn G1 Celebration Missions Part 1 (Kikka Sho),,,,,,,,,0,0,Dropdown,FALSE,,,,,,,,,,,,,,,
,Kitasan Black (Anime Collab),Kitasan Black (Anime Collab),Kitasan Black (Anime Collab),Kitasan Black (Anime Collab),Kitasan Black (Anime Collab),Kitasan Black (Anime Collab),Kitasan Black (Anime Collab),Kitasan Black (Anime Collab),Kitasan Black (Anime Collab),Kitasan Black (Anime Collab),Kitasan Black (Anime Collab),Kitasan Black (Anime Collab),Kitasan Black (Anime Collab),Kitasan Black (Anime Collab),Kitasan Black (Anime Collab),Kitasan Black (Anime Collab),Kitasan Black (Anime Collab),Kitasan Black (Anime Collab),Kitasan Black (Anime Collab),Kitasan Black (Anime Collab),Kitasan Black (Anime Collab),Kitasan Black (Anime Collab),Kitasan Black (Anime Collab),Kitasan Black (Anime Collab),Kitasan Black (Anime Collab),,,,,,Mejiro Ramonu,,Gold Ship,,Nice Nature,,,,,,,,,,150,Autumn G1 Celebration Missions Part 2 (Tenno Sho (Autumn)),,,,,,,,,Limit Break Crystals,,,,,,,,,,,,,,,,,,
,Nice Nature (New Year),Nice Nature (New Year),Nice Nature (New Year),Nice Nature (New Year),Nice Nature (New Year),Nice Nature (New Year),Nice Nature (New Year),Nice Nature (New Year),Nice Nature (New Year),Nice Nature (New Year),Nice Nature (New Year),Nice Nature (New Year),Nice Nature (New Year),Nice Nature (New Year),Nice Nature (New Year),Nice Nature (New Year),Nice Nature (New Year),Nice Nature (New Year),Nice Nature (New Year),Nice Nature (New Year),Nice Nature (New Year),Nice Nature (New Year),Nice Nature (New Year),Nice Nature (New Year),Nice Nature (New Year),,,,,,,,,,,,,,,,,,,,,,,,,,,,,,SSR,SR,,,,,,,,,,,,,,,,,
,Vivlos,Vivlos,Vivlos,Vivlos,Vivlos,Vivlos,Vivlos,Vivlos,Vivlos,Vivlos,Vivlos,Vivlos,Vivlos,Vivlos,Vivlos,Vivlos,Vivlos,Vivlos,Vivlos,Vivlos,Vivlos,Vivlos,Vivlos,Vivlos,Vivlos,,,,,,,,,,,,,,,,,,,,,,,,,,,,,,1,1,,,,,,,,,,,,,,,,,
,Yukino Bijin (Valentine) + Manhattan Cafe (Valentine),Yukino Bijin (Valentine) + Manhattan Cafe (Valentine),Yukino Bijin (Valentine) + Manhattan Cafe (Valentine),Yukino Bijin (Valentine) + Manhattan Cafe (Valentine),Yukino Bijin (Valentine) + Manhattan Cafe (Valentine),Yukino Bijin (Valentine) + Manhattan Cafe (Valentine),Yukino Bijin (Valentine) + Manhattan Cafe (Valentine),Yukino Bijin (Valentine) + Manhattan Cafe (Valentine),Yukino Bijin (Valentine) + Manhattan Cafe (Valentine),Yukino Bijin (Valentine) + Manhattan Cafe (Valentine),Yukino Bijin (Valentine) + Manhattan Cafe (Valentine),Yukino Bijin (Valentine) + Manhattan Cafe (Valentine),Yukino Bijin (Valentine) + Manhattan Cafe (Valentine),Yukino Bijin (Valentine) + Manhattan Cafe (Valentine),Yukino Bijin (Valentine) + Manhattan Cafe (Valentine),Yukino Bijin (Valentine) + Manhattan Cafe (Valentine),Yukino Bijin (Valentine) + Manhattan Cafe (Valentine),Yukino Bijin (Valentine) + Manhattan Cafe (Valentine),Yukino Bijin (Valentine) + Manhattan Cafe (Valentine),Yukino Bijin (Valentine) + Manhattan Cafe (Valentine),Yukino Bijin (Valentine) + Manhattan Cafe (Valentine),Yukino Bijin (Valentine) + Manhattan Cafe (Valentine),Yukino Bijin (Valentine) + Manhattan Cafe (Valentine),Yukino Bijin (Valentine) + Manhattan Cafe (Valentine),Yukino Bijin (Valentine) + Manhattan Cafe (Valentine),JP,,Global,,,,,,,,,,,,,,,,,0,2027-05-18 22:00:00,k1,2660,2027-05-28 21:59:59,,,,,,Date Override,,Start Date,End Date,,,,,,,,,,,,,,,
,Biko Pegasus,Biko Pegasus,Biko Pegasus,Biko Pegasus,Biko Pegasus,Biko Pegasus,Biko Pegasus,Biko Pegasus,Biko Pegasus,Biko Pegasus,Biko Pegasus,Biko Pegasus,Biko Pegasus,Biko Pegasus,Biko Pegasus,Biko Pegasus,Biko Pegasus,Biko Pegasus,Biko Pegasus,Biko Pegasus,Biko Pegasus,Biko Pegasus,Biko Pegasus,Biko Pegasus,Biko Pegasus,Start Date,End Date,Start Date,End Date,,Releases In,,,,,,,,,,,,,,0,First Day,Hours,2660,Throughout,,,,,,,,2027-05-18,2027-05-28,,,,,,,,,,,,,,,
,Duramente + Ikuno Dictus,Duramente + Ikuno Dictus,Duramente + Ikuno Dictus,Duramente + Ikuno Dictus,Duramente + Ikuno Dictus,Duramente + Ikuno Dictus,Duramente + Ikuno Dictus,Duramente + Ikuno Dictus,Duramente + Ikuno Dictus,Duramente + Ikuno Dictus,Duramente + Ikuno Dictus,Duramente + Ikuno Dictus,Duramente + Ikuno Dictus,Duramente + Ikuno Dictus,Duramente + Ikuno Dictus,Duramente + Ikuno Dictus,Duramente + Ikuno Dictus,Duramente + Ikuno Dictus,Duramente + Ikuno Dictus,Duramente + Ikuno Dictus,Duramente + Ikuno Dictus,Duramente + Ikuno Dictus,Duramente + Ikuno Dictus,Duramente + Ikuno Dictus,Duramente + Ikuno Dictus,2023-10-30,2023-11-09,2027-05-18,2027-05-28,,326 Days,,,,,,,,,,,,,,,,,2160,"Event Rewards (Story, Bingo, Event Pt)",,,,,,Banner Type,1,2027-05-18 22:00:00,2027-05-28 21:59:59,Kawakami Princess (Festival) + Tokai Teio (Festival),King Halo + Tsurumaru Tsuyoshi,,Kawakami Princess (Festival) + Tokai Teio (Festival),King Halo + Tsurumaru Tsuyoshi,,,,,,,,,,
,Transcend,Transcend,Transcend,Transcend,Transcend,Transcend,Transcend,Transcend,Transcend,Transcend,Transcend,Transcend,Transcend,Transcend,Transcend,Transcend,Transcend,Transcend,Transcend,Transcend,Transcend,Transcend,Transcend,Transcend,Transcend,,,,,,,,,,,,,,,,,,,,,,,,,,,,,,JP,,JP Datedif,978,,,,,,,73,73,87,100,2027-05-18 22:00:00,,,,
,Rhein Kraft,Rhein Kraft,Rhein Kraft,Rhein Kraft,Rhein Kraft,Rhein Kraft,Rhein Kraft,Rhein Kraft,Rhein Kraft,Rhein Kraft,Rhein Kraft,Rhein Kraft,Rhein Kraft,Rhein Kraft,Rhein Kraft,Rhein Kraft,Rhein Kraft,Rhein Kraft,Rhein Kraft,Rhein Kraft,Rhein Kraft,Rhein Kraft,Rhein Kraft,Rhein Kraft,Rhein Kraft,,,,,,,,,,,,,,,,,,,,,,,250,Legend Race (Tamano Cross),,,,,,Start Date,End Date,Global Datedif,691,,,,,,,,,,,,,,,
,Daiichi Ruby (Ballroom) + Daitaku Helios (Ballroom),Daiichi Ruby (Ballroom) + Daitaku Helios (Ballroom),Daiichi Ruby (Ballroom) + Daitaku Helios (Ballroom),Daiichi Ruby (Ballroom) + Daitaku Helios (Ballroom),Daiichi Ruby (Ballroom) + Daitaku Helios (Ballroom),Daiichi Ruby (Ballroom) + Daitaku Helios (Ballroom),Daiichi Ruby (Ballroom) + Daitaku Helios (Ballroom),Daiichi Ruby (Ballroom) + Daitaku Helios (Ballroom),Daiichi Ruby (Ballroom) + Daitaku Helios (Ballroom),Daiichi Ruby (Ballroom) + Daitaku Helios (Ballroom),Daiichi Ruby (Ballroom) + Daitaku Helios (Ballroom),Daiichi Ruby (Ballroom) + Daitaku Helios (Ballroom),Daiichi Ruby (Ballroom) + Daitaku Helios (Ballroom),Daiichi Ruby (Ballroom) + Daitaku Helios (Ballroom),Daiichi Ruby (Ballroom) + Daitaku Helios (Ballroom),Daiichi Ruby (Ballroom) + Daitaku Helios (Ballroom),Daiichi Ruby (Ballroom) + Daitaku Helios (Ballroom),Daiichi Ruby (Ballroom) + Daitaku Helios (Ballroom),Daiichi Ruby (Ballroom) + Daitaku Helios (Ballroom),Daiichi Ruby (Ballroom) + Daitaku Helios (Ballroom),Daiichi Ruby (Ballroom) + Daitaku Helios (Ballroom),Daiichi Ruby (Ballroom) + Daitaku Helios (Ballroom),Daiichi Ruby (Ballroom) + Daitaku Helios (Ballroom),Daiichi Ruby (Ballroom) + Daitaku Helios (Ballroom),Daiichi Ruby (Ballroom) + Daitaku Helios (Ballroom),,,,,,,,,,,,,,,,,,,,,,,250,Legend Race (Tosen Jordan),,,,,,2023-10-30,2023-11-09,D-Day,326,,,,,,,,,,,,,,,
,Winning Ticket (U.A.F.),Winning Ticket (U.A.F.),Winning Ticket (U.A.F.),Winning Ticket (U.A.F.),Winning Ticket (U.A.F.),Winning Ticket (U.A.F.),Winning Ticket (U.A.F.),Winning Ticket (U.A.F.),Winning Ticket (U.A.F.),Winning Ticket (U.A.F.),Winning Ticket (U.A.F.),Winning Ticket (U.A.F.),Winning Ticket (U.A.F.),Winning Ticket (U.A.F.),Winning Ticket (U.A.F.),Winning Ticket (U.A.F.),Winning Ticket (U.A.F.),Winning Ticket (U.A.F.),Winning Ticket (U.A.F.),Winning Ticket (U.A.F.),Winning Ticket (U.A.F.),Winning Ticket (U.A.F.),Winning Ticket (U.A.F.),Winning Ticket (U.A.F.),Winning Ticket (U.A.F.),,,,,,,,,,,,,,,,,,,,0,2027-05-28 21:59:59,k3,,,,,,,,Pull Tickets,,Finals Day,335,,,,,,,,,,,,,,,
,Sounds of Earth,Sounds of Earth,Sounds of Earth,Sounds of Earth,Sounds of Earth,Sounds of Earth,Sounds of Earth,Sounds of Earth,Sounds of Earth,Sounds of Earth,Sounds of Earth,Sounds of Earth,Sounds of Earth,Sounds of Earth,Sounds of Earth,Sounds of Earth,Sounds of Earth,Sounds of Earth,Sounds of Earth,Sounds of Earth,Sounds of Earth,Sounds of Earth,Sounds of Earth,Sounds of Earth,Sounds of Earth,,,,,,,,,,,,,,,,,,,,0,Last Day,,,,,,,,,Uma,Support,Length,10,,,,,,,,,,,,,,,
,Super Creek (Warfare) + Yaeno Muteki (Warfare),Super Creek (Warfare) + Yaeno Muteki (Warfare),Super Creek (Warfare) + Yaeno Muteki (Warfare),Super Creek (Warfare) + Yaeno Muteki (Warfare),Super Creek (Warfare) + Yaeno Muteki (Warfare),Super Creek (Warfare) + Yaeno Muteki (Warfare),Super Creek (Warfare) + Yaeno Muteki (Warfare),Super Creek (Warfare) + Yaeno Muteki (Warfare),Super Creek (Warfare) + Yaeno Muteki (Warfare),Super Creek (Warfare) + Yaeno Muteki (Warfare),Super Creek (Warfare) + Yaeno Muteki (Warfare),Super Creek (Warfare) + Yaeno Muteki (Warfare),Super Creek (Warfare) + Yaeno Muteki (Warfare),Super Creek (Warfare) + Yaeno Muteki (Warfare),Super Creek (Warfare) + Yaeno Muteki (Warfare),Super Creek (Warfare) + Yaeno Muteki (Warfare),Super Creek (Warfare) + Yaeno Muteki (Warfare),Super Creek (Warfare) + Yaeno Muteki (Warfare),Super Creek (Warfare) + Yaeno Muteki (Warfare),Super Creek (Warfare) + Yaeno Muteki (Warfare),Super Creek (Warfare) + Yaeno Muteki (Warfare),Super Creek (Warfare) + Yaeno Muteki (Warfare),Super Creek (Warfare) + Yaeno Muteki (Warfare),Super Creek (Warfare) + Yaeno Muteki (Warfare),Super Creek (Warfare) + Yaeno Muteki (Warfare),,,,,,,,,,,,,,,,,,,,,,,,,,,,,,2,2,Dropdown,FALSE,,,,,,,,,,,,,,,
,Katsuragi Ace + Sakura Chiyono O + (Ballroom) + Hishi Amazon + (Wedding),Katsuragi Ace + Sakura Chiyono O + (Ballroom) + Hishi Amazon + (Wedding),Katsuragi Ace + Sakura Chiyono O + (Ballroom) + Hishi Amazon + (Wedding),Katsuragi Ace + Sakura Chiyono O + (Ballroom) + Hishi Amazon + (Wedding),Katsuragi Ace + Sakura Chiyono O + (Ballroom) + Hishi Amazon + (Wedding),Katsuragi Ace + Sakura Chiyono O + (Ballroom) + Hishi Amazon + (Wedding),Katsuragi Ace + Sakura Chiyono O + (Ballroom) + Hishi Amazon + (Wedding),Katsuragi Ace + Sakura Chiyono O + (Ballroom) + Hishi Amazon + (Wedding),Katsuragi Ace + Sakura Chiyono O + (Ballroom) + Hishi Amazon + (Wedding),Katsuragi Ace + Sakura Chiyono O + (Ballroom) + Hishi Amazon + (Wedding),Katsuragi Ace + Sakura Chiyono O + (Ballroom) + Hishi Amazon + (Wedding),Katsuragi Ace + Sakura Chiyono O + (Ballroom) + Hishi Amazon + (Wedding),Katsuragi Ace + Sakura Chiyono O + (Ballroom) + Hishi Amazon + (Wedding),Katsuragi Ace + Sakura Chiyono O + (Ballroom) + Hishi Amazon + (Wedding),Katsuragi Ace + Sakura Chiyono O + (Ballroom) + Hishi Amazon + (Wedding),Katsuragi Ace + Sakura Chiyono O + (Ballroom) + Hishi Amazon + (Wedding),Katsuragi Ace + Sakura Chiyono O + (Ballroom) + Hishi Amazon + (Wedding),Katsuragi Ace + Sakura Chiyono O + (Ballroom) + Hishi Amazon + (Wedding),Katsuragi Ace + Sakura Chiyono O + (Ballroom) + Hishi Amazon + (Wedding),Katsuragi Ace + Sakura Chiyono O + (Ballroom) + Hishi Amazon + (Wedding),Katsuragi Ace + Sakura Chiyono O + (Ballroom) + Hishi Amazon + (Wedding),Katsuragi Ace + Sakura Chiyono O + (Ballroom) + Hishi Amazon + (Wedding),Katsuragi Ace + Sakura Chiyono O + (Ballroom) + Hishi Amazon + (Wedding),Katsuragi Ace + Sakura Chiyono O + (Ballroom) + Hishi Amazon + (Wedding),Katsuragi Ace + Sakura Chiyono O + (Ballroom) + Hishi Amazon + (Wedding),,,,,,Kawakami Princess,Tokai Teio,King Halo,Tsurumaru Tsuyoshi,,,,,,Haru Urara,,,,,,,,,,,,,,,Limit Break Crystals,,,,,,,,,,,,,,,,,,
,Agnes Tachyon (Alt Version),Agnes Tachyon (Alt Version),Agnes Tachyon (Alt Version),Agnes Tachyon (Alt Version),Agnes Tachyon (Alt Version),Agnes Tachyon (Alt Version),Agnes Tachyon (Alt Version),Agnes Tachyon (Alt Version),Agnes Tachyon (Alt Version),Agnes Tachyon (Alt Version),Agnes Tachyon (Alt Version),Agnes Tachyon (Alt Version),Agnes Tachyon (Alt Version),Agnes Tachyon (Alt Version),Agnes Tachyon (Alt Version),Agnes Tachyon (Alt Version),Agnes Tachyon (Alt Version),Agnes Tachyon (Alt Version),Agnes Tachyon (Alt Version),Agnes Tachyon (Alt Version),Agnes Tachyon (Alt Version),Agnes Tachyon (Alt Version),Agnes Tachyon (Alt Version),Agnes Tachyon (Alt Version),Agnes Tachyon (Alt Version),,,,,,(Festival),(Festival),,,,,,,,,,,,,,,,,,,,,,,SSR,SR,,,,,,,,,,,,,,,,,
,North Flight,North Flight,North Flight,North Flight,North Flight,North Flight,North Flight,North Flight,North Flight,North Flight,North Flight,North Flight,North Flight,North Flight,North Flight,North Flight,North Flight,North Flight,North Flight,North Flight,North Flight,North Flight,North Flight,North Flight,North Flight,,,,,,,,,,,,,,,,,,,,,,,,,,,,,,4,5,,,,,,,,,,,,,,,,,
,King Halo (Wedding) + Sweep Tosho (Wedding),King Halo (Wedding) + Sweep Tosho (Wedding),King Halo (Wedding) + Sweep Tosho (Wedding),King Halo (Wedding) + Sweep Tosho (Wedding),King Halo (Wedding) + Sweep Tosho (Wedding),King Halo (Wedding) + Sweep Tosho (Wedding),King Halo (Wedding) + Sweep Tosho (Wedding),King Halo (Wedding) + Sweep Tosho (Wedding),King Halo (Wedding) + Sweep Tosho (Wedding),King Halo (Wedding) + Sweep Tosho (Wedding),King Halo (Wedding) + Sweep Tosho (Wedding),King Halo (Wedding) + Sweep Tosho (Wedding),King Halo (Wedding) + Sweep Tosho (Wedding),King Halo (Wedding) + Sweep Tosho (Wedding),King Halo (Wedding) + Sweep Tosho (Wedding),King Halo (Wedding) + Sweep Tosho (Wedding),King Halo (Wedding) + Sweep Tosho (Wedding),King Halo (Wedding) + Sweep Tosho (Wedding),King Halo (Wedding) + Sweep Tosho (Wedding),King Halo (Wedding) + Sweep Tosho (Wedding),King Halo (Wedding) + Sweep Tosho (Wedding),King Halo (Wedding) + Sweep Tosho (Wedding),King Halo (Wedding) + Sweep Tosho (Wedding),King Halo (Wedding) + Sweep Tosho (Wedding),King Halo (Wedding) + Sweep Tosho (Wedding),JP,,Global,,,,,,,,,,,,,,,,,0,2027-05-25 22:00:00,k1,0,2027-06-05 21:59:59,,,,,,Date Override,,Start Date,End Date,,,,,,,,,,,,,,,
,Jungle Pocket,Jungle Pocket,Jungle Pocket,Jungle Pocket,Jungle Pocket,Jungle Pocket,Jungle Pocket,Jungle Pocket,Jungle Pocket,Jungle Pocket,Jungle Pocket,Jungle Pocket,Jungle Pocket,Jungle Pocket,Jungle Pocket,Jungle Pocket,Jungle Pocket,Jungle Pocket,Jungle Pocket,Jungle Pocket,Jungle Pocket,Jungle Pocket,Jungle Pocket,Jungle Pocket,Jungle Pocket,Start Date,End Date,Start Date,End Date,,Releases In,,,,,,,,,,,,,,0,First Day,Hours,0,Throughout,,,,,,,,2027-05-25,2027-06-05,,,,,,,,,,,,,,,
,Dream Journey,Dream Journey,Dream Journey,Dream Journey,Dream Journey,Dream Journey,Dream Journey,Dream Journey,Dream Journey,Dream Journey,Dream Journey,Dream Journey,Dream Journey,Dream Journey,Dream Journey,Dream Journey,Dream Journey,Dream Journey,Dream Journey,Dream Journey,Dream Journey,Dream Journey,Dream Journey,Dream Journey,Dream Journey,2023-11-09,2023-11-20,2027-05-25,2027-06-05,,333 Days,,,,,,,,,,,,,,,,,,,,,,,,Banner Type,1,2027-05-25 22:00:00,2027-06-05 21:59:59,,Mejiro McQueen,,,Mejiro McQueen,,,,,,,,,,
,Rice Shower (Great Food Festival),Rice Shower (Great Food Festival),Rice Shower (Great Food Festival),Rice Shower (Great Food Festival),Rice Shower (Great Food Festival),Rice Shower (Great Food Festival),Rice Shower (Great Food Festival),Rice Shower (Great Food Festival),Rice Shower (Great Food Festival),Rice Shower (Great Food Festival),Rice Shower (Great Food Festival),Rice Shower (Great Food Festival),Rice Shower (Great Food Festival),Rice Shower (Great Food Festival),Rice Shower (Great Food Festival),Rice Shower (Great Food Festival),Rice Shower (Great Food Festival),Rice Shower (Great Food Festival),Rice Shower (Great Food Festival),Rice Shower (Great Food Festival),Rice Shower (Great Food Festival),Rice Shower (Great Food Festival),Rice Shower (Great Food Festival),Rice Shower (Great Food Festival),Rice Shower (Great Food Festival),,,,,,,,,,,,,,,,,,,,,,,,,,,,,,JP,,JP Datedif,988,,,,,,,73,73,87,100,2027-05-25 22:00:00,,,,
,Calstone Light O,Calstone Light O,Calstone Light O,Calstone Light O,Calstone Light O,Calstone Light O,Calstone Light O,Calstone Light O,Calstone Light O,Calstone Light O,Calstone Light O,Calstone Light O,Calstone Light O,Calstone Light O,Calstone Light O,Calstone Light O,Calstone Light O,Calstone Light O,Calstone Light O,Calstone Light O,Calstone Light O,Calstone Light O,Calstone Light O,Calstone Light O,Calstone Light O,,,,,,,,,,,,,,,,,,,,,,,,,,,,,,Start Date,End Date,Global Datedif,698,,,,,,,,,,,,,,,
,Eishin Flash (Summer Trip) + Hokko Tarumae (Summer Trip),Eishin Flash (Summer Trip) + Hokko Tarumae (Summer Trip),Eishin Flash (Summer Trip) + Hokko Tarumae (Summer Trip),Eishin Flash (Summer Trip) + Hokko Tarumae (Summer Trip),Eishin Flash (Summer Trip) + Hokko Tarumae (Summer Trip),Eishin Flash (Summer Trip) + Hokko Tarumae (Summer Trip),Eishin Flash (Summer Trip) + Hokko Tarumae (Summer Trip),Eishin Flash (Summer Trip) + Hokko Tarumae (Summer Trip),Eishin Flash (Summer Trip) + Hokko Tarumae (Summer Trip),Eishin Flash (Summer Trip) + Hokko Tarumae (Summer Trip),Eishin Flash (Summer Trip) + Hokko Tarumae (Summer Trip),Eishin Flash (Summer Trip) + Hokko Tarumae (Summer Trip),Eishin Flash (Summer Trip) + Hokko Tarumae (Summer Trip),Eishin Flash (Summer Trip) + Hokko Tarumae (Summer Trip),Eishin Flash (Summer Trip) + Hokko Tarumae (Summer Trip),Eishin Flash (Summer Trip) + Hokko Tarumae (Summer Trip),Eishin Flash (Summer Trip) + Hokko Tarumae (Summer Trip),Eishin Flash (Summer Trip) + Hokko Tarumae (Summer Trip),Eishin Flash (Summer Trip) + Hokko Tarumae (Summer Trip),Eishin Flash (Summer Trip) + Hokko Tarumae (Summer Trip),Eishin Flash (Summer Trip) + Hokko Tarumae (Summer Trip),Eishin Flash (Summer Trip) + Hokko Tarumae (Summer Trip),Eishin Flash (Summer Trip) + Hokko Tarumae (Summer Trip),Eishin Flash (Summer Trip) + Hokko Tarumae (Summer Trip),Eishin Flash (Summer Trip) + Hokko Tarumae (Summer Trip),,,,,,,,,,,,,,,,,,,,,,,,,,,,,,2023-11-09,2023-11-20,D-Day,333,,,,,,,,,,,,,,,
,(All) 2,(All) 2,(All) 2,(All) 2,(All) 2,(All) 2,(All) 2,(All) 2,(All) 2,(All) 2,(All) 2,(All) 2,(All) 2,(All) 2,(All) 2,(All) 2,(All) 2,(All) 2,(All) 2,(All) 2,(All) 2,(All) 2,(All) 2,(All) 2,(All) 2,,,,,,,,,,,,,,,,,,,,300,2027-06-05 21:59:59,k3,,,,,,,,Pull Tickets,,Finals Day,343,,,,,,,,,,,,,,,
,Gentildonna,Gentildonna,Gentildonna,Gentildonna,Gentildonna,Gentildonna,Gentildonna,Gentildonna,Gentildonna,Gentildonna,Gentildonna,Gentildonna,Gentildonna,Gentildonna,Gentildonna,Gentildonna,Gentildonna,Gentildonna,Gentildonna,Gentildonna,Gentildonna,Gentildonna,Gentildonna,Gentildonna,Gentildonna,,,,,,,,,,,,,,,,,,,,300,Last Day,,,,,,,,,Uma,Support,Length,11,,,,,,,,,,,,,,,
,Neo Universe (Autumn) + Zenno Rob Roy (Autumn),Neo Universe (Autumn) + Zenno Rob Roy (Autumn),Neo Universe (Autumn) + Zenno Rob Roy (Autumn),Neo Universe (Autumn) + Zenno Rob Roy (Autumn),Neo Universe (Autumn) + Zenno Rob Roy (Autumn),Neo Universe (Autumn) + Zenno Rob Roy (Autumn),Neo Universe (Autumn) + Zenno Rob Roy (Autumn),Neo Universe (Autumn) + Zenno Rob Roy (Autumn),Neo Universe (Autumn) + Zenno Rob Roy (Autumn),Neo Universe (Autumn) + Zenno Rob Roy (Autumn),Neo Universe (Autumn) + Zenno Rob Roy (Autumn),Neo Universe (Autumn) + Zenno Rob Roy (Autumn),Neo Universe (Autumn) + Zenno Rob Roy (Autumn),Neo Universe (Autumn) + Zenno Rob Roy (Autumn),Neo Universe (Autumn) + Zenno Rob Roy (Autumn),Neo Universe (Autumn) + Zenno Rob Roy (Autumn),Neo Universe (Autumn) + Zenno Rob Roy (Autumn),Neo Universe (Autumn) + Zenno Rob Roy (Autumn),Neo Universe (Autumn) + Zenno Rob Roy (Autumn),Neo Universe (Autumn) + Zenno Rob Roy (Autumn),Neo Universe (Autumn) + Zenno Rob Roy (Autumn),Neo Universe (Autumn) + Zenno Rob Roy (Autumn),Neo Universe (Autumn) + Zenno Rob Roy (Autumn),Neo Universe (Autumn) + Zenno Rob Roy (Autumn),Neo Universe (Autumn) + Zenno Rob Roy (Autumn),,,,,,,,,,,,,,,,,,,,150,Autumn G1 Celebration Missions Part 2 (Queen Elizabeth Cup),,,,,,,,,0,0,Dropdown,FALSE,,,,,,,,,,,,,,,
,Cesario,Cesario,Cesario,Cesario,Cesario,Cesario,Cesario,Cesario,Cesario,Cesario,Cesario,Cesario,Cesario,Cesario,Cesario,Cesario,Cesario,Cesario,Cesario,Cesario,Cesario,Cesario,Cesario,Cesario,Cesario,,,,,,,,Mejiro McQueen,,Matikanetannhauser,,,,,,,,,,150,Autumn G1 Celebration Missions Part 2 (Mile Championship),,,,,,,,,Limit Break Crystals,,,,,,,,,,,,,,,,,,
,Durandal,Durandal,Durandal,Durandal,Durandal,Durandal,Durandal,Durandal,Durandal,Durandal,Durandal,Durandal,Durandal,Durandal,Durandal,Durandal,Durandal,Durandal,Durandal,Durandal,Durandal,Durandal,Durandal,Durandal,Durandal,,,,,,,,,,,,,,,,,,,,,,,,,,,,,,SSR,SR,,,,,,,,,,,,,,,,,
,Seeking the Pearl (Halloween) + Mayano Top Gun (Halloween),Seeking the Pearl (Halloween) + Mayano Top Gun (Halloween),Seeking the Pearl (Halloween) + Mayano Top Gun (Halloween),Seeking the Pearl (Halloween) + Mayano Top Gun (Halloween),Seeking the Pearl (Halloween) + Mayano Top Gun (Halloween),Seeking the Pearl (Halloween) + Mayano Top Gun (Halloween),Seeking the Pearl (Halloween) + Mayano Top Gun (Halloween),Seeking the Pearl (Halloween) + Mayano Top Gun (Halloween),Seeking the Pearl (Halloween) + Mayano Top Gun (Halloween),Seeking the Pearl (Halloween) + Mayano Top Gun (Halloween),Seeking the Pearl (Halloween) + Mayano Top Gun (Halloween),Seeking the Pearl (Halloween) + Mayano Top Gun (Halloween),Seeking the Pearl (Halloween) + Mayano Top Gun (Halloween),Seeking the Pearl (Halloween) + Mayano Top Gun (Halloween),Seeking the Pearl (Halloween) + Mayano Top Gun (Halloween),Seeking the Pearl (Halloween) + Mayano Top Gun (Halloween),Seeking the Pearl (Halloween) + Mayano Top Gun (Halloween),Seeking the Pearl (Halloween) + Mayano Top Gun (Halloween),Seeking the Pearl (Halloween) + Mayano Top Gun (Halloween),Seeking the Pearl (Halloween) + Mayano Top Gun (Halloween),Seeking the Pearl (Halloween) + Mayano Top Gun (Halloween),Seeking the Pearl (Halloween) + Mayano Top Gun (Halloween),Seeking the Pearl (Halloween) + Mayano Top Gun (Halloween),Seeking the Pearl (Halloween) + Mayano Top Gun (Halloween),Seeking the Pearl (Halloween) + Mayano Top Gun (Halloween),,,,,,,,,,,,,,,,,,,,,,,,,,,,,,,,,,,,,,,,,,,,,,,,
,Bubble Gum Fellow,Bubble Gum Fellow,Bubble Gum Fellow,Bubble Gum Fellow,Bubble Gum Fellow,Bubble Gum Fellow,Bubble Gum Fellow,Bubble Gum Fellow,Bubble Gum Fellow,Bubble Gum Fellow,Bubble Gum Fellow,Bubble Gum Fellow,Bubble Gum Fellow,Bubble Gum Fellow,Bubble Gum Fellow,Bubble Gum Fellow,Bubble Gum Fellow,Bubble Gum Fellow,Bubble Gum Fellow,Bubble Gum Fellow,Bubble Gum Fellow,Bubble Gum Fellow,Bubble Gum Fellow,Bubble Gum Fellow,Bubble Gum Fellow,JP,,Global,,,,,,,,,,,,,,,,,,,,,,,,,,,Date Override,,Start Date,End Date,,,,,,,,,,,,,,,
,Biwa Hayahide (Mecha),Biwa Hayahide (Mecha),Biwa Hayahide (Mecha),Biwa Hayahide (Mecha),Biwa Hayahide (Mecha),Biwa Hayahide (Mecha),Biwa Hayahide (Mecha),Biwa Hayahide (Mecha),Biwa Hayahide (Mecha),Biwa Hayahide (Mecha),Biwa Hayahide (Mecha),Biwa Hayahide (Mecha),Biwa Hayahide (Mecha),Biwa Hayahide (Mecha),Biwa Hayahide (Mecha),Biwa Hayahide (Mecha),Biwa Hayahide (Mecha),Biwa Hayahide (Mecha),Biwa Hayahide (Mecha),Biwa Hayahide (Mecha),Biwa Hayahide (Mecha),Biwa Hayahide (Mecha),Biwa Hayahide (Mecha),Biwa Hayahide (Mecha),Biwa Hayahide (Mecha),Start Date,End Date,Start Date,End Date,,Starts In,,,,,,,,,,,,,,,,,,,,,,,,,,2027-05-27,2027-06-02,,,,,,,,,,,,,,,
,Narita Taishin (Mecha),Narita Taishin (Mecha),Narita Taishin (Mecha),Narita Taishin (Mecha),Narita Taishin (Mecha),Narita Taishin (Mecha),Narita Taishin (Mecha),Narita Taishin (Mecha),Narita Taishin (Mecha),Narita Taishin (Mecha),Narita Taishin (Mecha),Narita Taishin (Mecha),Narita Taishin (Mecha),Narita Taishin (Mecha),Narita Taishin (Mecha),Narita Taishin (Mecha),Narita Taishin (Mecha),Narita Taishin (Mecha),Narita Taishin (Mecha),Narita Taishin (Mecha),Narita Taishin (Mecha),Narita Taishin (Mecha),Narita Taishin (Mecha),Narita Taishin (Mecha),Narita Taishin (Mecha),2023-11-12,2023-11-18,2027-05-27,2027-06-02,,335 Days,,,,,,,,,,,,,,,,,,,,,,,,Banner Type,-1,2027-05-27 22:00:00,2027-06-02 21:59:59,,,,,,,,,,,,,,,
,Air Messiah,Air Messiah,Air Messiah,Air Messiah,Air Messiah,Air Messiah,Air Messiah,Air Messiah,Air Messiah,Air Messiah,Air Messiah,Air Messiah,Air Messiah,Air Messiah,Air Messiah,Air Messiah,Air Messiah,Air Messiah,Air Messiah,Air Messiah,Air Messiah,Air Messiah,Air Messiah,Air Messiah,Air Messiah,LoH #4,,,,,,,,,,,,,,,,,,,,,,,,,,,,,JP,,JP Datedif,991,,,,,,,73,73,89,102,2027-05-27 22:00:00,,,4,2027-05-31 21:59:59
,Narita Top Road (Christmas) + Admire Vega (Christmas),Narita Top Road (Christmas) + Admire Vega (Christmas),Narita Top Road (Christmas) + Admire Vega (Christmas),Narita Top Road (Christmas) + Admire Vega (Christmas),Narita Top Road (Christmas) + Admire Vega (Christmas),Narita Top Road (Christmas) + Admire Vega (Christmas),Narita Top Road (Christmas) + Admire Vega (Christmas),Narita Top Road (Christmas) + Admire Vega (Christmas),Narita Top Road (Christmas) + Admire Vega (Christmas),Narita Top Road (Christmas) + Admire Vega (Christmas),Narita Top Road (Christmas) + Admire Vega (Christmas),Narita Top Road (Christmas) + Admire Vega (Christmas),Narita Top Road (Christmas) + Admire Vega (Christmas),Narita Top Road (Christmas) + Admire Vega (Christmas),Narita Top Road (Christmas) + Admire Vega (Christmas),Narita Top Road (Christmas) + Admire Vega (Christmas),Narita Top Road (Christmas) + Admire Vega (Christmas),Narita Top Road (Christmas) + Admire Vega (Christmas),Narita Top Road (Christmas) + Admire Vega (Christmas),Narita Top Road (Christmas) + Admire Vega (Christmas),Narita Top Road (Christmas) + Admire Vega (Christmas),Narita Top Road (Christmas) + Admire Vega (Christmas),Narita Top Road (Christmas) + Admire Vega (Christmas),Narita Top Road (Christmas) + Admire Vega (Christmas),Narita Top Road (Christmas) + Admire Vega (Christmas),,,,,,,,,,,,,,,,,,,,,,,,,,,,,,Start Date,End Date,Global Datedif,700,,,,,,,,,,,,,,,
,Win Variation,Win Variation,Win Variation,Win Variation,Win Variation,Win Variation,Win Variation,Win Variation,Win Variation,Win Variation,Win Variation,Win Variation,Win Variation,Win Variation,Win Variation,Win Variation,Win Variation,Win Variation,Win Variation,Win Variation,Win Variation,Win Variation,Win Variation,Win Variation,Win Variation,,,,,,,,,,,,,,,,,,,,,,,,,,,,,,2023-11-12,2023-11-18,D-Day,335,,,,,,,,,,,,,,,
,Grass Wonder (New Year),Grass Wonder (New Year),Grass Wonder (New Year),Grass Wonder (New Year),Grass Wonder (New Year),Grass Wonder (New Year),Grass Wonder (New Year),Grass Wonder (New Year),Grass Wonder (New Year),Grass Wonder (New Year),Grass Wonder (New Year),Grass Wonder (New Year),Grass Wonder (New Year),Grass Wonder (New Year),Grass Wonder (New Year),Grass Wonder (New Year),Grass Wonder (New Year),Grass Wonder (New Year),Grass Wonder (New Year),Grass Wonder (New Year),Grass Wonder (New Year),Grass Wonder (New Year),Grass Wonder (New Year),Grass Wonder (New Year),Grass Wonder (New Year),1600m,Mile,,,,,,,,,,,,,,,,,,,,,,,,,,,,Pull Tickets,,Finals Day,340,,,,,,,,,,,,,,,
,Katsuragi Ace (New Year) + Mr. C.B. (New Year),Katsuragi Ace (New Year) + Mr. C.B. (New Year),Katsuragi Ace (New Year) + Mr. C.B. (New Year),Katsuragi Ace (New Year) + Mr. C.B. (New Year),Katsuragi Ace (New Year) + Mr. C.B. (New Year),Katsuragi Ace (New Year) + Mr. C.B. (New Year),Katsuragi Ace (New Year) + Mr. C.B. (New Year),Katsuragi Ace (New Year) + Mr. C.B. (New Year),Katsuragi Ace (New Year) + Mr. C.B. (New Year),Katsuragi Ace (New Year) + Mr. C.B. (New Year),Katsuragi Ace (New Year) + Mr. C.B. (New Year),Katsuragi Ace (New Year) + Mr. C.B. (New Year),Katsuragi Ace (New Year) + Mr. C.B. (New Year),Katsuragi Ace (New Year) + Mr. C.B. (New Year),Katsuragi Ace (New Year) + Mr. C.B. (New Year),Katsuragi Ace (New Year) + Mr. C.B. (New Year),Katsuragi Ace (New Year) + Mr. C.B. (New Year),Katsuragi Ace (New Year) + Mr. C.B. (New Year),Katsuragi Ace (New Year) + Mr. C.B. (New Year),Katsuragi Ace (New Year) + Mr. C.B. (New Year),Katsuragi Ace (New Year) + Mr. C.B. (New Year),Katsuragi Ace (New Year) + Mr. C.B. (New Year),Katsuragi Ace (New Year) + Mr. C.B. (New Year),Katsuragi Ace (New Year) + Mr. C.B. (New Year),Katsuragi Ace (New Year) + Mr. C.B. (New Year),,,,,,,,,,,,,,,,,,,,,,,,,,,,,,Uma,Support,Length,6,,,,,,,,,,,,,,,
,Maruzensky (New Year),Maruzensky (New Year),Maruzensky (New Year),Maruzensky (New Year),Maruzensky (New Year),Maruzensky (New Year),Maruzensky (New Year),Maruzensky (New Year),Maruzensky (New Year),Maruzensky (New Year),Maruzensky (New Year),Maruzensky (New Year),Maruzensky (New Year),Maruzensky (New Year),Maruzensky (New Year),Maruzensky (New Year),Maruzensky (New Year),Maruzensky (New Year),Maruzensky (New Year),Maruzensky (New Year),Maruzensky (New Year),Maruzensky (New Year),Maruzensky (New Year),Maruzensky (New Year),Maruzensky (New Year),,,,,,,,,,,,,,,,,,,,,,,,,,,,,,,,Dropdown,FALSE,,,,,,,,,,,,,,,
,Furioso,Furioso,Furioso,Furioso,Furioso,Furioso,Furioso,Furioso,Furioso,Furioso,Furioso,Furioso,Furioso,Furioso,Furioso,Furioso,Furioso,Furioso,Furioso,Furioso,Furioso,Furioso,Furioso,Furioso,Furioso,,,,,,,,,,,,,,,,,,,,,,,,,,,,,,Limit Break Crystals,,,,,,,,,,,,,,,,,,
,Yamanin Zephyr (Valentine) + Aston Machan (Valentine),Yamanin Zephyr (Valentine) + Aston Machan (Valentine),Yamanin Zephyr (Valentine) + Aston Machan (Valentine),Yamanin Zephyr (Valentine) + Aston Machan (Valentine),Yamanin Zephyr (Valentine) + Aston Machan (Valentine),Yamanin Zephyr (Valentine) + Aston Machan (Valentine),Yamanin Zephyr (Valentine) + Aston Machan (Valentine),Yamanin Zephyr (Valentine) + Aston Machan (Valentine),Yamanin Zephyr (Valentine) + Aston Machan (Valentine),Yamanin Zephyr (Valentine) + Aston Machan (Valentine),Yamanin Zephyr (Valentine) + Aston Machan (Valentine),Yamanin Zephyr (Valentine) + Aston Machan (Valentine),Yamanin Zephyr (Valentine) + Aston Machan (Valentine),Yamanin Zephyr (Valentine) + Aston Machan (Valentine),Yamanin Zephyr (Valentine) + Aston Machan (Valentine),Yamanin Zephyr (Valentine) + Aston Machan (Valentine),Yamanin Zephyr (Valentine) + Aston Machan (Valentine),Yamanin Zephyr (Valentine) + Aston Machan (Valentine),Yamanin Zephyr (Valentine) + Aston Machan (Valentine),Yamanin Zephyr (Valentine) + Aston Machan (Valentine),Yamanin Zephyr (Valentine) + Aston Machan (Valentine),Yamanin Zephyr (Valentine) + Aston Machan (Valentine),Yamanin Zephyr (Valentine) + Aston Machan (Valentine),Yamanin Zephyr (Valentine) + Aston Machan (Valentine),Yamanin Zephyr (Valentine) + Aston Machan (Valentine),,,,,,,,,,,,,,,,,,,,,,,,,,,,,,SSR,SR,,,,,,,,,,,,,,,,,
,Tsurumaru Tsuyoshi,Tsurumaru Tsuyoshi,Tsurumaru Tsuyoshi,Tsurumaru Tsuyoshi,Tsurumaru Tsuyoshi,Tsurumaru Tsuyoshi,Tsurumaru Tsuyoshi,Tsurumaru Tsuyoshi,Tsurumaru Tsuyoshi,Tsurumaru Tsuyoshi,Tsurumaru Tsuyoshi,Tsurumaru Tsuyoshi,Tsurumaru Tsuyoshi,Tsurumaru Tsuyoshi,Tsurumaru Tsuyoshi,Tsurumaru Tsuyoshi,Tsurumaru Tsuyoshi,Tsurumaru Tsuyoshi,Tsurumaru Tsuyoshi,Tsurumaru Tsuyoshi,Tsurumaru Tsuyoshi,Tsurumaru Tsuyoshi,Tsurumaru Tsuyoshi,Tsurumaru Tsuyoshi,Tsurumaru Tsuyoshi,,,,,,,,,,,,,,,,,,,,,,,,,,,,,,2,2,,,,,,,,,,,,,,,,,
,Orfevre,Orfevre,Orfevre,Orfevre,Orfevre,Orfevre,Orfevre,Orfevre,Orfevre,Orfevre,Orfevre,Orfevre,Orfevre,Orfevre,Orfevre,Orfevre,Orfevre,Orfevre,Orfevre,Orfevre,Orfevre,Orfevre,Orfevre,Orfevre,Orfevre,JP,,Global,,,,,,,,,,,,,,,,,80,2027-06-02 22:00:00,k1,1500,2027-06-12 21:59:59,,,,,,Date Override,,Start Date,End Date,,,,,,,,,,,,,,,
,Gran Alegria,Gran Alegria,Gran Alegria,Gran Alegria,Gran Alegria,Gran Alegria,Gran Alegria,Gran Alegria,Gran Alegria,Gran Alegria,Gran Alegria,Gran Alegria,Gran Alegria,Gran Alegria,Gran Alegria,Gran Alegria,Gran Alegria,Gran Alegria,Gran Alegria,Gran Alegria,Gran Alegria,Gran Alegria,Gran Alegria,Gran Alegria,Gran Alegria,Start Date,End Date,Start Date,End Date,,Releases In,,,,,,,,,,,,,,80,First Day,Hours,1500,Throughout,,,,,,,,2027-06-02,2027-06-12,,,,,,,,,,,,,,,
,No Reason,No Reason,No Reason,No Reason,No Reason,No Reason,No Reason,No Reason,No Reason,No Reason,No Reason,No Reason,No Reason,No Reason,No Reason,No Reason,No Reason,No Reason,No Reason,No Reason,No Reason,No Reason,No Reason,No Reason,No Reason,2023-11-20,2023-11-30,2027-06-02,2027-06-12,,341 Days,,,,,,,,,,,,,,80,Uma Story Ch 1-4,,1500,4th Aim for the Stars! Dream Team,,,,,,Banner Type,1,2027-06-02 22:00:00,2027-06-12 21:59:59,Tap Dance City,Sounds of Earth,,Tap Dance City,Sounds of Earth,,,,,,,,,,
,Tap Dance City (Ballroom) + Tanino Gimlet (Ballroom),Tap Dance City (Ballroom) + Tanino Gimlet (Ballroom),Tap Dance City (Ballroom) + Tanino Gimlet (Ballroom),Tap Dance City (Ballroom) + Tanino Gimlet (Ballroom),Tap Dance City (Ballroom) + Tanino Gimlet (Ballroom),Tap Dance City (Ballroom) + Tanino Gimlet (Ballroom),Tap Dance City (Ballroom) + Tanino Gimlet (Ballroom),Tap Dance City (Ballroom) + Tanino Gimlet (Ballroom),Tap Dance City (Ballroom) + Tanino Gimlet (Ballroom),Tap Dance City (Ballroom) + Tanino Gimlet (Ballroom),Tap Dance City (Ballroom) + Tanino Gimlet (Ballroom),Tap Dance City (Ballroom) + Tanino Gimlet (Ballroom),Tap Dance City (Ballroom) + Tanino Gimlet (Ballroom),Tap Dance City (Ballroom) + Tanino Gimlet (Ballroom),Tap Dance City (Ballroom) + Tanino Gimlet (Ballroom),Tap Dance City (Ballroom) + Tanino Gimlet (Ballroom),Tap Dance City (Ballroom) + Tanino Gimlet (Ballroom),Tap Dance City (Ballroom) + Tanino Gimlet (Ballroom),Tap Dance City (Ballroom) + Tanino Gimlet (Ballroom),Tap Dance City (Ballroom) + Tanino Gimlet (Ballroom),Tap Dance City (Ballroom) + Tanino Gimlet (Ballroom),Tap Dance City (Ballroom) + Tanino Gimlet (Ballroom),Tap Dance City (Ballroom) + Tanino Gimlet (Ballroom),Tap Dance City (Ballroom) + Tanino Gimlet (Ballroom),Tap Dance City (Ballroom) + Tanino Gimlet (Ballroom),,,,,,,,,,,,,,,,,,,,,,,,,,,,,,JP,,JP Datedif,999,,,,,,,75,75,91,104,2027-06-02 22:00:00,,,,
,Sirius Symboli (The Twinkle Legends),Sirius Symboli (The Twinkle Legends),Sirius Symboli (The Twinkle Legends),Sirius Symboli (The Twinkle Legends),Sirius Symboli (The Twinkle Legends),Sirius Symboli (The Twinkle Legends),Sirius Symboli (The Twinkle Legends),Sirius Symboli (The Twinkle Legends),Sirius Symboli (The Twinkle Legends),Sirius Symboli (The Twinkle Legends),Sirius Symboli (The Twinkle Legends),Sirius Symboli (The Twinkle Legends),Sirius Symboli (The Twinkle Legends),Sirius Symboli (The Twinkle Legends),Sirius Symboli (The Twinkle Legends),Sirius Symboli (The Twinkle Legends),Sirius Symboli (The Twinkle Legends),Sirius Symboli (The Twinkle Legends),Sirius Symboli (The Twinkle Legends),Sirius Symboli (The Twinkle Legends),Sirius Symboli (The Twinkle Legends),Sirius Symboli (The Twinkle Legends),Sirius Symboli (The Twinkle Legends),Sirius Symboli (The Twinkle Legends),Sirius Symboli (The Twinkle Legends),,,,,,,,,,,,,,,,,,,,,,,,,,,,,,Start Date,End Date,Global Datedif,706,,,,,,,,,,,,,,,
,Fenomeno,Fenomeno,Fenomeno,Fenomeno,Fenomeno,Fenomeno,Fenomeno,Fenomeno,Fenomeno,Fenomeno,Fenomeno,Fenomeno,Fenomeno,Fenomeno,Fenomeno,Fenomeno,Fenomeno,Fenomeno,Fenomeno,Fenomeno,Fenomeno,Fenomeno,Fenomeno,Fenomeno,Fenomeno,,,,,,,,,,,,,,,,,,,,,,,,,,,,,,2023-11-20,2023-11-30,D-Day,341,,,,,,,,,,,,,,,
,Copano Rickey (Parade) + Smart Falcon (Parade),Copano Rickey (Parade) + Smart Falcon (Parade),Copano Rickey (Parade) + Smart Falcon (Parade),Copano Rickey (Parade) + Smart Falcon (Parade),Copano Rickey (Parade) + Smart Falcon (Parade),Copano Rickey (Parade) + Smart Falcon (Parade),Copano Rickey (Parade) + Smart Falcon (Parade),Copano Rickey (Parade) + Smart Falcon (Parade),Copano Rickey (Parade) + Smart Falcon (Parade),Copano Rickey (Parade) + Smart Falcon (Parade),Copano Rickey (Parade) + Smart Falcon (Parade),Copano Rickey (Parade) + Smart Falcon (Parade),Copano Rickey (Parade) + Smart Falcon (Parade),Copano Rickey (Parade) + Smart Falcon (Parade),Copano Rickey (Parade) + Smart Falcon (Parade),Copano Rickey (Parade) + Smart Falcon (Parade),Copano Rickey (Parade) + Smart Falcon (Parade),Copano Rickey (Parade) + Smart Falcon (Parade),Copano Rickey (Parade) + Smart Falcon (Parade),Copano Rickey (Parade) + Smart Falcon (Parade),Copano Rickey (Parade) + Smart Falcon (Parade),Copano Rickey (Parade) + Smart Falcon (Parade),Copano Rickey (Parade) + Smart Falcon (Parade),Copano Rickey (Parade) + Smart Falcon (Parade),Copano Rickey (Parade) + Smart Falcon (Parade),,,,,,,,,,,,,,,,,,,,300,2027-06-12 21:59:59,k3,,,,,,,,Pull Tickets,,Finals Day,350,,,,,,,,,,,,,,,
,Oguri Cap + (Christmas) + Gold Ship (Summer) + (Project L'Arc) + Mejiro McQueen + (Summer) + (Anime Collab) + Tamamo Cross + (Festival) + Curren Chan + (Wedding) + Seiun Sky + (Ballroom) + Hishi Miracle + Biwa Hayahide + (Christmas) + (Mecha),Oguri Cap + (Christmas) + Gold Ship (Summer) + (Project L'Arc) + Mejiro McQueen + (Summer) + (Anime Collab) + Tamamo Cross + (Festival) + Curren Chan + (Wedding) + Seiun Sky + (Ballroom) + Hishi Miracle + Biwa Hayahide + (Christmas) + (Mecha),Oguri Cap + (Christmas) + Gold Ship (Summer) + (Project L'Arc) + Mejiro McQueen + (Summer) + (Anime Collab) + Tamamo Cross + (Festival) + Curren Chan + (Wedding) + Seiun Sky + (Ballroom) + Hishi Miracle + Biwa Hayahide + (Christmas) + (Mecha),Oguri Cap + (Christmas) + Gold Ship (Summer) + (Project L'Arc) + Mejiro McQueen + (Summer) + (Anime Collab) + Tamamo Cross + (Festival) + Curren Chan + (Wedding) + Seiun Sky + (Ballroom) + Hishi Miracle + Biwa Hayahide + (Christmas) + (Mecha),Oguri Cap + (Christmas) + Gold Ship (Summer) + (Project L'Arc) + Mejiro McQueen + (Summer) + (Anime Collab) + Tamamo Cross + (Festival) + Curren Chan + (Wedding) + Seiun Sky + (Ballroom) + Hishi Miracle + Biwa Hayahide + (Christmas) + (Mecha),Oguri Cap + (Christmas) + Gold Ship (Summer) + (Project L'Arc) + Mejiro McQueen + (Summer) + (Anime Collab) + Tamamo Cross + (Festival) + Curren Chan + (Wedding) + Seiun Sky + (Ballroom) + Hishi Miracle + Biwa Hayahide + (Christmas) + (Mecha),Oguri Cap + (Christmas) + Gold Ship (Summer) + (Project L'Arc) + Mejiro McQueen + (Summer) + (Anime Collab) + Tamamo Cross + (Festival) + Curren Chan + (Wedding) + Seiun Sky + (Ballroom) + Hishi Miracle + Biwa Hayahide + (Christmas) + (Mecha),Oguri Cap + (Christmas) + Gold Ship (Summer) + (Project L'Arc) + Mejiro McQueen + (Summer) + (Anime Collab) + Tamamo Cross + (Festival) + Curren Chan + (Wedding) + Seiun Sky + (Ballroom) + Hishi Miracle + Biwa Hayahide + (Christmas) + (Mecha),Oguri Cap + (Christmas) + Gold Ship (Summer) + (Project L'Arc) + Mejiro McQueen + (Summer) + (Anime Collab) + Tamamo Cross + (Festival) + Curren Chan + (Wedding) + Seiun Sky + (Ballroom) + Hishi Miracle + Biwa Hayahide + (Christmas) + (Mecha),Oguri Cap + (Christmas) + Gold Ship (Summer) + (Project L'Arc) + Mejiro McQueen + (Summer) + (Anime Collab) + Tamamo Cross + (Festival) + Curren Chan + (Wedding) + Seiun Sky + (Ballroom) + Hishi Miracle + Biwa Hayahide + (Christmas) + (Mecha),Oguri Cap + (Christmas) + Gold Ship (Summer) + (Project L'Arc) + Mejiro McQueen + (Summer) + (Anime Collab) + Tamamo Cross + (Festival) + Curren Chan + (Wedding) + Seiun Sky + (Ballroom) + Hishi Miracle + Biwa Hayahide + (Christmas) + (Mecha),Oguri Cap + (Christmas) + Gold Ship (Summer) + (Project L'Arc) + Mejiro McQueen + (Summer) + (Anime Collab) + Tamamo Cross + (Festival) + Curren Chan + (Wedding) + Seiun Sky + (Ballroom) + Hishi Miracle + Biwa Hayahide + (Christmas) + (Mecha),Oguri Cap + (Christmas) + Gold Ship (Summer) + (Project L'Arc) + Mejiro McQueen + (Summer) + (Anime Collab) + Tamamo Cross + (Festival) + Curren Chan + (Wedding) + Seiun Sky + (Ballroom) + Hishi Miracle + Biwa Hayahide + (Christmas) + (Mecha),Oguri Cap + (Christmas) + Gold Ship (Summer) + (Project L'Arc) + Mejiro McQueen + (Summer) + (Anime Collab) + Tamamo Cross + (Festival) + Curren Chan + (Wedding) + Seiun Sky + (Ballroom) + Hishi Miracle + Biwa Hayahide + (Christmas) + (Mecha),Oguri Cap + (Christmas) + Gold Ship (Summer) + (Project L'Arc) + Mejiro McQueen + (Summer) + (Anime Collab) + Tamamo Cross + (Festival) + Curren Chan + (Wedding) + Seiun Sky + (Ballroom) + Hishi Miracle + Biwa Hayahide + (Christmas) + (Mecha),Oguri Cap + (Christmas) + Gold Ship (Summer) + (Project L'Arc) + Mejiro McQueen + (Summer) + (Anime Collab) + Tamamo Cross + (Festival) + Curren Chan + (Wedding) + Seiun Sky + (Ballroom) + Hishi Miracle + Biwa Hayahide + (Christmas) + (Mecha),Oguri Cap + (Christmas) + Gold Ship (Summer) + (Project L'Arc) + Mejiro McQueen + (Summer) + (Anime Collab) + Tamamo Cross + (Festival) + Curren Chan + (Wedding) + Seiun Sky + (Ballroom) + Hishi Miracle + Biwa Hayahide + (Christmas) + (Mecha),Oguri Cap + (Christmas) + Gold Ship (Summer) + (Project L'Arc) + Mejiro McQueen + (Summer) + (Anime Collab) + Tamamo Cross + (Festival) + Curren Chan + (Wedding) + Seiun Sky + (Ballroom) + Hishi Miracle + Biwa Hayahide + (Christmas) + (Mecha),Oguri Cap + (Christmas) + Gold Ship (Summer) + (Project L'Arc) + Mejiro McQueen + (Summer) + (Anime Collab) + Tamamo Cross + (Festival) + Curren Chan + (Wedding) + Seiun Sky + (Ballroom) + Hishi Miracle + Biwa Hayahide + (Christmas) + (Mecha),Oguri Cap + (Christmas) + Gold Ship (Summer) + (Project L'Arc) + Mejiro McQueen + (Summer) + (Anime Collab) + Tamamo Cross + (Festival) + Curren Chan + (Wedding) + Seiun Sky + (Ballroom) + Hishi Miracle + Biwa Hayahide + (Christmas) + (Mecha),Oguri Cap + (Christmas) + Gold Ship (Summer) + (Project L'Arc) + Mejiro McQueen + (Summer) + (Anime Collab) + Tamamo Cross + (Festival) + Curren Chan + (Wedding) + Seiun Sky + (Ballroom) + Hishi Miracle + Biwa Hayahide + (Christmas) + (Mecha),Oguri Cap + (Christmas) + Gold Ship (Summer) + (Project L'Arc) + Mejiro McQueen + (Summer) + (Anime Collab) + Tamamo Cross + (Festival) + Curren Chan + (Wedding) + Seiun Sky + (Ballroom) + Hishi Miracle + Biwa Hayahide + (Christmas) + (Mecha),Oguri Cap + (Christmas) + Gold Ship (Summer) + (Project L'Arc) + Mejiro McQueen + (Summer) + (Anime Collab) + Tamamo Cross + (Festival) + Curren Chan + (Wedding) + Seiun Sky + (Ballroom) + Hishi Miracle + Biwa Hayahide + (Christmas) + (Mecha),Oguri Cap + (Christmas) + Gold Ship (Summer) + (Project L'Arc) + Mejiro McQueen + (Summer) + (Anime Collab) + Tamamo Cross + (Festival) + Curren Chan + (Wedding) + Seiun Sky + (Ballroom) + Hishi Miracle + Biwa Hayahide + (Christmas) + (Mecha),Oguri Cap + (Christmas) + Gold Ship (Summer) + (Project L'Arc) + Mejiro McQueen + (Summer) + (Anime Collab) + Tamamo Cross + (Festival) + Curren Chan + (Wedding) + Seiun Sky + (Ballroom) + Hishi Miracle + Biwa Hayahide + (Christmas) + (Mecha),,,,,,,,,,,,,,,,,,,,300,Last Day,,,,,,,,,Uma,Support,Length,10,,,,,,,,,,,,,,,
,Verxina,Verxina,Verxina,Verxina,Verxina,Verxina,Verxina,Verxina,Verxina,Verxina,Verxina,Verxina,Verxina,Verxina,Verxina,Verxina,Verxina,Verxina,Verxina,Verxina,Verxina,Verxina,Verxina,Verxina,Verxina,,,,,,,,,,,,,,,,,,,,150,Autumn G1 Celebration Missions Part 2 (Japan Cup),,,,,,,,,2,2,Dropdown,FALSE,,,,,,,,,,,,,,,
,Loves Only You,Loves Only You,Loves Only You,Loves Only You,Loves Only You,Loves Only You,Loves Only You,Loves Only You,Loves Only You,Loves Only You,Loves Only You,Loves Only You,Loves Only You,Loves Only You,Loves Only You,Loves Only You,Loves Only You,Loves Only You,Loves Only You,Loves Only You,Loves Only You,Loves Only You,Loves Only You,Loves Only You,Loves Only You,,,,,,Tap Dance City,,Sounds of Earth,,Verxina,,,,,,,,,,150,Autumn G1 Celebration Missions Part 2 (Champions Cup),,,,,,,,,Limit Break Crystals,,,,,,,,,,,,,,,,,,
,Cesario (Wedding) + Mejiro Ramonu (Wedding),Cesario (Wedding) + Mejiro Ramonu (Wedding),Cesario (Wedding) + Mejiro Ramonu (Wedding),Cesario (Wedding) + Mejiro Ramonu (Wedding),Cesario (Wedding) + Mejiro Ramonu (Wedding),Cesario (Wedding) + Mejiro Ramonu (Wedding),Cesario (Wedding) + Mejiro Ramonu (Wedding),Cesario (Wedding) + Mejiro Ramonu (Wedding),Cesario (Wedding) + Mejiro Ramonu (Wedding),Cesario (Wedding) + Mejiro Ramonu (Wedding),Cesario (Wedding) + Mejiro Ramonu (Wedding),Cesario (Wedding) + Mejiro Ramonu (Wedding),Cesario (Wedding) + Mejiro Ramonu (Wedding),Cesario (Wedding) + Mejiro Ramonu (Wedding),Cesario (Wedding) + Mejiro Ramonu (Wedding),Cesario (Wedding) + Mejiro Ramonu (Wedding),Cesario (Wedding) + Mejiro Ramonu (Wedding),Cesario (Wedding) + Mejiro Ramonu (Wedding),Cesario (Wedding) + Mejiro Ramonu (Wedding),Cesario (Wedding) + Mejiro Ramonu (Wedding),Cesario (Wedding) + Mejiro Ramonu (Wedding),Cesario (Wedding) + Mejiro Ramonu (Wedding),Cesario (Wedding) + Mejiro Ramonu (Wedding),Cesario (Wedding) + Mejiro Ramonu (Wedding),Cesario (Wedding) + Mejiro Ramonu (Wedding),,,,,,,,,,,,,,,,,,,,,,,,,,,,,,SSR,SR,,,,,,,,,,,,,,,,,
,Chrono Genesis,Chrono Genesis,Chrono Genesis,Chrono Genesis,Chrono Genesis,Chrono Genesis,Chrono Genesis,Chrono Genesis,Chrono Genesis,Chrono Genesis,Chrono Genesis,Chrono Genesis,Chrono Genesis,Chrono Genesis,Chrono Genesis,Chrono Genesis,Chrono Genesis,Chrono Genesis,Chrono Genesis,Chrono Genesis,Chrono Genesis,Chrono Genesis,Chrono Genesis,Chrono Genesis,Chrono Genesis,,,,,,,,,,,,,,,,,,,,,,,,,,,,,,2,2,,,,,,,,,,,,,,,,,
,Gold City (Deserted Island),Gold City (Deserted Island),Gold City (Deserted Island),Gold City (Deserted Island),Gold City (Deserted Island),Gold City (Deserted Island),Gold City (Deserted Island),Gold City (Deserted Island),Gold City (Deserted Island),Gold City (Deserted Island),Gold City (Deserted Island),Gold City (Deserted Island),Gold City (Deserted Island),Gold City (Deserted Island),Gold City (Deserted Island),Gold City (Deserted Island),Gold City (Deserted Island),Gold City (Deserted Island),Gold City (Deserted Island),Gold City (Deserted Island),Gold City (Deserted Island),Gold City (Deserted Island),Gold City (Deserted Island),Gold City (Deserted Island),Gold City (Deserted Island),JP,,Global,,,,,,,,,,,,,,,,,500,2027-06-09 22:00:00,k1,2660,2027-06-20 21:59:59,,,,,,Date Override,,Start Date,End Date,,,,,,,,,,,,,,,
,Ines Fujin (Deserted Island),Ines Fujin (Deserted Island),Ines Fujin (Deserted Island),Ines Fujin (Deserted Island),Ines Fujin (Deserted Island),Ines Fujin (Deserted Island),Ines Fujin (Deserted Island),Ines Fujin (Deserted Island),Ines Fujin (Deserted Island),Ines Fujin (Deserted Island),Ines Fujin (Deserted Island),Ines Fujin (Deserted Island),Ines Fujin (Deserted Island),Ines Fujin (Deserted Island),Ines Fujin (Deserted Island),Ines Fujin (Deserted Island),Ines Fujin (Deserted Island),Ines Fujin (Deserted Island),Ines Fujin (Deserted Island),Ines Fujin (Deserted Island),Ines Fujin (Deserted Island),Ines Fujin (Deserted Island),Ines Fujin (Deserted Island),Ines Fujin (Deserted Island),Ines Fujin (Deserted Island),Start Date,End Date,Start Date,End Date,,Releases In,,,,,,,,,,,,,,500,First Day,Hours,2660,Throughout,,,,,,,,2027-06-09,2027-06-20,,,,,,,,,,,,,,,
,Fusaichi Pandora,Fusaichi Pandora,Fusaichi Pandora,Fusaichi Pandora,Fusaichi Pandora,Fusaichi Pandora,Fusaichi Pandora,Fusaichi Pandora,Fusaichi Pandora,Fusaichi Pandora,Fusaichi Pandora,Fusaichi Pandora,Fusaichi Pandora,Fusaichi Pandora,Fusaichi Pandora,Fusaichi Pandora,Fusaichi Pandora,Fusaichi Pandora,Fusaichi Pandora,Fusaichi Pandora,Fusaichi Pandora,Fusaichi Pandora,Fusaichi Pandora,Fusaichi Pandora,Fusaichi Pandora,2023-11-30,2023-12-11,2027-06-09,2027-06-20,,348 Days,,,,,,,,,,,,,,500,Christmas Login Gift,,2160,"Event Rewards (Story, Bingo, Event Pt)",,,,,,Banner Type,1,2027-06-09 22:00:00,2027-06-20 21:59:59,Mejiro Palmer (Christmas) + Mejiro Bright (Christmas),Mejiro Dober + Mejiro Ramonu,,Mejiro Palmer (Christmas) + Mejiro Bright (Christmas),Mejiro Dober + Mejiro Ramonu,,,,,,,,,,
,Cheval Grand (Summer) + Satono Crown (Summer),Cheval Grand (Summer) + Satono Crown (Summer),Cheval Grand (Summer) + Satono Crown (Summer),Cheval Grand (Summer) + Satono Crown (Summer),Cheval Grand (Summer) + Satono Crown (Summer),Cheval Grand (Summer) + Satono Crown (Summer),Cheval Grand (Summer) + Satono Crown (Summer),Cheval Grand (Summer) + Satono Crown (Summer),Cheval Grand (Summer) + Satono Crown (Summer),Cheval Grand (Summer) + Satono Crown (Summer),Cheval Grand (Summer) + Satono Crown (Summer),Cheval Grand (Summer) + Satono Crown (Summer),Cheval Grand (Summer) + Satono Crown (Summer),Cheval Grand (Summer) + Satono Crown (Summer),Cheval Grand (Summer) + Satono Crown (Summer),Cheval Grand (Summer) + Satono Crown (Summer),Cheval Grand (Summer) + Satono Crown (Summer),Cheval Grand (Summer) + Satono Crown (Summer),Cheval Grand (Summer) + Satono Crown (Summer),Cheval Grand (Summer) + Satono Crown (Summer),Cheval Grand (Summer) + Satono Crown (Summer),Cheval Grand (Summer) + Satono Crown (Summer),Cheval Grand (Summer) + Satono Crown (Summer),Cheval Grand (Summer) + Satono Crown (Summer),Cheval Grand (Summer) + Satono Crown (Summer),,,,,,,,,,,,,,,,,,,,,,,,,,,,,,JP,,JP Datedif,1009,,,,,,,77,77,95,109,2027-06-09 22:00:00,,,,
,Vivlos (Summer),Vivlos (Summer),Vivlos (Summer),Vivlos (Summer),Vivlos (Summer),Vivlos (Summer),Vivlos (Summer),Vivlos (Summer),Vivlos (Summer),Vivlos (Summer),Vivlos (Summer),Vivlos (Summer),Vivlos (Summer),Vivlos (Summer),Vivlos (Summer),Vivlos (Summer),Vivlos (Summer),Vivlos (Summer),Vivlos (Summer),Vivlos (Summer),Vivlos (Summer),Vivlos (Summer),Vivlos (Summer),Vivlos (Summer),Vivlos (Summer),,,,,,,,,,,,,,,,,,,,,,,250,Legend Race (Oguri Cap Christmas),,,,,,Start Date,End Date,Global Datedif,713,,,,,,,,,,,,,,,
,Still in Love,Still in Love,Still in Love,Still in Love,Still in Love,Still in Love,Still in Love,Still in Love,Still in Love,Still in Love,Still in Love,Still in Love,Still in Love,Still in Love,Still in Love,Still in Love,Still in Love,Still in Love,Still in Love,Still in Love,Still in Love,Still in Love,Still in Love,Still in Love,Still in Love,,,,,,,,,,,,,,,,,,,,,,,250,Legend Race (Manhattan Cafe),,,,,,2023-11-30,2023-12-11,D-Day,348,,,,,,,,,,,,,,,
,K.S.Miracle (Alt Version) + Hishi Miracle (Alt Version),K.S.Miracle (Alt Version) + Hishi Miracle (Alt Version),K.S.Miracle (Alt Version) + Hishi Miracle (Alt Version),K.S.Miracle (Alt Version) + Hishi Miracle (Alt Version),K.S.Miracle (Alt Version) + Hishi Miracle (Alt Version),K.S.Miracle (Alt Version) + Hishi Miracle (Alt Version),K.S.Miracle (Alt Version) + Hishi Miracle (Alt Version),K.S.Miracle (Alt Version) + Hishi Miracle (Alt Version),K.S.Miracle (Alt Version) + Hishi Miracle (Alt Version),K.S.Miracle (Alt Version) + Hishi Miracle (Alt Version),K.S.Miracle (Alt Version) + Hishi Miracle (Alt Version),K.S.Miracle (Alt Version) + Hishi Miracle (Alt Version),K.S.Miracle (Alt Version) + Hishi Miracle (Alt Version),K.S.Miracle (Alt Version) + Hishi Miracle (Alt Version),K.S.Miracle (Alt Version) + Hishi Miracle (Alt Version),K.S.Miracle (Alt Version) + Hishi Miracle (Alt Version),K.S.Miracle (Alt Version) + Hishi Miracle (Alt Version),K.S.Miracle (Alt Version) + Hishi Miracle (Alt Version),K.S.Miracle (Alt Version) + Hishi Miracle (Alt Version),K.S.Miracle (Alt Version) + Hishi Miracle (Alt Version),K.S.Miracle (Alt Version) + Hishi Miracle (Alt Version),K.S.Miracle (Alt Version) + Hishi Miracle (Alt Version),K.S.Miracle (Alt Version) + Hishi Miracle (Alt Version),K.S.Miracle (Alt Version) + Hishi Miracle (Alt Version),K.S.Miracle (Alt Version) + Hishi Miracle (Alt Version),,,,,,,,,,,,,,,,,,,,300,2027-06-20 21:59:59,k3,,,,,,,,Pull Tickets,,Finals Day,358,,,,,,,,,,,,,,,
,Espoir City,Espoir City,Espoir City,Espoir City,Espoir City,Espoir City,Espoir City,Espoir City,Espoir City,Espoir City,Espoir City,Espoir City,Espoir City,Espoir City,Espoir City,Espoir City,Espoir City,Espoir City,Espoir City,Espoir City,Espoir City,Espoir City,Espoir City,Espoir City,Espoir City,,,,,,,,,,,,,,,,,,,,300,Last Day,,,,,,,,,Uma,Support,Length,11,,,,,,,,,,,,,,,
,Believe,Believe,Believe,Believe,Believe,Believe,Believe,Believe,Believe,Believe,Believe,Believe,Believe,Believe,Believe,Believe,Believe,Believe,Believe,Believe,Believe,Believe,Believe,Believe,Believe,,,,,,,,,,,,,,,,,,,,150,Autumn G1 Celebration Missions Part 3 (Hanshin Juvenile Fillies),,,,,,,,,2,2,Dropdown,FALSE,,,,,,,,,,,,,,,
,Hishi Akebono (Halloween) + Marvelous Sunday (Halloween),Hishi Akebono (Halloween) + Marvelous Sunday (Halloween),Hishi Akebono (Halloween) + Marvelous Sunday (Halloween),Hishi Akebono (Halloween) + Marvelous Sunday (Halloween),Hishi Akebono (Halloween) + Marvelous Sunday (Halloween),Hishi Akebono (Halloween) + Marvelous Sunday (Halloween),Hishi Akebono (Halloween) + Marvelous Sunday (Halloween),Hishi Akebono (Halloween) + Marvelous Sunday (Halloween),Hishi Akebono (Halloween) + Marvelous Sunday (Halloween),Hishi Akebono (Halloween) + Marvelous Sunday (Halloween),Hishi Akebono (Halloween) + Marvelous Sunday (Halloween),Hishi Akebono (Halloween) + Marvelous Sunday (Halloween),Hishi Akebono (Halloween) + Marvelous Sunday (Halloween),Hishi Akebono (Halloween) + Marvelous Sunday (Halloween),Hishi Akebono (Halloween) + Marvelous Sunday (Halloween),Hishi Akebono (Halloween) + Marvelous Sunday (Halloween),Hishi Akebono (Halloween) + Marvelous Sunday (Halloween),Hishi Akebono (Halloween) + Marvelous Sunday (Halloween),Hishi Akebono (Halloween) + Marvelous Sunday (Halloween),Hishi Akebono (Halloween) + Marvelous Sunday (Halloween),Hishi Akebono (Halloween) + Marvelous Sunday (Halloween),Hishi Akebono (Halloween) + Marvelous Sunday (Halloween),Hishi Akebono (Halloween) + Marvelous Sunday (Halloween),Hishi Akebono (Halloween) + Marvelous Sunday (Halloween),Hishi Akebono (Halloween) + Marvelous Sunday (Halloween),,,,,,Mejiro Palmer,Mejiro Bright,Mejiro Dober,Mejiro Ramonu,,,,,,Mejiro Ryan,,,,,150,Autumn G1 Celebration Missions Part 3 (Zen-Nippon Junior Yushun),,,,,,,,,Limit Break Crystals,,,,,,,,,,,,,,,,,,
,Tosen Jordan (Halloween),Tosen Jordan (Halloween),Tosen Jordan (Halloween),Tosen Jordan (Halloween),Tosen Jordan (Halloween),Tosen Jordan (Halloween),Tosen Jordan (Halloween),Tosen Jordan (Halloween),Tosen Jordan (Halloween),Tosen Jordan (Halloween),Tosen Jordan (Halloween),Tosen Jordan (Halloween),Tosen Jordan (Halloween),Tosen Jordan (Halloween),Tosen Jordan (Halloween),Tosen Jordan (Halloween),Tosen Jordan (Halloween),Tosen Jordan (Halloween),Tosen Jordan (Halloween),Tosen Jordan (Halloween),Tosen Jordan (Halloween),Tosen Jordan (Halloween),Tosen Jordan (Halloween),Tosen Jordan (Halloween),Tosen Jordan (Halloween),,,,,,(Christmas),(Christmas),,,,,,,,,,,,,,,,,,,,,,,SSR,SR,,,,,,,,,,,,,,,,,
,Dantsu Flame,Dantsu Flame,Dantsu Flame,Dantsu Flame,Dantsu Flame,Dantsu Flame,Dantsu Flame,Dantsu Flame,Dantsu Flame,Dantsu Flame,Dantsu Flame,Dantsu Flame,Dantsu Flame,Dantsu Flame,Dantsu Flame,Dantsu Flame,Dantsu Flame,Dantsu Flame,Dantsu Flame,Dantsu Flame,Dantsu Flame,Dantsu Flame,Dantsu Flame,Dantsu Flame,Dantsu Flame,,,,,,,,,,,,,,,,,,,,,,,,,,,,,,4,5,,,,,,,,,,,,,,,,,
,Jungle Pocket (Rerun),Jungle Pocket (Rerun),Jungle Pocket (Rerun),Jungle Pocket (Rerun),Jungle Pocket (Rerun),Jungle Pocket (Rerun),Jungle Pocket (Rerun),Jungle Pocket (Rerun),Jungle Pocket (Rerun),Jungle Pocket (Rerun),Jungle Pocket (Rerun),Jungle Pocket (Rerun),Jungle Pocket (Rerun),Jungle Pocket (Rerun),Jungle Pocket (Rerun),Jungle Pocket (Rerun),Jungle Pocket (Rerun),Jungle Pocket (Rerun),Jungle Pocket (Rerun),Jungle Pocket (Rerun),Jungle Pocket (Rerun),Jungle Pocket (Rerun),Jungle Pocket (Rerun),Jungle Pocket (Rerun),Jungle Pocket (Rerun),JP,,Global,,,,,,,,,,,,,,,,,80,2027-06-16 22:00:00,k1,0,2027-06-25 21:59:59,,,,,,Date Override,,Start Date,End Date,,,,,,,,,,,,,,,
,Transcend (Onsen),Transcend (Onsen),Transcend (Onsen),Transcend (Onsen),Transcend (Onsen),Transcend (Onsen),Transcend (Onsen),Transcend (Onsen),Transcend (Onsen),Transcend (Onsen),Transcend (Onsen),Transcend (Onsen),Transcend (Onsen),Transcend (Onsen),Transcend (Onsen),Transcend (Onsen),Transcend (Onsen),Transcend (Onsen),Transcend (Onsen),Transcend (Onsen),Transcend (Onsen),Transcend (Onsen),Transcend (Onsen),Transcend (Onsen),Transcend (Onsen),Start Date,End Date,Start Date,End Date,,Releases In,,,,,,,,,,,,,,80,First Day,Hours,0,Throughout,,,,,,,,2027-06-16,2027-06-25,,,,,,,,,,,,,,,
,Wonder Acute (Onsen),Wonder Acute (Onsen),Wonder Acute (Onsen),Wonder Acute (Onsen),Wonder Acute (Onsen),Wonder Acute (Onsen),Wonder Acute (Onsen),Wonder Acute (Onsen),Wonder Acute (Onsen),Wonder Acute (Onsen),Wonder Acute (Onsen),Wonder Acute (Onsen),Wonder Acute (Onsen),Wonder Acute (Onsen),Wonder Acute (Onsen),Wonder Acute (Onsen),Wonder Acute (Onsen),Wonder Acute (Onsen),Wonder Acute (Onsen),Wonder Acute (Onsen),Wonder Acute (Onsen),Wonder Acute (Onsen),Wonder Acute (Onsen),Wonder Acute (Onsen),Wonder Acute (Onsen),2023-12-11,2023-12-20,2027-06-16,2027-06-25,,355 Days,,,,,,,,,,,,,,80,Uma Story Ch 1-4,,,,,,,,,Banner Type,2,2027-06-16 22:00:00,2027-06-25 21:59:59,Satono Crown,Marvelous Sunday + Jungle Pocket + Mejiro McQueen + Manhattan Cafe + Super Creek + Narita Brian + Mayano Top Gun + Tokai Teio + TM Opera O + Mei Satake,,Satono Crown,Marvelous Sunday + Jungle Pocket + Mejiro McQueen + Manhattan Cafe + Super Creek + Narita Brian + Mayano Top Gun + Tokai Teio + TM Opera O + Mei Satake,,,,,,,,,,
,Buena Vista,Buena Vista,Buena Vista,Buena Vista,Buena Vista,Buena Vista,Buena Vista,Buena Vista,Buena Vista,Buena Vista,Buena Vista,Buena Vista,Buena Vista,Buena Vista,Buena Vista,Buena Vista,Buena Vista,Buena Vista,Buena Vista,Buena Vista,Buena Vista,Buena Vista,Buena Vista,Buena Vista,Buena Vista,,,,,,,,,,,,,,,,,,,,,,,,,,,,,,JP,,JP Datedif,1020,,,,,,,77,77,95,109,2027-06-16 22:00:00,,,,
,Nakayama Festa (Christmas) + Dream Journey (Christmas),Nakayama Festa (Christmas) + Dream Journey (Christmas),Nakayama Festa (Christmas) + Dream Journey (Christmas),Nakayama Festa (Christmas) + Dream Journey (Christmas),Nakayama Festa (Christmas) + Dream Journey (Christmas),Nakayama Festa (Christmas) + Dream Journey (Christmas),Nakayama Festa (Christmas) + Dream Journey (Christmas),Nakayama Festa (Christmas) + Dream Journey (Christmas),Nakayama Festa (Christmas) + Dream Journey (Christmas),Nakayama Festa (Christmas) + Dream Journey (Christmas),Nakayama Festa (Christmas) + Dream Journey (Christmas),Nakayama Festa (Christmas) + Dream Journey (Christmas),Nakayama Festa (Christmas) + Dream Journey (Christmas),Nakayama Festa (Christmas) + Dream Journey (Christmas),Nakayama Festa (Christmas) + Dream Journey (Christmas),Nakayama Festa (Christmas) + Dream Journey (Christmas),Nakayama Festa (Christmas) + Dream Journey (Christmas),Nakayama Festa (Christmas) + Dream Journey (Christmas),Nakayama Festa (Christmas) + Dream Journey (Christmas),Nakayama Festa (Christmas) + Dream Journey (Christmas),Nakayama Festa (Christmas) + Dream Journey (Christmas),Nakayama Festa (Christmas) + Dream Journey (Christmas),Nakayama Festa (Christmas) + Dream Journey (Christmas),Nakayama Festa (Christmas) + Dream Journey (Christmas),Nakayama Festa (Christmas) + Dream Journey (Christmas),,,,,,,,,,,,,,,,,,,,,,,,,,,,,,Start Date,End Date,Global Datedif,720,,,,,,,,,,,,,,,
,Oguri Cap (Anime Collab),Oguri Cap (Anime Collab),Oguri Cap (Anime Collab),Oguri Cap (Anime Collab),Oguri Cap (Anime Collab),Oguri Cap (Anime Collab),Oguri Cap (Anime Collab),Oguri Cap (Anime Collab),Oguri Cap (Anime Collab),Oguri Cap (Anime Collab),Oguri Cap (Anime Collab),Oguri Cap (Anime Collab),Oguri Cap (Anime Collab),Oguri Cap (Anime Collab),Oguri Cap (Anime Collab),Oguri Cap (Anime Collab),Oguri Cap (Anime Collab),Oguri Cap (Anime Collab),Oguri Cap (Anime Collab),Oguri Cap (Anime Collab),Oguri Cap (Anime Collab),Oguri Cap (Anime Collab),Oguri Cap (Anime Collab),Oguri Cap (Anime Collab),Oguri Cap (Anime Collab),,,,,,,,,,,,,,,,,,,,,,,,,,,,,,2023-12-11,2023-12-20,D-Day,355,,,,,,,,,,,,,,,
,Stay Gold,Stay Gold,Stay Gold,Stay Gold,Stay Gold,Stay Gold,Stay Gold,Stay Gold,Stay Gold,Stay Gold,Stay Gold,Stay Gold,Stay Gold,Stay Gold,Stay Gold,Stay Gold,Stay Gold,Stay Gold,Stay Gold,Stay Gold,Stay Gold,Stay Gold,Stay Gold,Stay Gold,Stay Gold,,,,,,,,,,,,,,,,,,,,150,2027-06-25 21:59:59,k3,,,,,,,,Pull Tickets,,Finals Day,363,,,,,,,,,,,,,,,
,Ikuno Dictus (New Year) + Sakura Laurel (New Year),Ikuno Dictus (New Year) + Sakura Laurel (New Year),Ikuno Dictus (New Year) + Sakura Laurel (New Year),Ikuno Dictus (New Year) + Sakura Laurel (New Year),Ikuno Dictus (New Year) + Sakura Laurel (New Year),Ikuno Dictus (New Year) + Sakura Laurel (New Year),Ikuno Dictus (New Year) + Sakura Laurel (New Year),Ikuno Dictus (New Year) + Sakura Laurel (New Year),Ikuno Dictus (New Year) + Sakura Laurel (New Year),Ikuno Dictus (New Year) + Sakura Laurel (New Year),Ikuno Dictus (New Year) + Sakura Laurel (New Year),Ikuno Dictus (New Year) + Sakura Laurel (New Year),Ikuno Dictus (New Year) + Sakura Laurel (New Year),Ikuno Dictus (New Year) + Sakura Laurel (New Year),Ikuno Dictus (New Year) + Sakura Laurel (New Year),Ikuno Dictus (New Year) + Sakura Laurel (New Year),Ikuno Dictus (New Year) + Sakura Laurel (New Year),Ikuno Dictus (New Year) + Sakura Laurel (New Year),Ikuno Dictus (New Year) + Sakura Laurel (New Year),Ikuno Dictus (New Year) + Sakura Laurel (New Year),Ikuno Dictus (New Year) + Sakura Laurel (New Year),Ikuno Dictus (New Year) + Sakura Laurel (New Year),Ikuno Dictus (New Year) + Sakura Laurel (New Year),Ikuno Dictus (New Year) + Sakura Laurel (New Year),Ikuno Dictus (New Year) + Sakura Laurel (New Year),,,,,,,,,,,,,,,,,,,,150,Last Day,,,,,,,,,Uma,Support,Length,9,,,,,,,,,,,,,,,
,Gentildonna (Rerun),Gentildonna (Rerun),Gentildonna (Rerun),Gentildonna (Rerun),Gentildonna (Rerun),Gentildonna (Rerun),Gentildonna (Rerun),Gentildonna (Rerun),Gentildonna (Rerun),Gentildonna (Rerun),Gentildonna (Rerun),Gentildonna (Rerun),Gentildonna (Rerun),Gentildonna (Rerun),Gentildonna (Rerun),Gentildonna (Rerun),Gentildonna (Rerun),Gentildonna (Rerun),Gentildonna (Rerun),Gentildonna (Rerun),Gentildonna (Rerun),Gentildonna (Rerun),Gentildonna (Rerun),Gentildonna (Rerun),Gentildonna (Rerun),,,,,,,,,,,,,,,,,,,,150,Autumn G1 Celebration Missions Part 3 (Asahi Hai Futurity Stakes),,,,,,,,,0,0,Dropdown,FALSE,,,,,,,,,,,,,,,
,Orfevre (Rerun),Orfevre (Rerun),Orfevre (Rerun),Orfevre (Rerun),Orfevre (Rerun),Orfevre (Rerun),Orfevre (Rerun),Orfevre (Rerun),Orfevre (Rerun),Orfevre (Rerun),Orfevre (Rerun),Orfevre (Rerun),Orfevre (Rerun),Orfevre (Rerun),Orfevre (Rerun),Orfevre (Rerun),Orfevre (Rerun),Orfevre (Rerun),Orfevre (Rerun),Orfevre (Rerun),Orfevre (Rerun),Orfevre (Rerun),Orfevre (Rerun),Orfevre (Rerun),Orfevre (Rerun),,,,,,Satono Crown,,Marvelous Sunday,Jungle Pocket,Mejiro McQueen,Manhattan Cafe,Super Creek,Narita Brian,Mayano Top Gun,Tokai Teio,TM Opera O,Mei Satake,,,,,,,,,,,,,Limit Break Crystals,,,,,,,,,,,,,,,,,,
,Bubble Gum Fellow (New Year),Bubble Gum Fellow (New Year),Bubble Gum Fellow (New Year),Bubble Gum Fellow (New Year),Bubble Gum Fellow (New Year),Bubble Gum Fellow (New Year),Bubble Gum Fellow (New Year),Bubble Gum Fellow (New Year),Bubble Gum Fellow (New Year),Bubble Gum Fellow (New Year),Bubble Gum Fellow (New Year),Bubble Gum Fellow (New Year),Bubble Gum Fellow (New Year),Bubble Gum Fellow (New Year),Bubble Gum Fellow (New Year),Bubble Gum Fellow (New Year),Bubble Gum Fellow (New Year),Bubble Gum Fellow (New Year),Bubble Gum Fellow (New Year),Bubble Gum Fellow (New Year),Bubble Gum Fellow (New Year),Bubble Gum Fellow (New Year),Bubble Gum Fellow (New Year),Bubble Gum Fellow (New Year),Bubble Gum Fellow (New Year),,,,,,,,,,,,,,,,,,,,,,,,,,,,,,SSR,SR,,,,,,,,,,,,,,,,,
,Kiseki,Kiseki,Kiseki,Kiseki,Kiseki,Kiseki,Kiseki,Kiseki,Kiseki,Kiseki,Kiseki,Kiseki,Kiseki,Kiseki,Kiseki,Kiseki,Kiseki,Kiseki,Kiseki,Kiseki,Kiseki,Kiseki,Kiseki,Kiseki,Kiseki,,,,,,,,,,,,,,,,,,,,,,,,,,,,,,,,,,,,,,,,,,,,,,,,
,Taiki Shuttle (Valentine) + Sounds of Earth (Valentine),Taiki Shuttle (Valentine) + Sounds of Earth (Valentine),Taiki Shuttle (Valentine) + Sounds of Earth (Valentine),Taiki Shuttle (Valentine) + Sounds of Earth (Valentine),Taiki Shuttle (Valentine) + Sounds of Earth (Valentine),Taiki Shuttle (Valentine) + Sounds of Earth (Valentine),Taiki Shuttle (Valentine) + Sounds of Earth (Valentine),Taiki Shuttle (Valentine) + Sounds of Earth (Valentine),Taiki Shuttle (Valentine) + Sounds of Earth (Valentine),Taiki Shuttle (Valentine) + Sounds of Earth (Valentine),Taiki Shuttle (Valentine) + Sounds of Earth (Valentine),Taiki Shuttle (Valentine) + Sounds of Earth (Valentine),Taiki Shuttle (Valentine) + Sounds of Earth (Valentine),Taiki Shuttle (Valentine) + Sounds of Earth (Valentine),Taiki Shuttle (Valentine) + Sounds of Earth (Valentine),Taiki Shuttle (Valentine) + Sounds of Earth (Valentine),Taiki Shuttle (Valentine) + Sounds of Earth (Valentine),Taiki Shuttle (Valentine) + Sounds of Earth (Valentine),Taiki Shuttle (Valentine) + Sounds of Earth (Valentine),Taiki Shuttle (Valentine) + Sounds of Earth (Valentine),Taiki Shuttle (Valentine) + Sounds of Earth (Valentine),Taiki Shuttle (Valentine) + Sounds of Earth (Valentine),Taiki Shuttle (Valentine) + Sounds of Earth (Valentine),Taiki Shuttle (Valentine) + Sounds of Earth (Valentine),Taiki Shuttle (Valentine) + Sounds of Earth (Valentine),,,,,,,,,,,,,,,,,,,,,,,,,,,,,,Date Override,,Start Date,End Date,,,,,,,,,,,,,,,
,Royce and Royce,Royce and Royce,Royce and Royce,Royce and Royce,Royce and Royce,Royce and Royce,Royce and Royce,Royce and Royce,Royce and Royce,Royce and Royce,Royce and Royce,Royce and Royce,Royce and Royce,Royce and Royce,Royce and Royce,Royce and Royce,Royce and Royce,Royce and Royce,Royce and Royce,Royce and Royce,Royce and Royce,Royce and Royce,Royce and Royce,Royce and Royce,Royce and Royce,,,,,,,,,,,,,,,,,,,,,,,,,,,,,,,,2027-06-18,2027-06-24,,,,,,,,,,,,,,,
,Almond Eye,Almond Eye,Almond Eye,Almond Eye,Almond Eye,Almond Eye,Almond Eye,Almond Eye,Almond Eye,Almond Eye,Almond Eye,Almond Eye,Almond Eye,Almond Eye,Almond Eye,Almond Eye,Almond Eye,Almond Eye,Almond Eye,Almond Eye,Almond Eye,Almond Eye,Almond Eye,Almond Eye,Almond Eye,,,,,,,,,,,,,,,,,,,,,,,,,,,,,,Banner Type,-1,2027-06-18 22:00:00,2027-06-24 21:59:59,,,,,,,,,,,,,,,
,Loves Only You (Beyond Dreams),Loves Only You (Beyond Dreams),Loves Only You (Beyond Dreams),Loves Only You (Beyond Dreams),Loves Only You (Beyond Dreams),Loves Only You (Beyond Dreams),Loves Only You (Beyond Dreams),Loves Only You (Beyond Dreams),Loves Only You (Beyond Dreams),Loves Only You (Beyond Dreams),Loves Only You (Beyond Dreams),Loves Only You (Beyond Dreams),Loves Only You (Beyond Dreams),Loves Only You (Beyond Dreams),Loves Only You (Beyond Dreams),Loves Only You (Beyond Dreams),Loves Only You (Beyond Dreams),Loves Only You (Beyond Dreams),Loves Only You (Beyond Dreams),Loves Only You (Beyond Dreams),Loves Only You (Beyond Dreams),Loves Only You (Beyond Dreams),Loves Only You (Beyond Dreams),Loves Only You (Beyond Dreams),Loves Only You (Beyond Dreams),,,,,,,,,,,,,,,,,,,,,,,,,,,,,,JP,,JP Datedif,1023,,,,,,,77,77,95,109,2027-06-18 22:00:00,14,2027-06-23 21:59:59,,
,Victoire Pisa,Victoire Pisa,Victoire Pisa,Victoire Pisa,Victoire Pisa,Victoire Pisa,Victoire Pisa,Victoire Pisa,Victoire Pisa,Victoire Pisa,Victoire Pisa,Victoire Pisa,Victoire Pisa,Victoire Pisa,Victoire Pisa,Victoire Pisa,Victoire Pisa,Victoire Pisa,Victoire Pisa,Victoire Pisa,Victoire Pisa,Victoire Pisa,Victoire Pisa,Victoire Pisa,Victoire Pisa,,,,,,,,,,,,,,,,,,,,,,,,,,,,,,Start Date,End Date,Global Datedif,722,,,,,,,,,,,,,,,
,Sakura Bakushin O (Ballroom) + North Flight (Ballroom),Sakura Bakushin O (Ballroom) + North Flight (Ballroom),Sakura Bakushin O (Ballroom) + North Flight (Ballroom),Sakura Bakushin O (Ballroom) + North Flight (Ballroom),Sakura Bakushin O (Ballroom) + North Flight (Ballroom),Sakura Bakushin O (Ballroom) + North Flight (Ballroom),Sakura Bakushin O (Ballroom) + North Flight (Ballroom),Sakura Bakushin O (Ballroom) + North Flight (Ballroom),Sakura Bakushin O (Ballroom) + North Flight (Ballroom),Sakura Bakushin O (Ballroom) + North Flight (Ballroom),Sakura Bakushin O (Ballroom) + North Flight (Ballroom),Sakura Bakushin O (Ballroom) + North Flight (Ballroom),Sakura Bakushin O (Ballroom) + North Flight (Ballroom),Sakura Bakushin O (Ballroom) + North Flight (Ballroom),Sakura Bakushin O (Ballroom) + North Flight (Ballroom),Sakura Bakushin O (Ballroom) + North Flight (Ballroom),Sakura Bakushin O (Ballroom) + North Flight (Ballroom),Sakura Bakushin O (Ballroom) + North Flight (Ballroom),Sakura Bakushin O (Ballroom) + North Flight (Ballroom),Sakura Bakushin O (Ballroom) + North Flight (Ballroom),Sakura Bakushin O (Ballroom) + North Flight (Ballroom),Sakura Bakushin O (Ballroom) + North Flight (Ballroom),Sakura Bakushin O (Ballroom) + North Flight (Ballroom),Sakura Bakushin O (Ballroom) + North Flight (Ballroom),Sakura Bakushin O (Ballroom) + North Flight (Ballroom),,,,,,,,,,,,,,,,,,,,,,,,,,,,,,2023-12-14,2023-12-20,D-Day,357,,,,,,,,,,,,,,,
,Lucky Lilac,Lucky Lilac,Lucky Lilac,Lucky Lilac,Lucky Lilac,Lucky Lilac,Lucky Lilac,Lucky Lilac,Lucky Lilac,Lucky Lilac,Lucky Lilac,Lucky Lilac,Lucky Lilac,Lucky Lilac,Lucky Lilac,Lucky Lilac,Lucky Lilac,Lucky Lilac,Lucky Lilac,Lucky Lilac,Lucky Lilac,Lucky Lilac,Lucky Lilac,Lucky Lilac,Lucky Lilac,,,,,,,,,,,,,,,,,,,,,,,,,,,,,,Pull Tickets,,Finals Day,362,,,,,,,,,,,,,,,
,Admire Groove,Admire Groove,Admire Groove,Admire Groove,Admire Groove,Admire Groove,Admire Groove,Admire Groove,Admire Groove,Admire Groove,Admire Groove,Admire Groove,Admire Groove,Admire Groove,Admire Groove,Admire Groove,Admire Groove,Admire Groove,Admire Groove,Admire Groove,Admire Groove,Admire Groove,Admire Groove,Admire Groove,Admire Groove,,,,,,,,,,,,,,,,,,,,,,,,,,,,,,Uma,Support,Length,6,,,,,,,,,,,,,,,
,Fuji Kiseki (Cheerleader) + Jungle Pocket (Cheerleader),Fuji Kiseki (Cheerleader) + Jungle Pocket (Cheerleader),Fuji Kiseki (Cheerleader) + Jungle Pocket (Cheerleader),Fuji Kiseki (Cheerleader) + Jungle Pocket (Cheerleader),Fuji Kiseki (Cheerleader) + Jungle Pocket (Cheerleader),Fuji Kiseki (Cheerleader) + Jungle Pocket (Cheerleader),Fuji Kiseki (Cheerleader) + Jungle Pocket (Cheerleader),Fuji Kiseki (Cheerleader) + Jungle Pocket (Cheerleader),Fuji Kiseki (Cheerleader) + Jungle Pocket (Cheerleader),Fuji Kiseki (Cheerleader) + Jungle Pocket (Cheerleader),Fuji Kiseki (Cheerleader) + Jungle Pocket (Cheerleader),Fuji Kiseki (Cheerleader) + Jungle Pocket (Cheerleader),Fuji Kiseki (Cheerleader) + Jungle Pocket (Cheerleader),Fuji Kiseki (Cheerleader) + Jungle Pocket (Cheerleader),Fuji Kiseki (Cheerleader) + Jungle Pocket (Cheerleader),Fuji Kiseki (Cheerleader) + Jungle Pocket (Cheerleader),Fuji Kiseki (Cheerleader) + Jungle Pocket (Cheerleader),Fuji Kiseki (Cheerleader) + Jungle Pocket (Cheerleader),Fuji Kiseki (Cheerleader) + Jungle Pocket (Cheerleader),Fuji Kiseki (Cheerleader) + Jungle Pocket (Cheerleader),Fuji Kiseki (Cheerleader) + Jungle Pocket (Cheerleader),Fuji Kiseki (Cheerleader) + Jungle Pocket (Cheerleader),Fuji Kiseki (Cheerleader) + Jungle Pocket (Cheerleader),Fuji Kiseki (Cheerleader) + Jungle Pocket (Cheerleader),Fuji Kiseki (Cheerleader) + Jungle Pocket (Cheerleader),,,,,,,,,,,,,,,,,,,,,,,,,,,,,,,,Dropdown,FALSE,,,,,,,,,,,,,,,
,Fenomeno + Nakayama Festa + (Christmas) + Stay Gold + Dream Journey + (Christmas) + Orfevre + Gold Ship (Summer) + (Project L'Arc),Fenomeno + Nakayama Festa + (Christmas) + Stay Gold + Dream Journey + (Christmas) + Orfevre + Gold Ship (Summer) + (Project L'Arc),Fenomeno + Nakayama Festa + (Christmas) + Stay Gold + Dream Journey + (Christmas) + Orfevre + Gold Ship (Summer) + (Project L'Arc),Fenomeno + Nakayama Festa + (Christmas) + Stay Gold + Dream Journey + (Christmas) + Orfevre + Gold Ship (Summer) + (Project L'Arc),Fenomeno + Nakayama Festa + (Christmas) + Stay Gold + Dream Journey + (Christmas) + Orfevre + Gold Ship (Summer) + (Project L'Arc),Fenomeno + Nakayama Festa + (Christmas) + Stay Gold + Dream Journey + (Christmas) + Orfevre + Gold Ship (Summer) + (Project L'Arc),Fenomeno + Nakayama Festa + (Christmas) + Stay Gold + Dream Journey + (Christmas) + Orfevre + Gold Ship (Summer) + (Project L'Arc),Fenomeno + Nakayama Festa + (Christmas) + Stay Gold + Dream Journey + (Christmas) + Orfevre + Gold Ship (Summer) + (Project L'Arc),Fenomeno + Nakayama Festa + (Christmas) + Stay Gold + Dream Journey + (Christmas) + Orfevre + Gold Ship (Summer) + (Project L'Arc),Fenomeno + Nakayama Festa + (Christmas) + Stay Gold + Dream Journey + (Christmas) + Orfevre + Gold Ship (Summer) + (Project L'Arc),Fenomeno + Nakayama Festa + (Christmas) + Stay Gold + Dream Journey + (Christmas) + Orfevre + Gold Ship (Summer) + (Project L'Arc),Fenomeno + Nakayama Festa + (Christmas) + Stay Gold + Dream Journey + (Christmas) + Orfevre + Gold Ship (Summer) + (Project L'Arc),Fenomeno + Nakayama Festa + (Christmas) + Stay Gold + Dream Journey + (Christmas) + Orfevre + Gold Ship (Summer) + (Project L'Arc),Fenomeno + Nakayama Festa + (Christmas) + Stay Gold + Dream Journey + (Christmas) + Orfevre + Gold Ship (Summer) + (Project L'Arc),Fenomeno + Nakayama Festa + (Christmas) + Stay Gold + Dream Journey + (Christmas) + Orfevre + Gold Ship (Summer) + (Project L'Arc),Fenomeno + Nakayama Festa + (Christmas) + Stay Gold + Dream Journey + (Christmas) + Orfevre + Gold Ship (Summer) + (Project L'Arc),Fenomeno + Nakayama Festa + (Christmas) + Stay Gold + Dream Journey + (Christmas) + Orfevre + Gold Ship (Summer) + (Project L'Arc),Fenomeno + Nakayama Festa + (Christmas) + Stay Gold + Dream Journey + (Christmas) + Orfevre + Gold Ship (Summer) + (Project L'Arc),Fenomeno + Nakayama Festa + (Christmas) + Stay Gold + Dream Journey + (Christmas) + Orfevre + Gold Ship (Summer) + (Project L'Arc),Fenomeno + Nakayama Festa + (Christmas) + Stay Gold + Dream Journey + (Christmas) + Orfevre + Gold Ship (Summer) + (Project L'Arc),Fenomeno + Nakayama Festa + (Christmas) + Stay Gold + Dream Journey + (Christmas) + Orfevre + Gold Ship (Summer) + (Project L'Arc),Fenomeno + Nakayama Festa + (Christmas) + Stay Gold + Dream Journey + (Christmas) + Orfevre + Gold Ship (Summer) + (Project L'Arc),Fenomeno + Nakayama Festa + (Christmas) + Stay Gold + Dream Journey + (Christmas) + Orfevre + Gold Ship (Summer) + (Project L'Arc),Fenomeno + Nakayama Festa + (Christmas) + Stay Gold + Dream Journey + (Christmas) + Orfevre + Gold Ship (Summer) + (Project L'Arc),Fenomeno + Nakayama Festa + (Christmas) + Stay Gold + Dream Journey + (Christmas) + Orfevre + Gold Ship (Summer) + (Project L'Arc),,,,,,,,,,,,,,,,,,,,,,,,,,,,,,Limit Break Crystals,,,,,,,,,,,,,,,,,,
,,,,,,,,,,,,,,,,,,,,,,,,,,,,,,,,,,,,,,,,,,,,,,,,,,,,,,,SSR,SR,,,,,,,,,,,,,,,,,
,,,,,,,,,,,,,,,,,,,,,,,,,,,,,,,,,,,,,,,,,,,,,,,,,,,,,,,,,,,,,,,,,,,,,,,,,
,,,,,,,,,,,,,,,,,,,,,,,,,,JP,,Global,,,,,,,,,,,,,,,,,1080,2027-06-23 22:00:00,k1,0,2027-07-01 21:59:59,,,,,,Date Override,,Start Date,End Date,,,,,,,,,,,,,,,
,,,,,,,,,,,,,,,,,,,,,,,,,,Start Date,End Date,Start Date,End Date,,Releases In,,,,,,,,,,,,,,1080,First Day,Hours,0,Throughout,,,,,,,,2027-06-23,2027-07-01,,,,,,,,,,,,,,,
,,,,,,,,,,,,,,,,,,,,,,,,,,2023-12-20,2023-12-28,2027-06-23,2027-07-01,,362 Days,,,,,,,,,,,,,,80,Uma Story Ch 1-4,,,,,,,,,Banner Type,1,2027-06-23 22:00:00,2027-07-01 21:59:59,Cheval Grand,Vivlos,,Cheval Grand,Vivlos,,,,,,,,,,
,,,,,,,,,,,,,,,,,,,,,,,,,,,,,,,,,,,,,,,,,,,,,1000,6th Racing Carnival,,,,,,,,,JP,,JP Datedif,1029,,,,,,,80,80,97,111,2027-06-23 22:00:00,,,,
,,,,,,,,,,,,,,,,,,,,,,,,,,,,,,,,,,,,,,,,,,,,,,,,,,,,,,,Start Date,End Date,Global Datedif,727,,,,,,,,,,,,,,,
,,,,,,,,,,,,,,,,,,,,,,,,,,,,,,,,,,,,,,,,,,,,,,,,,,,,,,,2023-12-20,2023-12-28,D-Day,362,,,,,,,,,,,,,,,
,,,,,,,,,,,,,,,,,,,,,,,,,,,,,,,,,,,,,,,,,,,,,450,2027-07-01 21:59:59,k3,,,,,,,,Pull Tickets,,Finals Day,369,,,,,,,,,,,,,,,
,,,,,,,,,,,,,,,,,,,,,,,,,,,,,,,,,,,,,,,,,,,,,450,Last Day,,,,,,,,,Uma,Support,Length,8,,,,,,,,,,,,,,,
,,,,,,,,,,,,,,,,,,,,,,,,,,,,,,,,,,,,,,,,,,,,,150,Autumn G1 Celebration Missions Part 3 (Arima Kinen),,,,,,,,,3,3,Dropdown,FALSE,,,,,,,,,,,,,,,
,,,,,,,,,,,,,,,,,,,,,,,,,,,,,,,Cheval Grand,,Vivlos,,Royce and Royce,,,,,,,,,,150,Autumn G1 Celebration Missions Part 3 (Hopeful Stakes),,,,,,,,,Limit Break Crystals,,,,,,,,,,,,,,,,,,
,,,,,,,,,,,,,,,,,,,,,,,,,,,,,,,,,,,,,,,,,,,,,150,Autumn G1 Celebration Missions Part 3 (Tokyo Daishoten),,,,,,,,,SSR,SR,,,,,,,,,,,,,,,,,
,,,,,,,,,,,,,,,,,,,,,,,,,,,,,,,,,,,,,,,,,,,,,,,,,,,,,,,2,2,,,,,,,,,,,,,,,,,
,,,,,,,,,,,,,,,,,,,,,,,,,,JP,,Global,,,,Free Pulls,,,,,,,,,,,,,1500,2027-06-28 22:00:00,k1,10460,2027-07-10 21:59:59,,,,,,Date Override,,Start Date,End Date,,,,,,,,,,,,,,,
,,,,,,,,,,,,,,,,,,,,,,,,,,Start Date,End Date,Start Date,End Date,,Releases In,Uma,Support,,,,,,,,,,,,1500,First Day,Hours,10460,Throughout,,,,,,,,2027-06-28,2027-07-10,,,,,,,,,,,,,,,
,,,,,,,,,,,,,,,,,,,,,,,,,,2023-12-28,2024-01-09,2027-06-28,2027-07-10,,367 Days,0,100,,,,,,,,,,,,1500,New Year Login Gift,,600,New Year Countdown,,,,,,Banner Type,1,2027-06-28 22:00:00,2027-07-10 21:59:59,Kitasan Black (Anime Collab),Duramente + Satono Diamond,,Kitasan Black (Anime Collab),Duramente + Satono Diamond,,,,,,,,,,
,,,,,,,,,,,,,,,,,,,,,,,,,,,,,,,,,,,,,,,,,,,,,,,,2700,New Year Login Bonus,,,,,,JP,,JP Datedif,1037,,,,,,,82,82,101,116,2027-06-28 22:00:00,,,,
,,,,,,,,,,,,,,,,,,,,,,,,,,,,,,,,,,,,,,,,,,,,,,,,2160,"Event Rewards (Story, Bingo, Event Pt)",,,,,,Start Date,End Date,Global Datedif,732,,,,,,,,,,,,,,,
,,,,,,,,,,,,,,,,,,,,,,,,,,,,,,,,,,,,,,,,,,,,,,,,4500,Masters Challenge,,,,,,2023-12-28,2024-01-09,D-Day,367,,,,,,,,,,,,,,,
,,,,,,,,,,,,,,,,,,,,,,,,,,,,,,,,,,,,,,,,,,,,,0,2027-07-10 21:59:59,k3,,,,,,,,Pull Tickets,,Finals Day,378,,,,,,,,,,,,,,,
,,,,,,,,,,,,,,,,,,,,,,,,,,,,,,,,,,,,,,,,,,,,,0,Last Day,,250,Legend Race (Sakura Chiyono O),,,,,,Uma,Support,Length,12,,,,,,,,,,,,,,,
,,,,,,,,,,,,,,,,,,,,,,,,,,,,,,,,,,,,,,3* Uma Selector,,,,,,,,,,250,Legend Race (Mihono Bourbon),,,,,,2,2,Dropdown,FALSE,,,,,,,,,,,,,,,
,,,,,,,,,,,,,,,,,,,,,,,,,,,,,,,Kitasan Black,,Duramente,Satono Diamond,,,,1 Paid ($21),,Carvers of History,Twin Turbo,,,,,,,,,,,,,,Limit Break Crystals,,,,,,,,,,,,,,,,,,
,,,,,,,,,,,,,,,,,,,,,,,,,,,,,,,(Anime Collab),,100x Free Pulls,,,,,Up to Cheval Grand,,,,,,,,,,,,,,,,,SSR,SR,,,,,,,,,,,,,,,,,
,,,,,,,,,,,,,,,,,,,,,,,,,,,,,,,,,,,,,,,,,,,,,,,,,,,,,,,4,5,,,,,,,,,,,,,,,,,
,,,,,,,,,,,,,,,,,,,,,,,,,,JP,,Global,,,,,,,,,,,,,,,,,0,2027-07-07 22:00:00,k1,0,2027-07-17 21:59:59,,,,,,Date Override,,Start Date,End Date,,,,,,,,,,,,,,,
,,,,,,,,,,,,,,,,,,,,,,,,,,Start Date,End Date,Start Date,End Date,,Releases In,,,,,,,,,,,,,,0,First Day,Hours,0,Throughout,,,,,,,,2027-07-07,2027-07-17,,,,,,,,,,,,,,,
,,,,,,,,,,,,,,,,,,,,,,,,,,2024-01-09,2024-01-19,2027-07-07,2027-07-17,,376 Days,,,,,,,,,,,,,,,,,,,,,,,,Banner Type,2,2027-07-07 22:00:00,2027-07-17 21:59:59,Nice Nature (New Year),El Condor Pasa + Wonder Acute + K.S. Miracle + Daiwa Scarlet + Symboli Rudolf + Agnes Tachyon + Mejiro Ramonu + Mihono Bourbon + Aston Machan + Mei Satake,,Nice Nature (New Year),El Condor Pasa + Wonder Acute + K.S. Miracle + Daiwa Scarlet + Symboli Rudolf + Agnes Tachyon + Mejiro Ramonu + Mihono Bourbon + Aston Machan + Mei Satake,,,,,,,,,,
,,,,,,,,,,,,,,,,,,,,,,,,,,,,,,,,,,,,,,,,,,,,,,,,,,,,,,,JP,,JP Datedif,1049,,,,,,,82,82,101,116,2027-07-07 22:00:00,,,,
,,,,,,,,,,,,,,,,,,,,,,,,,,,,,,,,,,,,,,,,,,,,,,,,,,,,,,,Start Date,End Date,Global Datedif,741,,,,,,,,,,,,,,,
,,,,,,,,,,,,,,,,,,,,,,,,,,,,,,,,,,,,,,,,,,,,,,,,,,,,,,,2024-01-09,2024-01-19,D-Day,376,,,,,,,,,,,,,,,
,,,,,,,,,,,,,,,,,,,,,,,,,,,,,,,,,,,,,,,,,,,,,0,2027-07-17 21:59:59,k3,,,,,,,,Pull Tickets,,Finals Day,385,,,,,,,,,,,,,,,
,,,,,,,,,,,,,,,,,,,,,,,,,,,,,,,,,,,,,,,,,,,,,0,Last Day,,,,,,,,,Uma,Support,Length,10,,,,,,,,,,,,,,,
,,,,,,,,,,,,,,,,,,,,,,,,,,,,,,,,,,,,,,,,,,,,,,,,,,,,,,,0,0,Dropdown,FALSE,,,,,,,,,,,,,,,
,,,,,,,,,,,,,,,,,,,,,,,,,,,,,,,Nice Nature,,El Condor Pasa,Wonder Acute,K.S. Miracle,Daiwa Scarlet,Symboli Rudolf,Agnes Tachyon,Mejiro Ramonu,Mihono Bourbon,Aston Machan,Mei Satake,,,,,,,,,,,,,Limit Break Crystals,,,,,,,,,,,,,,,,,,
,,,,,,,,,,,,,,,,,,,,,,,,,,,,,,,(New Year),,,,,,,,,,,,,,,,,,,,,,,,SSR,SR,,,,,,,,,,,,,,,,,
,,,,,,,,,,,,,,,,,,,,,,,,,,,,,,,,,,,,,,,,,,,,,,,,,,,,,,,,,,,,,,,,,,,,,,,,,
,,,,,,,,,,,,,,,,,,,,,,,,,,JP,,Global,,,,,,,,,,,,,,,,,,,,,,,,,,,Date Override,,Start Date,End Date,,,,,,,,,,,,,,,
,,,,,,,,,,,,,,,,,,,,,,,,,,Start Date,End Date,Start Date,End Date,,Starts In,,,,,,,,,,,,,,,,,,,,,,,,,,2027-07-09,2027-07-15,,,,,,,,,,,,,,,
,,,,,,,,,,,,,,,,,,,,,,,,,,2024-01-12,2024-01-18,2027-07-09,2027-07-15,,378 Days,,,,,,,,,,,,,,,,,,,,,,,,Banner Type,-1,2027-07-09 22:00:00,2027-07-15 21:59:59,,,,,,,,,,,,,,,
,,,,,,,,,,,,,,,,,,,,,,,,,,LoH #5,,,,,,,,,,,,,,,,,,,,,,,,,,,,,JP,,JP Datedif,1052,,,,,,,82,82,103,118,2027-07-09 22:00:00,,,5,2027-07-13 21:59:59
,,,,,,,,,,,,,,,,,,,,,,,,,,,,,,,,,,,,,,,,,,,,,,,,,,,,,,,Start Date,End Date,Global Datedif,743,,,,,,,,,,,,,,,
,,,,,,,,,,,,,,,,,,,,,,,,,,,,,,,,,,,,,,,,,,,,,,,,,,,,,,,2024-01-12,2024-01-18,D-Day,378,,,,,,,,,,,,,,,
,,,,,,,,,,,,,,,,,,,,,,,,,,2100m,Medium,,,,,,,,,,,,,,,,,,,,,,,,,,,,Pull Tickets,,Finals Day,383,,,,,,,,,,,,,,,
,,,,,,,,,,,,,,,,,,,,,,,,,,,,,,,,,,,,,,,,,,,,,,,,,,,,,,,Uma,Support,Length,6,,,,,,,,,,,,,,,
,,,,,,,,,,,,,,,,,,,,,,,,,,,,,,,,,,,,,,,,,,,,,,,,,,,,,,,,,Dropdown,FALSE,,,,,,,,,,,,,,,
,,,,,,,,,,,,,,,,,,,,,,,,,,,,,,,,,,,,,,,,,,,,,,,,,,,,,,,Limit Break Crystals,,,,,,,,,,,,,,,,,,
,,,,,,,,,,,,,,,,,,,,,,,,,,,,,,,,,,,,,,,,,,,,,,,,,,,,,,,SSR,SR,,,,,,,,,,,,,,,,,
,,,,,,,,,,,,,,,,,,,,,,,,,,,,,,,,,,,,,,,,,,,,,,,,,,,,,,,2,2,,,,,,,,,,,,,,,,,
,,,,,,,,,,,,,,,,,,,,,,,,,,JP,,Global,,,,,,,,,,,,,,,,,80,2027-07-14 22:00:00,k1,900,2027-07-26 21:59:59,,,,,,Date Override,,Start Date,End Date,,,,,,,,,,,,,,,
,,,,,,,,,,,,,,,,,,,,,,,,,,Start Date,End Date,Start Date,End Date,,Releases In,,,,,,,,,,,,,,80,First Day,Hours,900,Throughout,,,,,,,,2027-07-14,2027-07-26,,,,,,,,,,,,,,,
,,,,,,,,,,,,,,,,,,,,,,,,,,2024-01-19,2024-01-31,2027-07-14,2027-07-26,,383 Days,,,,,,,,,,,,,,80,Uma Story Ch 1-4,,900,Agnes Tachyon Factor Study,,,,,,Banner Type,1,2027-07-14 22:00:00,2027-07-26 21:59:59,Vivlos,Hokko Tarumae,,Vivlos,Hokko Tarumae,,,,,,,,,,
,,,,,,,,,,,,,,,,,,,,,,,,,,,,,,,,,,,,,,,,,,,,,,,,,,,,,,,JP,,JP Datedif,1059,,,,,,,82,82,104,119,2027-07-14 22:00:00,,,,
,,,,,,,,,,,,,,,,,,,,,,,,,,,,,,,,,,,,,,,,,,,,,,,,,,,,,,,Start Date,End Date,Global Datedif,748,,,,,,,,,,,,,,,
,,,,,,,,,,,,,,,,,,,,,,,,,,,,,,,,,,,,,,,,,,,,,,,,,,,,,,,2024-01-19,2024-01-31,D-Day,383,,,,,,,,,,,,,,,
,,,,,,,,,,,,,,,,,,,,,,,,,,,,,,,,,,,,,,,,,,,,,0,2027-07-26 21:59:59,k3,,,,,,,,Pull Tickets,,Finals Day,394,,,,,,,,,,,,,,,
,,,,,,,,,,,,,,,,,,,,,,,,,,,,,,,,,,,,,,,,,,,,,0,Last Day,,,,,,,,,Uma,Support,Length,12,,,,,,,,,,,,,,,
,,,,,,,,,,,,,,,,,,,,,,,,,,,,,,,,,,,,,,,,,,,,,,,,,,,,,,,0,0,Dropdown,FALSE,,,,,,,,,,,,,,,
,,,,,,,,,,,,,,,,,,,,,,,,,,,,,,,Vivlos,,Hokko Tarumae,,Tanino Gimlet,,,,,,,,,,,,,,,,,,,,Limit Break Crystals,,,,,,,,,,,,,,,,,,
,,,,,,,,,,,,,,,,,,,,,,,,,,,,,,,,,,,,,,,,,,,,,,,,,,,,,,,SSR,SR,,,,,,,,,,,,,,,,,
,,,,,,,,,,,,,,,,,,,,,,,,,,,,,,,,,,,,,,,,,,,,,,,,,,,,,,,1,1,,,,,,,,,,,,,,,,,
,,,,,,,,,,,,,,,,,,,,,,,,,,JP,,Global,,,,,,,,,,,,,,,,,0,2027-07-22 22:00:00,k1,2660,2027-08-05 21:59:59,,,,,,Date Override,,Start Date,End Date,,,,,,,,,,,,,,,
,,,,,,,,,,,,,,,,,,,,,,,,,,Start Date,End Date,Start Date,End Date,,Releases In,,,,,,,,,,,,,,0,First Day,Hours,2660,Throughout,,,,,,,,2027-07-22,2027-08-05,,,,,,,,,,,,,,,
,,,,,,,,,,,,,,,,,,,,,,,,,,2024-01-31,2024-02-14,2027-07-22,2027-08-05,,391 Days,,,,,,,,,,,,,,,,,2160,"Event Rewards (Story, Bingo, Event Pt)",,,,,,Banner Type,1,2027-07-22 22:00:00,2027-08-05 21:59:59,Yukino Bijin (Valentine) + Manhattan Cafe (Valentine),Winning Ticket + Sakura Bakushin O,,Yukino Bijin (Valentine) + Manhattan Cafe (Valentine),Winning Ticket + Sakura Bakushin O,,,,,,,,,,
,,,,,,,,,,,,,,,,,,,,,,,,,,,,,,,,,,,,,,,,,,,,,,,,,,,,,,,JP,,JP Datedif,1071,,,,,,,84,84,108,124,2027-07-22 22:00:00,,,,
,,,,,,,,,,,,,,,,,,,,,,,,,,,,,,,,,,,,,,,,,,,,,,,,250,Legend Race (Seeking the Pearl),,,,,,Start Date,End Date,Global Datedif,756,,,,,,,,,,,,,,,
,,,,,,,,,,,,,,,,,,,,,,,,,,,,,,,,,,,,,,,,,,,,,,,,250,Legend Race (King Halo),,,,,,2024-01-31,2024-02-14,D-Day,391,,,,,,,,,,,,,,,
,,,,,,,,,,,,,,,,,,,,,,,,,,,,,,,,,,,,,,,,,,,,,0,2027-08-05 21:59:59,k3,,,,,,,,Pull Tickets,,Finals Day,404,,,,,,,,,,,,,,,
,,,,,,,,,,,,,,,,,,,,,,,,,,,,,,,,,,,,,,,,,,,,,0,Last Day,,,,,,,,,Uma,Support,Length,14,,,,,,,,,,,,,,,
,,,,,,,,,,,,,,,,,,,,,,,,,,,,,,,,,,,,,,,,,,,,,,,,,,,,,,,2,2,Dropdown,FALSE,,,,,,,,,,,,,,,
,,,,,,,,,,,,,,,,,,,,,,,,,,,,,,,Yukino Bijin,Manhattan Cafe,Winning Ticket,Sakura Bakushin O,,,,,,North Flight,,,,,,,,,,,,,,,Limit Break Crystals,,,,,,,,,,,,,,,,,,
,,,,,,,,,,,,,,,,,,,,,,,,,,,,,,,(Valentine),(Valentine),,,,,,,,,,,,,,,,,,,,,,,SSR,SR,,,,,,,,,,,,,,,,,
,,,,,,,,,,,,,,,,,,,,,,,,,,,,,,,,,,,,,,,,,,,,,,,,,,,,,,,4,5,,,,,,,,,,,,,,,,,
,,,,,,,,,,,,,,,,,,,,,,,,,,JP,,Global,,,,Free Pulls,,,,,,,,,,,,,80,2027-08-01 22:00:00,k1,1500,2027-08-11 21:59:59,,,,,,Date Override,,Start Date,End Date,,,,,,,,,,,,,,,
,,,,,,,,,,,,,,,,,,,,,,,,,,Start Date,End Date,Start Date,End Date,,Releases In,Uma,Support,,,,,,,,,,,,80,First Day,Hours,1500,Throughout,,,,,,,,2027-08-01,2027-08-11,,,,,,,,,,,,,,,
,,,,,,,,,,,,,,,,,,,,,,,,,,2024-02-14,2024-02-24,2027-08-01,2027-08-11,,401 Days,5,6,,,,,,,,,,,,80,Uma Story Ch 1-4,,1500,3rd Anniversary Countdown Login Bonus,,,,,,Banner Type,2,2027-08-01 22:00:00,2027-08-11 21:59:59,Biko Pegasus,El Condor Pasa + Jungle Pocket + Taiki Shuttle + Daiichi Ruby + Gold City + Manhattan Cafe + Mejiro Ramonu + Nakayama Festa + Twin Turbo + K.S. Miracle,,Biko Pegasus,El Condor Pasa + Jungle Pocket + Taiki Shuttle + Daiichi Ruby + Gold City + Manhattan Cafe + Mejiro Ramonu + Nakayama Festa + Twin Turbo + K.S. Miracle,,,,,,,,,,
,,,,,,,,,,,,,,,,,,,,,,,,,,,,,,,,,,,,,,,,,,,,,,,,,,,,,,,JP,,JP Datedif,1085,,,,,,,87,87,108,124,2027-08-01 22:00:00,,,,
,,,,,,,,,,,,,,,,,,,,,,,,,,,,,,,,,,,,,,,,,,,,,,,,,,,,,,,Start Date,End Date,Global Datedif,766,,,,,,,,,,,,,,,
,,,,,,,,,,,,,,,,,,,,,,,,,,,,,,,,,,,,,,,,,,,,,,,,,,,,,,,2024-02-14,2024-02-24,D-Day,401,,,,,,,,,,,,,,,
,,,,,,,,,,,,,,,,,,,,,,,,,,,,,,,,,,,,,,,,,,,,,650,2027-08-11 21:59:59,k3,,,,,,,,Pull Tickets,,Finals Day,410,,,,,,,,,,,,,,,
,,,,,,,,,,,,,,,,,,,,,,,,,,,,,,,,,,,,,,,,,,,,,650,Last Day,,,,,,,,,Uma,Support,Length,10,,,,,,,,,,,,,,,
,,,,,,,,,,,,,,,,,,,,,,,,,,,,,,,,,,,,,,,,,,,,,150,G1 Celebration Missions (February Stakes),,,,,,,,,3,3,Dropdown,FALSE,,,,,,,,,,,,,,,
,,,,,,,,,,,,,,,,,,,,,,,,,,,,,,,Biko Pegasus,,El Condor Pasa,Jungle Pocket,Taiki Shuttle,Daiichi Ruby,Gold City,Manhattan Cafe,Mejiro Ramonu,Nakayama Festa,Twin Turbo,K.S. Miracle,,,500,3rd Anniversary Celebration Missions Part 1,,,,,,,,,Limit Break Crystals,,,,,,,,,,,,,,,,,,
,,,,,,,,,,,,,,,,,,,,,,,,,,,,,,,5x Free Pulls,,6x Free Pulls,,,,,,,,,,,,,,,,,,,,,,SSR,SR,,,,,,,,,,,,,,,,,
,,,,,,,,,,,,,,,,,,,,,,,,,,,,,,,✩✩,,,,,,,,,,,,,,,,,,,,,,,,,,,,,,,,,,,,,,,,,,
,,,,,,,,,,,,,,,,,,,,,,,,,,,,,,,,,,,,,,,,,,,,,,,,,,,,,,,Date Override,,Start Date,End Date,,,,,,,,,,,,,,,
,,,,,,,,,,,,,,,,,,,,,,,,,,,,,,,,,,,,,,,,,,,,,,,,,,,,,,,,,2027-08-01,2027-08-07,,,,,,,,,,,,,,,
,,,,,,,,,,,,,,,,,,,,,,,,,,,,,,,,,,,,,,,,,,,,,,,,,,,,,,,Banner Type,-1,2027-08-01 22:00:00,2027-08-07 21:59:59,,,,,,,,,,,,,,,
,,,,,,,,,,,,,,,,,,,,,,,,,,,,,,,,,,,,,,,,,,,,,,,,,,,,,,,JP,,JP Datedif,1085,,,,,,,87,87,108,124,2027-08-01 22:00:00,15,2027-08-06 21:59:59,,
,,,,,,,,,,,,,,,,,,,,,,,,,,,,,,,,,,,,,,,,,,,,,,,,,,,,,,,Start Date,End Date,Global Datedif,766,,,,,,,,,,,,,,,
,,,,,,,,,,,,,,,,,,,,,,,,,,,,,,,,,,,,,,,,,,,,,,,,,,,,,,,2024-02-14,2024-02-20,D-Day,401,,,,,,,,,,,,,,,
,,,,,,,,,,,,,,,,,,,,,,,,,,,,,,,,,,,,,,,,,,,,,,,,,,,,,,,Pull Tickets,,Finals Day,406,,,,,,,,,,,,,,,
,,,,,,,,,,,,,,,,,,,,,,,,,,,,,,,,,,,,,,,,,,,,,,,,,,,,,,,Uma,Support,Length,6,,,,,,,,,,,,,,,
,,,,,,,,,,,,,,,,,,,,,,,,,,,,,,,,,,,,,,,,,,,,,,,,,,,,,,,,,Dropdown,FALSE,,,,,,,,,,,,,,,
,,,,,,,,,,,,,,,,,,,,,,,,,,,,,,,,,,,,,,,,,,,,,,,,,,,,,,,Limit Break Crystals,,,,,,,,,,,,,,,,,,
,,,,,,,,,,,,,,,,,,,,,,,,,,,,,,,,,,,,,,,,,,,,,,,,,,,,,,,SSR,SR,,,,,,,,,,,,,,,,,
,,,,,,,,,,,,,,,,,,,,,,,,,,,,,,,,,,,,U.A.F. Ready GO!,,,,,,,,,,,,,,,,,,,,,,,,,,,,,,,,,,,,,
,,,,,,,,,,,,,,,,,,,,,,,,,,JP,,Global,,,,Free Pulls,,,,,,,,,,,,,3160,2027-08-08 22:00:00,k1,7300,2027-09-03 21:59:59,,,,,,Date Override,,Start Date,End Date,,,,,,,,,,,,,,,
,,,,,,,,,,,,,,,,,,,,,,,,,,Start Date,End Date,Start Date,End Date,,Releases In,Uma,Support,,,3rd Anniversary: August 2027,,,,,,,,,3160,First Day,Hours,7300,Throughout,,,,,,,,2027-08-08,2027-09-03,,,,,,,,,,,,,,,
,,,,,,,,,,,,,,,,,,,,,,,,,,2024-02-24,2024-03-21,2027-08-08,2027-09-03,,408 Days,0,120,,,,,,,,,,,,3000,3rd Anniversary Login Gift,,3000,3rd Anniversary Login Bonus Part 1,,,,,,Banner Type,1,2027-08-08 22:00:00,2027-09-03 21:59:59,Duramente + Ikuno Dictus,Orfevre + Ryoka Tsurugi,3rd Anniversary,Duramente + Ikuno Dictus,Orfevre + Ryoka Tsurugi,3rd Anniversary,,,,,,,,,
,,,,,,,,,,,,,,,,,,,,,,,,,,,,,,,,,,,,,,,,,,,,,80,Uma Story Ch 1-4,,2250,3rd Anniversary Login Bonus Part 2,,,,,,JP,,JP Datedif,1095,,,,,,,94,94,114,131,2027-08-08 22:00:00,,,,
,,,,,,,,,,,,,,,,,,,,,,,,,,,,,,,,,,,,,,,,,,,,,80,Uma Story Ch 1-4,,1550,Trainer Skill Test,,,,,,Start Date,End Date,Global Datedif,773,,,,,,,,,,,,,,,
,,,,,,,,,,,,,,,,,,,,,,,,,,,,,,,,,,,,,,,,,,,,,,,,,,,,,,,2024-02-24,2024-03-21,D-Day,408,,,,,,,,,,,,,,,
,,,,,,,,,,,,,,,,,,,,,,,,,,,,,,,,,,,,,,,,,,,,,1150,2027-09-03 21:59:59,k3,250,Legend Race (M.R. C.B.),,,,,,Pull Tickets,,Finals Day,433,,,,,,,,,,,,,,,
,,,,,,,,,,,,,,,,,,,,,,,,,,,,,,,,,,,,,,,,,,,,,1150,Last Day,,250,Legend Race (Seiun Sky),,,,,,Uma,Support,Length,26,,,,,,,,,,,,,,,
,,,,,,,,,,,,,,,,,,,,,,,,,,,,,,,,,,,,,,,,,,,,,500,3rd Anniversary Celebration Missions Part 2,,,,,,,,,7,7,Dropdown,FALSE,,,,,,,,,,,,,,,
,,,,,,,,,,,,,,,,,,,,,,,,,,,,,,,Duramente,Ikuno Dictus,Orfevre,Ryoka Tsurugi,,Yaeno Muteki,Tosen Jordan,3* Uma Selector,SSR Selector,Gentildonna,,Free SSR Selector,,,500,"3rd Anniversary Celebration Missions Part 3, SSR Selector",,,,,,,,,Limit Break Crystals,,,,,,,,,,,,,,,,,,
,,,,,,,,,,,,,,,,,,,,,,,,,,,,,,,,✩✩,120x Free Pulls,,,,,"1 Paid ($21),&($70)","1 Paid ($21),&($70)",,,Up to Winning Ticket/Sakura Bakushin O,,,150,Spring G1 Celebration Missions Part 1 (Takamatsunomiya Kinen),,,,,,,,,SSR,SR,,,,,,,,,,,,,,,,,
,,,,,,,,,,,,,,,,,,,,,,,,,,,,,,,,,,,,,,Up to Valentine,Up to Winning Ticket/Sakura Bakushin O,,,,,,,,,,,,,,,,6,7,,,,,,,,,,,,,,,,,
,,,,,,,,,,,,,,,,,,,,,,,,,,JP,,Global,,,,Free Pulls,,,,,,,,,,,,,80,2027-08-20 22:00:00,k1,0,2027-08-29 21:59:59,,,,,,Date Override,,Start Date,End Date,,,,,,,,,,,,,,,
,,,,,,,,,,,,,,,,,,,,,,,,,,Start Date,End Date,Start Date,End Date,,Releases In,Uma,Support,,,,,,,,,,,,80,First Day,Hours,0,Throughout,,,,,,,,2027-08-20,2027-08-29,,,,,,,,,,,,,,,
,,,,,,,,,,,,,,,,,,,,,,,,,,2024-03-12,2024-03-21,2027-08-20,2027-08-29,,420 Days,10,0,,,,,,,,,,,,80,Uma Story Ch 1-4,,,,,,,,,Banner Type,2,2027-08-20 22:00:00,2027-08-29 21:59:59,Transcend,El Condor Pasa + Sounds of Earth + Tanino Gimlet + Hishi Amazon + Nice Nature + Duramente + Gold City + Mejiro McQueen + Mihono Bourbon + Manhattan Cafe,,Transcend,El Condor Pasa + Sounds of Earth + Tanino Gimlet + Hishi Amazon + Nice Nature + Duramente + Gold City + Mejiro McQueen + Mihono Bourbon + Manhattan Cafe,,,,,,,,,,
,,,,,,,,,,,,,,,,,,,,,,,,,,,,,,,,,,,,,,,,,,,,,,,,,,,,,,,JP,,JP Datedif,1112,,,,,,,95,95,114,132,2027-08-20 22:00:00,,,,
,,,,,,,,,,,,,,,,,,,,,,,,,,,,,,,,,,,,,,,,,,,,,,,,,,,,,,,Start Date,End Date,Global Datedif,785,,,,,,,,,,,,,,,
,,,,,,,,,,,,,,,,,,,,,,,,,,,,,,,,,,,,,,,,,,,,,,,,,,,,,,,2024-03-12,2024-03-21,D-Day,420,,,,,,,,,,,,,,,
,,,,,,,,,,,,,,,,,,,,,,,,,,,,,,,,,,,,,,,,,,,,,0,2027-08-29 21:59:59,k3,,,,,,,,Pull Tickets,,Finals Day,428,,,,,,,,,,,,,,,
,,,,,,,,,,,,,,,,,,,,,,,,,,,,,,,,,,,,,,,,,,,,,0,Last Day,,,,,,,,,Uma,Support,Length,9,,,,,,,,,,,,,,,
,,,,,,,,,,,,,,,,,,,,,,,,,,,,,,,,,,,,,,,,,,,,,,,,,,,,,,,1,1,Dropdown,FALSE,,,,,,,,,,,,,,,
,,,,,,,,,,,,,,,,,,,,,,,,,,,,,,,Transcend,,El Condor Pasa,Sounds of Earth,Tanino Gimlet,Hishi Amazon,Nice Nature,Duramente,Gold City,Mejiro McQueen,Mihono Bourbon,Manhattan Cafe,,,,,,,,,,,,,Limit Break Crystals,,,,,,,,,,,,,,,,,,
,,,,,,,,,,,,,,,,,,,,,,,,,,,,,,,10x Free Pulls,,,,,,,,,,,,,,,,,,,,,,,,SSR,SR,,,,,,,,,,,,,,,,,
,,,,,,,,,,,,,,,,,,,,,,,,,,,,,,,,,,,,,,,,,,,,,,,,,,,,,,,,1,,,,,,,,,,,,,,,,,
,,,,,,,,,,,,,,,,,,,,,,,,,,JP,,Global,,,,Free Pulls,,,,,,,,,,,,,80,2027-08-26 22:00:00,k1,1380,2027-09-03 21:59:59,,,,,,Date Override,,Start Date,End Date,,,,,,,,,,,,,,,
,,,,,,,,,,,,,,,,,,,,,,,,,,Start Date,End Date,Start Date,End Date,,Releases In,Uma,Support,,,,,,,,,,,,80,First Day,Hours,1380,Throughout,,,,,,,,2027-08-26,2027-09-03,,,,,,,,,,,,,,,
,,,,,,,,,,,,,,,,,,,,,,,,,,2024-03-21,2024-03-29,2027-08-26,2027-09-03,,426 Days,0,9,,,,,,,,,,,,80,Uma Story Ch 1-4,,480,Main Story Reward,,,,,,Banner Type,1,2027-08-26 22:00:00,2027-09-03 21:59:59,Rhein Kraft,Cheval Grand,,Rhein Kraft,Cheval Grand,,,,,,,,,,
,,,,,,,,,,,,,,,,,,,,,,,,,,,,,,,,,,,,,,,,,,,,,,,,900,Agnes Tachyon Factor Study,,,,,,JP,,JP Datedif,1121,,,,,,,95,95,115,133,2027-08-26 22:00:00,,,,
,,,,,,,,,,,,,,,,,,,,,,,,,,,,,,,,,,,,,,,,,,,,,,,,,,,,,,,Start Date,End Date,Global Datedif,791,,,,,,,,,,,,,,,
,,,,,,,,,,,,,,,,,,,,,,,,,,,,,,,,,,,,,,,,,,,,,,,,,,,,,,,2024-03-21,2024-03-29,D-Day,426,,,,,,,,,,,,,,,
,,,,,,,,,,,,,,,,,,,,,,,,,,,,,,,,,,,,,,,,,,,,,150,2027-09-03 21:59:59,k3,,,,,,,,Pull Tickets,,Finals Day,433,,,,,,,,,,,,,,,
,,,,,,,,,,,,,,,,,,,,,,,,,,,,,,,,,,,,,,,,,,,,,150,Last Day,,,,,,,,,Uma,Support,Length,8,,,,,,,,,,,,,,,
,,,,,,,,,,,,,,,,,,,,,,,,,,,,,,,,,,,,,,,,,,,,,150,Spring G1 Celebration Missions Part 1 (Osaka Hai),,,,,,,,,0,0,Dropdown,FALSE,,,,,,,,,,,,,,,
,,,,,,,,,,,,,,,,,,,,,,,,,,,,,,,Rhein Kraft,,Cheval Grand,,Tap Dance City,,,,,,,Rhein Kraft,,,,,,,,,,,,,Limit Break Crystals,,,,,,,,,,,,,,,,,,
,,,,,,,,,,,,,,,,,,,,,,,,,,,,,,,,,9x Free Pulls,,,,,,,,,,,,,,,,,,,,,,SSR,SR,,,,,,,,,,,,,,,,,
,,,,,,,,,,,,,,,,,,,,,,,,,,,,,,,,,,,,,,,,,,,,,,,,,,,,,,,1,1,,,,,,,,,,,,,,,,,
,,,,,,,,,,,,,,,,,,,,,,,,,,JP,,Global,,,,,,,,,,,,,,,,,500,2027-09-01 22:00:00,k1,7910,2027-09-12 21:59:59,,,,,,Date Override,,Start Date,End Date,,,,,,,,,,,,,,,
,,,,,,,,,,,,,,,,,,,,,,,,,,Start Date,End Date,Start Date,End Date,,Releases In,,,,,,,,,,,,,,500,First Day,Hours,7910,Throughout,,,,,,,,2027-09-01,2027-09-12,,,,,,,,,,,,,,,
,,,,,,,,,,,,,,,,,,,,,,,,,,2024-03-29,2024-04-09,2027-09-01,2027-09-12,,432 Days,,,,,,,,,,,,,,500,April Fools!,,2910,"Event Rewards (Story, Bingo, Event Pt)",,,,,,Banner Type,1,2027-09-01 22:00:00,2027-09-12 21:59:59,Daiichi Ruby (Ballroom) + Daitaku Helios (Ballroom),K.S.Miracle 30195 + Yamanin Zephyr 30196,,Daiichi Ruby (Ballroom) + Daitaku Helios (Ballroom),K.S.Miracle 30195 + Yamanin Zephyr 30196,,,,,,,,,,
,,,,,,,,,,,,,,,,,,,,,,,,,,,,,,,,,,,,,,,,,,,,,,,,4500,Masters Challenge,,,,,,JP,,JP Datedif,1129,,,,,,,97,97,119,138,2027-09-01 22:00:00,,,,
,,,,,,,,,,,,,,,,,,,,,,,,,,,,,,,,,,,,,,,,,,,,,,,,,,,,,,,Start Date,End Date,Global Datedif,797,,,,,,,,,,,,,,,
,,,,,,,,,,,,,,,,,,,,,,,,,,,,,,,,,,,,,,,,,,,,,,,,250,Legend Race (Inari One),,,,,,2024-03-29,2024-04-09,D-Day,432,,,,,,,,,,,,,,,
,,,,,,,,,,,,,,,,,,,,,,,,,,,,,,,,,,,,,,,,,,,,,300,2027-09-12 21:59:59,k3,250,Legend Race (TM Opera O New Year),,,,,,Pull Tickets,,Finals Day,442,,,,,,,,,,,,,,,
,,,,,,,,,,,,,,,,,,,,,,,,,,,,,,,,,,,,,,,,,,,,,300,Last Day,,,,,,,,,Uma,Support,Length,11,,,,,,,,,,,,,,,
,,,,,,,,,,,,,,,,,,,,,,,,,,,,,,,,,,,,,,,,,,,,,150,Spring G1 Celebration Missions Part 1 (Kawasaki Kinen),,,,,,,,,2,2,Dropdown,FALSE,,,,,,,,,,,,,,,
,,,,,,,,,,,,,,,,,,,,,,,,,,,,,,,Daiichi Ruby,Daitaku Helios,K.S.Miracle 30195,Yamanin Zephyr 30196,,,,,,Bamboo Memory,,,,,150,Spring G1 Celebration Missions Part 1 (Oka Sho),,,,,,,,,Limit Break Crystals,,,,,,,,,,,,,,,,,,
,,,,,,,,,,,,,,,,,,,,,,,,,,,,,,,(Ballroom),(Ballroom),,,,,,,,,,,,,,,,,,,,,,,SSR,SR,,,,,,,,,,,,,,,,,
,,,,,,,,,,,,,,,,,,,,,,,,,,,,,,,,,,,,,,,,,,,,,,,,,,,,,,,4,5,,,,,,,,,,,,,,,,,
,,,,,,,,,,,,,,,,,,,,,,,,,,JP,,Global,,,,,,,,,,,,,,,,,0,2027-09-08 22:00:00,k1,0,2027-09-18 21:59:59,,,,,,Date Override,,Start Date,End Date,,,,,,,,,,,,,,,
,,,,,,,,,,,,,,,,,,,,,,,,,,Start Date,End Date,Start Date,End Date,,Releases In,,,,,,,,,,,,,,0,First Day,Hours,0,Throughout,,,,,,,,2027-09-08,2027-09-18,,,,,,,,,,,,,,,
,,,,,,,,,,,,,,,,,,,,,,,,,,2024-04-09,2024-04-19,2027-09-08,2027-09-18,,439 Days,,,,,,,,,,,,,,,,,,,,,,,,Banner Type,1,2027-09-08 22:00:00,2027-09-18 21:59:59,Winning Ticket (U.A.F.),Neo Universe,,Winning Ticket (U.A.F.),Neo Universe,,,,,,,,,,
,,,,,,,,,,,,,,,,,,,,,,,,,,,,,,,,,,,,,,,,,,,,,,,,,,,,,,,JP,,JP Datedif,1140,,,,,,,97,97,119,138,2027-09-08 22:00:00,,,,
,,,,,,,,,,,,,,,,,,,,,,,,,,,,,,,,,,,,,,,,,,,,,,,,,,,,,,,Start Date,End Date,Global Datedif,804,,,,,,,,,,,,,,,
,,,,,,,,,,,,,,,,,,,,,,,,,,,,,,,,,,,,,,,,,,,,,,,,,,,,,,,2024-04-09,2024-04-19,D-Day,439,,,,,,,,,,,,,,,
,,,,,,,,,,,,,,,,,,,,,,,,,,,,,,,,,,,,,,,,,,,,,150,2027-09-18 21:59:59,k3,,,,,,,,Pull Tickets,,Finals Day,448,,,,,,,,,,,,,,,
,,,,,,,,,,,,,,,,,,,,,,,,,,,,,,,,,,,,,,,,,,,,,150,Last Day,,,,,,,,,Uma,Support,Length,10,,,,,,,,,,,,,,,
,,,,,,,,,,,,,,,,,,,,,,,,,,,,,,,,,,,,,,,,,,,,,150,Spring G1 Celebration Missions Part 1 (Satsuki Sho),,,,,,,,,0,0,Dropdown,FALSE,,,,,,,,,,,,,,,
,,,,,,,,,,,,,,,,,,,,,,,,,,,,,,,Winning Ticket,,Neo Universe,,Air Shakur,,,,,,,,,,,,,,,,,,,,Limit Break Crystals,,,,,,,,,,,,,,,,,,
,,,,,,,,,,,,,,,,,,,,,,,,,,,,,,,(U.A.F.),,,,,,,,,,,,,,,,,,,,,,,,SSR,SR,,,,,,,,,,,,,,,,,
,,,,,,,,,,,,,,,,,,,,,,,,,,,,,,,,,,,,,,,,,,,,,,,,,,,,,,,,,,,,,,,,,,,,,,,,,
,,,,,,,,,,,,,,,,,,,,,,,,,,,,,,,,,,,,,,,,,,,,,,,,,,,,,,,Date Override,,Start Date,End Date,,,,,,,,,,,,,,,
,,,,,,,,,,,,,,,,,,,,,,,,,,,,,,,,,,,,,,,,,,,,,,,,,,,,,,,,,2027-09-11,2027-09-17,,,,,,,,,,,,,,,
,,,,,,,,,,,,,,,,,,,,,,,,,,,,,,,,,,,,,,,,,,,,,,,,,,,,,,,Banner Type,-1,2027-09-11 22:00:00,2027-09-17 21:59:59,,,,,,,,,,,,,,,
,,,,,,,,,,,,,,,,,,,,,,,,,,,,,,,,,,,,,,,,,,,,,,,,,,,,,,,JP,,JP Datedif,1144,,,,,,,97,97,119,138,2027-09-11 22:00:00,16,2027-09-16 21:59:59,,
,,,,,,,,,,,,,,,,,,,,,,,,,,,,,,,,,,,,,,,,,,,,,,,,,,,,,,,Start Date,End Date,Global Datedif,807,,,,,,,,,,,,,,,
,,,,,,,,,,,,,,,,,,,,,,,,,,,,,,,,,,,,,,,,,,,,,,,,,,,,,,,2024-04-13,2024-04-19,D-Day,442,,,,,,,,,,,,,,,
,,,,,,,,,,,,,,,,,,,,,,,,,,,,,,,,,,,,,,,,,,,,,,,,,,,,,,,Pull Tickets,,Finals Day,447,,,,,,,,,,,,,,,
,,,,,,,,,,,,,,,,,,,,,,,,,,,,,,,,,,,,,,,,,,,,,,,,,,,,,,,Uma,Support,Length,6,,,,,,,,,,,,,,,
,,,,,,,,,,,,,,,,,,,,,,,,,,,,,,,,,,,,,,,,,,,,,,,,,,,,,,,,,Dropdown,FALSE,,,,,,,,,,,,,,,
,,,,,,,,,,,,,,,,,,,,,,,,,,,,,,,,,,,,,,,,,,,,,,,,,,,,,,,Limit Break Crystals,,,,,,,,,,,,,,,,,,
,,,,,,,,,,,,,,,,,,,,,,,,,,,,,,,,,,,,,,,,,,,,,,,,,,,,,,,SSR,SR,,,,,,,,,,,,,,,,,
,,,,,,,,,,,,,,,,,,,,,,,,,,,,,,,,,,,,,,,,,,,,,,,,,,,,,,,,,,,,,,,,,,,,,,,,,
,,,,,,,,,,,,,,,,,,,,,,,,,,JP,,Global,,,,,,,,,,,,,,,,,80,2027-09-15 22:00:00,k1,1500,2027-09-26 21:59:59,,,,,,Date Override,,Start Date,End Date,,,,,,,,,,,,,,,
,,,,,,,,,,,,,,,,,,,,,,,,,,Start Date,End Date,Start Date,End Date,,Releases In,,,,,,,,,,,,,,80,First Day,Hours,1500,Throughout,,,,,,,,2027-09-15,2027-09-26,,,,,,,,,,,,,,,
,,,,,,,,,,,,,,,,,,,,,,,,,,2024-04-19,2024-04-30,2027-09-15,2027-09-26,,446 Days,,,,,,,,,,,,,,80,Uma Story Ch 1-4,,1500,5th Aim for the Stars! Dream Team,,,,,,Banner Type,2,2027-09-15 22:00:00,2027-09-26 21:59:59,Sounds of Earth,El Condor Pasa + Jungle Pocket + Mejiro Palmer + Mejiro McQueen + Winning Ticket + Nice Nature + Narita Brian + Symboli Rudolf + Mejiro McQueen + Manhattan Cafe,,Sounds of Earth,El Condor Pasa + Jungle Pocket + Mejiro Palmer + Mejiro McQueen + Winning Ticket + Nice Nature + Narita Brian + Symboli Rudolf + Mejiro McQueen + Manhattan Cafe,,,,,,,,,,
,,,,,,,,,,,,,,,,,,,,,,,,,,,,,,,,,,,,,,,,,,,,,,,,,,,,,,,JP,,JP Datedif,1150,,,,,,,99,99,121,140,2027-09-15 22:00:00,,,,
,,,,,,,,,,,,,,,,,,,,,,,,,,,,,,,,,,,,,,,,,,,,,,,,,,,,,,,Start Date,End Date,Global Datedif,811,,,,,,,,,,,,,,,
,,,,,,,,,,,,,,,,,,,,,,,,,,,,,,,,,,,,,,,,,,,,,,,,,,,,,,,2024-04-19,2024-04-30,D-Day,446,,,,,,,,,,,,,,,
,,,,,,,,,,,,,,,,,,,,,,,,,,,,,,,,,,,,,,,,,,,,,300,2027-09-26 21:59:59,k3,,,,,,,,Pull Tickets,,Finals Day,456,,,,,,,,,,,,,,,
,,,,,,,,,,,,,,,,,,,,,,,,,,,,,,,,,,,,,,,,,,,,,300,Last Day,,,,,,,,,Uma,Support,Length,11,,,,,,,,,,,,,,,
,,,,,,,,,,,,,,,,,,,,,,,,,,,,,,,,,,,,,,,,,,,,,150,Spring G1 Celebration Missions Part 1 (Tenno Sho (Spring)),,,,,,,,,2,2,Dropdown,FALSE,,,,,,,,,,,,,,,
,,,,,,,,,,,,,,,,,,,,,,,,,,,,,,,Sounds of Earth,,El Condor Pasa,Jungle Pocket,Mejiro Palmer,Mejiro McQueen,Winning Ticket,Nice Nature,Narita Brian,Symboli Rudolf,Mejiro McQueen,Manhattan Cafe,,,150,Spring G1 Celebration Missions Part 2 (Kashiwa Kinen),,,,,,,,,Limit Break Crystals,,,,,,,,,,,,,,,,,,
,,,,,,,,,,,,,,,,,,,,,,,,,,,,,,,,,,,,,,,,,,,,,,,,,,,,,,,SSR,SR,,,,,,,,,,,,,,,,,
,,,,,,,,,,,,,,,,,,,,,,,,,,,,,,,,,,,,,,,,,,,,,,,,,,,,,,,2,2,,,,,,,,,,,,,,,,,
,,,,,,,,,,,,,,,,,,,,,,,,,,JP,,Global,,,,Free Pulls,,,,,,,,,,,,,0,2027-09-23 22:00:00,k1,3410,2027-10-03 21:59:59,,,,,,Date Override,,Start Date,End Date,,,,,,,,,,,,,,,
,,,,,,,,,,,,,,,,,,,,,,,,,,Start Date,End Date,Start Date,End Date,,Releases In,Uma,Support,,,,,,,,,,,,0,First Day,Hours,3410,Throughout,,,,,,,,2027-09-23,2027-10-03,,,,,,,,,,,,,,,
,,,,,,,,,,,,,,,,,,,,,,,,,,2024-04-30,2024-05-10,2027-09-23,2027-10-03,,454 Days,0,80,,,,,,,,,,,,,,,2910,"Event Rewards (Story, Bingo, Event Pt)",,,,,,Banner Type,1,2027-09-23 22:00:00,2027-10-03 21:59:59,Super Creek (Warfare) + Yaeno Muteki (Warfare),Hishi Miracle + Narita Taishin,,Super Creek (Warfare) + Yaeno Muteki (Warfare),Hishi Miracle + Narita Taishin,,,,,,,,,,
,,,,,,,,,,,,,,,,,,,,,,,,,,,,,,,,,,,,,,,,,,,,,,,,,,,,,,,JP,,JP Datedif,1161,,,,,,,101,101,125,145,2027-09-23 22:00:00,,,,
,,,,,,,,,,,,,,,,,,,,,,,,,,,,,,,,,,,,,,,,,,,,,,,,250,Legend Race (Ines Fujin),,,,,,Start Date,End Date,Global Datedif,819,,,,,,,,,,,,,,,
,,,,,,,,,,,,,,,,,,,,,,,,,,,,,,,,,,,,,,,,,,,,,,,,250,Legend Race (Admire Vega),,,,,,2024-04-30,2024-05-10,D-Day,454,,,,,,,,,,,,,,,
,,,,,,,,,,,,,,,,,,,,,,,,,,,,,,,,,,,,,,,,,,,,,300,2027-10-03 21:59:59,k3,,,,,,,,Pull Tickets,,Finals Day,463,,,,,,,,,,,,,,,
,,,,,,,,,,,,,,,,,,,,,,,,,,,,,,,,,,,,,,,,,,,,,300,Last Day,,,,,,,,,Uma,Support,Length,10,,,,,,,,,,,,,,,
,,,,,,,,,,,,,,,,,,,,,,,,,,,,,,,,,,,,,,,,,,,,,150,Spring G1 Celebration Missions Part 2 (NHK Mile Cup),,,,,,,,,2,2,Dropdown,FALSE,,,,,,,,,,,,,,,
,,,,,,,,,,,,,,,,,,,,,,,,,,,,,,,Super Creek,Yaeno Muteki,Hishi Miracle,Narita Taishin,,,,,,No Reason,,,,,150,Spring G1 Celebration Missions Part 2 (Victoria Mile),,,,,,,,,Limit Break Crystals,,,,,,,,,,,,,,,,,,
,,,,,,,,,,,,,,,,,,,,,,,,,,,,,,,(Warfare),(Warfare),80x Free Pulls,,,,,,,,,,,,,,,,,,,,,,SSR,SR,,,,,,,,,,,,,,,,,
,,,,,,,,,,,,,,,,,,,,,,,,,,,,,,,,,,,,,,,,,,,,,,,,,,,,,,,4,5,,,,,,,,,,,,,,,,,
,,,,,,,,,,,,,,,,,,,,,,,,,,JP,,Global,,,,,,,,,,,,,,,,,0,2027-09-23 22:00:00,k1,0,2027-10-03 21:59:59,,,,,,Date Override,,Start Date,End Date,,,,,,,,,,,,,,,
,,,,,,,,,,,,,,,,,,,,,,,,,,Start Date,End Date,Start Date,End Date,,Releases In,,,,,,,,,,,,,,0,First Day,Hours,0,Throughout,,,,,,,,2027-09-23,2027-10-03,,,,,,,,,,,,,,,
,,,,,,,,,,,,,,,,,,,,,,,,,,2024-04-30,2024-05-10,2027-09-23,2027-10-03,,454 Days,,,,,,,,,,,,,,,,,,,,,,,,Banner Type,-2,2027-09-23 22:00:00,2027-10-03 21:59:59,Katsuragi Ace + Sakura Chiyono O + (Ballroom) + Hishi Amazon + (Wedding),,,Katsuragi Ace + Sakura Chiyono O + (Ballroom) + Hishi Amazon + (Wedding),,,,,,,,,,,
,,,,,,,,,,,,,,,,,,,,,,,,,,,,,,,,,,,,,,,,,,,,,,,,,,,,,,,JP,,JP Datedif,1161,,,,,,,101,101,125,145,2027-09-23 22:00:00,,,,
,,,,,,,,,,,,,,,,,,,,,,,,,,,,,,,,,,,,,,,,,,,,,,,,,,,,,,,Start Date,End Date,Global Datedif,819,,,,,,,,,,,,,,,
,,,,,,,,,,,,,,,,,,,,,,,,,,,,,,,,,,,,,,,,,,,,,,,,,,,,,,,2024-04-30,2024-05-10,D-Day,454,,,,,,,,,,,,,,,
,,,,,,,,,,,,,,,,,,,,,,,,,,,,,,,,,,,,,,,,,,,,,0,2027-10-03 21:59:59,k3,,,,,,,,Pull Tickets,,Finals Day,463,,,,,,,,,,,,,,,
,,,,,,,,,,,,,,,,,,,,,,,,,,,,,,,,,,,,,,,,,,,,,0,Last Day,,,,,,,,,Uma,Support,Length,10,,,,,,,,,,,,,,,
,,,,,,,,,,,,,,,,,,,,,,,,,,,,,,,,,,,,,,,,,,,,,,,,,,,,,,,0,0,Dropdown,FALSE,,,,,,,,,,,,,,,
,,,,,,,,,,,,,,,,,,,,,,,,,,,,,,,Katsuragi Ace,Sakura Chiyono O,Sakura Chiyono O,Hishi Amazon,Hishi Amazon,,,,,,,,,,,,,,,,,,,,Limit Break Crystals,,,,,,,,,,,,,,,,,,
,,,,,,,,,,,,,,,,,,,,,,,,,,,,,,,,(Ballroom),,(Wedding),,,,,,,,,,,,,,,,,,,,,SSR,SR,,,,,,,,,,,,,,,,,
,,,,,,,,,,,,,,,,,,,,,,,,,,,,,,,,,,,,,,,,,,,,,,,,,Katsuragi Ace + Sakura Chiyono O + (Ballroom) + Hishi Amazon + (Wedding),,,,,,,,,,,,,,,,,,,,,,,,
,,,,,,,,,,,,,,,,,,,,,,,,,,JP,,Global,,,,,,,,,,,,,,,,,0,2027-09-30 22:00:00,k1,0,2027-10-10 21:59:59,,,,,,Date Override,,Start Date,End Date,,,,,,,,,,,,,,,
,,,,,,,,,,,,,,,,,,,,,,,,,,Start Date,End Date,Start Date,End Date,,Releases In,,,,,,,,,,,,,,0,First Day,Hours,0,Throughout,,,,,,,,2027-09-30,2027-10-10,,,,,,,,,,,,,,,
,,,,,,,,,,,,,,,,,,,,,,,,,,2024-05-10,2024-05-20,2027-09-30,2027-10-10,,461 Days,,,,,,,,,,,,,,,,,,,,,,,,Banner Type,1,2027-09-30 22:00:00,2027-10-10 21:59:59,Agnes Tachyon (Alt Version),Vodka,,Agnes Tachyon (Alt Version),Vodka,,,,,,,,,,
,,,,,,,,,,,,,,,,,,,,,,,,,,,,,,,,,,,,,,,,,,,,,,,,,,,,,,,JP,,JP Datedif,1171,,,,,,,101,101,125,145,2027-09-30 22:00:00,,,,
,,,,,,,,,,,,,,,,,,,,,,,,,,,,,,,,,,,,,,,,,,,,,,,,,,,,,,,Start Date,End Date,Global Datedif,826,,,,,,,,,,,,,,,
,,,,,,,,,,,,,,,,,,,,,,,,,,,,,,,,,,,,,,,,,,,,,,,,,,,,,,,2024-05-10,2024-05-20,D-Day,461,,,,,,,,,,,,,,,
,,,,,,,,,,,,,,,,,,,,,,,,,,,,,,,,,,,,,,,,,,,,,150,2027-10-10 21:59:59,k3,,,,,,,,Pull Tickets,,Finals Day,470,,,,,,,,,,,,,,,
,,,,,,,,,,,,,,,,,,,,,,,,,,,,,,,,,,,,,,,,,,,,,150,Last Day,,,,,,,,,Uma,Support,Length,10,,,,,,,,,,,,,,,
,,,,,,,,,,,,,,,,,,,,,,,,,,,,,,,,,,,,,,,,,,,,,150,Spring G1 Celebration Missions Part 2 (Oaks),,,,,,,,,0,0,Dropdown,FALSE,,,,,,,,,,,,,,,
,,,,,,,,,,,,,,,,,,,,,,,,,,,,,,,Agnes Tachyon,,Vodka,,Dantsu Flame,,,,,,,,,,,,,,,,,,,,Limit Break Crystals,,,,,,,,,,,,,,,,,,
,,,,,,,,,,,,,,,,,,,,,,,,,,,,,,,(Alt Version),,,,,,,,,,,,,,,,,,,,,,,,SSR,SR,,,,,,,,,,,,,,,,,
,,,,,,,,,,,,,,,,,,,,,,,,,,,,,,,,,,,,,,,,,,,,,,,,,,,,,,,,,,,,,,,,,,,,,,,,,
,,,,,,,,,,,,,,,,,,,,,,,,,,JP,,Global,,,,,,,,,,,,,,,,,,,,,,,,,,,Date Override,,Start Date,End Date,,,,,,,,,,,,,,,
,,,,,,,,,,,,,,,,,,,,,,,,,,Start Date,End Date,Start Date,End Date,,Starts In,,,,,,,,,,,,,,,,,,,,,,,,,,2027-10-03,2027-10-09,,,,,,,,,,,,,,,
,,,,,,,,,,,,,,,,,,,,,,,,,,2024-05-14,2024-05-20,2027-10-03,2027-10-09,,464 Days,,,,,,,,,,,,,,,,,,,,,,,,Banner Type,-1,2027-10-03 22:00:00,2027-10-09 21:59:59,,,,,,,,,,,,,,,
,,,,,,,,,,,,,,,,,,,,,,,,,,LoH #6,,,,,,,,,,,,,,,,,,,,,,,,,,,,,JP,,JP Datedif,1175,,,,,,,101,101,127,147,2027-10-03 22:00:00,,,6,2027-10-07 21:59:59
,,,,,,,,,,,,,,,,,,,,,,,,,,,,,,,,,,,,,,,,,,,,,,,,,,,,,,,Start Date,End Date,Global Datedif,829,,,,,,,,,,,,,,,
,,,,,,,,,,,,,,,,,,,,,,,,,,,,,,,,,,,,,,,,,,,,,,,,,,,,,,,2024-05-14,2024-05-20,D-Day,464,,,,,,,,,,,,,,,
,,,,,,,,,,,,,,,,,,,,,,,,,,3200m,Long,,,,,,,,,,,,,,,,,,,,,,,,,,,,Pull Tickets,,Finals Day,469,,,,,,,,,,,,,,,
,,,,,,,,,,,,,,,,,,,,,,,,,,,,,,,,,,,,,,,,,,,,,,,,,,,,,,,Uma,Support,Length,6,,,,,,,,,,,,,,,
,,,,,,,,,,,,,,,,,,,,,,,,,,,,,,,,,,,,,,,,,,,,,,,,,,,,,,,,,Dropdown,FALSE,,,,,,,,,,,,,,,
,,,,,,,,,,,,,,,,,,,,,,,,,,,,,,,,,,,,,,,,,,,,,,,,,,,,,,,Limit Break Crystals,,,,,,,,,,,,,,,,,,
,,,,,,,,,,,,,,,,,,,,,,,,,,,,,,,,,,,,,,,,,,,,,,,,,,,,,,,SSR,SR,,,,,,,,,,,,,,,,,
,,,,,,,,,,,,,,,,,,,,,,,,,,,,,,,,,,,,,,,,,,,,,,,,,,,,,,,2,2,,,,,,,,,,,,,,,,,
,,,,,,,,,,,,,,,,,,,,,,,,,,JP,,Global,,,,,,,,,,,,,,,,,80,2027-10-07 22:00:00,k1,900,2027-10-17 21:59:59,,,,,,Date Override,,Start Date,End Date,,,,,,,,,,,,,,,
,,,,,,,,,,,,,,,,,,,,,,,,,,Start Date,End Date,Start Date,End Date,,Releases In,,,,,,,,,,,,,,80,First Day,Hours,900,Throughout,,,,,,,,2027-10-07,2027-10-17,,,,,,,,,,,,,,,
,,,,,,,,,,,,,,,,,,,,,,,,,,2024-05-20,2024-05-30,2027-10-07,2027-10-17,,468 Days,,,,,,,,,,,,,,80,Uma Story Ch 1-4,,900,Agnes Tachyon Factor Study,,,,,,Banner Type,2,2027-10-07 22:00:00,2027-10-17 21:59:59,North Flight,El Condor Pasa + Maruzensky + Gold Ship + Sounds of Earth + Mejiro Ramonu + Mejiro Ramonu + Mihono Bourbon + Mejiro McQueen + K.S. Miracle + Mayano Top Gun,,North Flight,El Condor Pasa + Maruzensky + Gold Ship + Sounds of Earth + Mejiro Ramonu + Mejiro Ramonu + Mihono Bourbon + Mejiro McQueen + K.S. Miracle + Mayano Top Gun,,,,,,,,,,
,,,,,,,,,,,,,,,,,,,,,,,,,,,,,,,,,,,,,,,,,,,,,,,,,,,,,,,JP,,JP Datedif,1181,,,,,,,101,101,128,148,2027-10-07 22:00:00,,,,
,,,,,,,,,,,,,,,,,,,,,,,,,,,,,,,,,,,,,,,,,,,,,,,,,,,,,,,Start Date,End Date,Global Datedif,833,,,,,,,,,,,,,,,
,,,,,,,,,,,,,,,,,,,,,,,,,,,,,,,,,,,,,,,,,,,,,,,,,,,,,,,2024-05-20,2024-05-30,D-Day,468,,,,,,,,,,,,,,,
,,,,,,,,,,,,,,,,,,,,,,,,,,,,,,,,,,,,,,,,,,,,,300,2027-10-17 21:59:59,k3,,,,,,,,Pull Tickets,,Finals Day,477,,,,,,,,,,,,,,,
,,,,,,,,,,,,,,,,,,,,,,,,,,,,,,,,,,,,,,,,,,,,,300,Last Day,,,,,,,,,Uma,Support,Length,10,,,,,,,,,,,,,,,
,,,,,,,,,,,,,,,,,,,,,,,,,,,,,,,,,,,,,,,,,,,,,150,Spring G1 Celebration Missions Part 2 (Japan Derby),,,,,,,,,0,0,Dropdown,FALSE,,,,,,,,,,,,,,,
,,,,,,,,,,,,,,,,,,,,,,,,,,,,,,,North Flight,,El Condor Pasa,Maruzensky,Gold Ship,Sounds of Earth,Mejiro Ramonu,Mejiro Ramonu,Mihono Bourbon,Mejiro McQueen,K.S. Miracle,Mayano Top Gun,,,150,Spring G1 Celebration Missions Part 2 (Yasuda Kinen),,,,,,,,,Limit Break Crystals,,,,,,,,,,,,,,,,,,
,,,,,,,,,,,,,,,,,,,,,,,,,,,,,,,,,,,,,,,,,,,,,,,,,,,,,,,SSR,SR,,,,,,,,,,,,,,,,,
,,,,,,,,,,,,,,,,,,,,,,,,,,,,,,,,,,,,,,,,,,,,,,,,,,,,,,,1,1,,,,,,,,,,,,,,,,,
,,,,,,,,,,,,,,,,,,,,,,,,,,JP,,Global,,,,,,,,,,,,,,,,,0,2027-10-14 22:00:00,k1,3410,2027-10-28 21:59:59,,,,,,Date Override,,Start Date,End Date,,,,,,,,,,,,,,,
,,,,,,,,,,,,,,,,,,,,,,,,,,Start Date,End Date,Start Date,End Date,,Releases In,,,,,,,,,,,,,,0,First Day,Hours,3410,Throughout,,,,,,,,2027-10-14,2027-10-28,,,,,,,,,,,,,,,
,,,,,,,,,,,,,,,,,,,,,,,,,,2024-05-30,2024-06-13,2027-10-14,2027-10-28,,475 Days,,,,,,,,,,,,,,,,,2910,"Event Rewards (Story, Bingo, Event Pt)",,,,,,Banner Type,1,2027-10-14 22:00:00,2027-10-28 21:59:59,King Halo (Wedding) + Sweep Tosho (Wedding),Vivlos + Seiun Sky,,King Halo (Wedding) + Sweep Tosho (Wedding),Vivlos + Seiun Sky,,,,,,,,,,
,,,,,,,,,,,,,,,,,,,,,,,,,,,,,,,,,,,,,,,,,,,,,,,,,,,,,,,JP,,JP Datedif,1191,,,,,,,103,103,132,153,2027-10-14 22:00:00,,,,
,,,,,,,,,,,,,,,,,,,,,,,,,,,,,,,,,,,,,,,,,,,,,,,,250,Legend Race (Daiichi Ruby),,,,,,Start Date,End Date,Global Datedif,840,,,,,,,,,,,,,,,
,,,,,,,,,,,,,,,,,,,,,,,,,,,,,,,,,,,,,,,,,,,,,,,,250,Legend Race (Daitaku Helios),,,,,,2024-05-30,2024-06-13,D-Day,475,,,,,,,,,,,,,,,
,,,,,,,,,,,,,,,,,,,,,,,,,,,,,,,,,,,,,,,,,,,,,0,2027-10-28 21:59:59,k3,,,,,,,,Pull Tickets,,Finals Day,488,,,,,,,,,,,,,,,
,,,,,,,,,,,,,,,,,,,,,,,,,,,,,,,,,,,,,,,,,,,,,0,Last Day,,,,,,,,,Uma,Support,Length,14,,,,,,,,,,,,,,,
,,,,,,,,,,,,,,,,,,,,,,,,,,,,,,,,,,,,,,,,,,,,,,,,,,,,,,,2,2,Dropdown,FALSE,,,,,,,,,,,,,,,
,,,,,,,,,,,,,,,,,,,,,,,,,,,,,,,King Halo,Sweep Tosho,Vivlos,Seiun Sky,,,,,,Verxina,,,,,,,,,,,,,,,Limit Break Crystals,,,,,,,,,,,,,,,,,,
,,,,,,,,,,,,,,,,,,,,,,,,,,,,,,,(Wedding),(Wedding),,,,,,,,,,,,,,,,,,,,,,,SSR,SR,,,,,,,,,,,,,,,,,
,,,,,,,,,,,,,,,,,,,,,,,,,,,,,,,,,,,,,,,,,,,,,,,,,,,,,,,4,5,,,,,,,,,,,,,,,,,
,,,,,,,,,,,,,,,,,,,,,,,,,,JP,,Global,,,,,,,,,,,,,,,,,80,2027-10-24 22:00:00,k1,0,2027-11-06 21:59:59,,,,,,Date Override,,Start Date,End Date,,,,,,,,,,,,,,,
,,,,,,,,,,,,,,,,,,,,,,,,,,Start Date,End Date,Start Date,End Date,,Releases In,,,,,,,,,,,,,,80,First Day,Hours,0,Throughout,,,,,,,,2027-10-24,2027-11-06,,,,,,,,,,,,,,,
,,,,,,,,,,,,,,,,,,,,,,,,,,2024-06-13,2024-06-26,2027-10-24,2027-11-06,,485 Days,,,,,,,,,,,,,,80,Uma Story Ch 1-4,,,,,,,,,Banner Type,2,2027-10-24 22:00:00,2027-11-06 21:59:59,Jungle Pocket,El Condor Pasa + Duramente + Narita Brian + Winning Ticket + King Halo + Vivlos + Tap Dance City + Satono Diamond + Mejiro Ramonu + Aston Machan,,Jungle Pocket,El Condor Pasa + Duramente + Narita Brian + Winning Ticket + King Halo + Vivlos + Tap Dance City + Satono Diamond + Mejiro Ramonu + Aston Machan,,,,,,,,,,
,,,,,,,,,,,,,,,,,,,,,,,,,,,,,,,,,,,,,,,,,,,,,,,,,,,,,,,JP,,JP Datedif,1205,,,,,,,103,103,132,153,2027-10-24 22:00:00,,,,
,,,,,,,,,,,,,,,,,,,,,,,,,,,,,,,,,,,,,,,,,,,,,,,,,,,,,,,Start Date,End Date,Global Datedif,850,,,,,,,,,,,,,,,
,,,,,,,,,,,,,,,,,,,,,,,,,,,,,,,,,,,,,,,,,,,,,,,,,,,,,,,2024-06-13,2024-06-26,D-Day,485,,,,,,,,,,,,,,,
,,,,,,,,,,,,,,,,,,,,,,,,,,,,,,,,,,,,,,,,,,,,,300,2027-11-06 21:59:59,k3,,,,,,,,Pull Tickets,,Finals Day,497,,,,,,,,,,,,,,,
,,,,,,,,,,,,,,,,,,,,,,,,,,,,,,,,,,,,,,,,,,,,,300,Last Day,,,,,,,,,Uma,Support,Length,13,,,,,,,,,,,,,,,
,,,,,,,,,,,,,,,,,,,,,,,,,,,,,,,,,,,,,,,,,,,,,150,Spring G1 Celebration Missions Part 2 (Takarazuka Kinen),,,,,,,,,0,0,Dropdown,FALSE,,,,,,,,,,,,,,,
,,,,,,,,,,,,,,,,,,,,,,,,,,,,,,,Jungle Pocket,,El Condor Pasa,Duramente,Narita Brian,Winning Ticket,King Halo,Vivlos,Tap Dance City,Satono Diamond,Mejiro Ramonu,Aston Machan,,,150,Spring G1 Celebration Missions Part 3 (Teio Sho),,,,,,,,,Limit Break Crystals,,,,,,,,,,,,,,,,,,
,,,,,,,,,,,,,,,,,,,,,,,,,,,,,,,4.5% 3 Star Rate,,,,,,,,,,,,,,,,,,,,,,,,SSR,SR,,,,,,,,,,,,,,,,,
,,,,,,,,,,,,,,,,,,,,,,,,,,,,,,,,,,,,,,,,,,,,,,,,,,,,,,,,,,,,,,,,,,,,,,,,,
,,,,,,,,,,,,,,,,,,,,,,,,,,,,,,,,,,,,,,,,,,,,,,,,,,,,,,,Date Override,,Start Date,End Date,,,,,,,,,,,,,,,
,,,,,,,,,,,,,,,,,,,,,,,,,,,,,,,,,,,,,,,,,,,,,,,,,,,,,,,,,2027-10-29,2027-11-04,,,,,,,,,,,,,,,
,,,,,,,,,,,,,,,,,,,,,,,,,,,,,,,,,,,,,,,,,,,,,,,,,,,,,,,Banner Type,-1,2027-10-29 22:00:00,2027-11-04 21:59:59,,,,,,,,,,,,,,,
,,,,,,,,,,,,,,,,,,,,,,,,,,,,,,,,,,,,,,,,,,,,,,,,,,,,,,,JP,,JP Datedif,1212,,,,,,,103,103,132,153,2027-10-29 22:00:00,17,2027-11-03 21:59:59,,
,,,,,,,,,,,,,,,,,,,,,,,,,,,,,,,,,,,,,,,,,,,,,,,,,,,,,,,Start Date,End Date,Global Datedif,855,,,,,,,,,,,,,,,
,,,,,,,,,,,,,,,,,,,,,,,,,,,,,,,,,,,,,,,,,,,,,,,,,,,,,,,2024-06-20,2024-06-26,D-Day,490,,,,,,,,,,,,,,,
,,,,,,,,,,,,,,,,,,,,,,,,,,,,,,,,,,,,,,,,,,,,,,,,,,,,,,,Pull Tickets,,Finals Day,495,,,,,,,,,,,,,,,
,,,,,,,,,,,,,,,,,,,,,,,,,,,,,,,,,,,,,,,,,,,,,,,,,,,,,,,Uma,Support,Length,6,,,,,,,,,,,,,,,
,,,,,,,,,,,,,,,,,,,,,,,,,,,,,,,,,,,,,,,,,,,,,,,,,,,,,,,,,Dropdown,FALSE,,,,,,,,,,,,,,,
,,,,,,,,,,,,,,,,,,,,,,,,,,,,,,,,,,,,,,,,,,,,,,,,,,,,,,,Limit Break Crystals,,,,,,,,,,,,,,,,,,
,,,,,,,,,,,,,,,,,,,,,,,,,,,,,,,,,,,,,,,,,,,,,,,,,,,,,,,SSR,SR,,,,,,,,,,,,,,,,,
,,,,,,,,,,,,,,,,,,,,,,,,,,,,,,,,,,,,,,,,,,,,,,,,,,,,,,,,,,,,,,,,,,,,,,,,,
,,,,,,,,,,,,,,,,,,,,,,,,,,JP,,Global,,,,Free Pulls,,,,Great Food Festival,,,,,,,,,1580,2027-11-02 22:00:00,k1,2950,2027-11-25 21:59:59,,,,,,Date Override,,Start Date,End Date,,,,,,,,,,,,,,,
,,,,,,,,,,,,,,,,,,,,,,,,,,Start Date,End Date,Start Date,End Date,,Releases In,Uma,Support,,,,,,,,,,,,1580,First Day,Hours,2950,Throughout,,,,,,,,2027-11-02,2027-11-25,,,,,,,,,,,,,,,
,,,,,,,,,,,,,,,,,,,,,,,,,,2024-06-26,2024-07-19,2027-11-02,2027-11-25,,494 Days,0,80,,,,,,,,,,,,1500,Great Food Festival Login Gift,,900,Agnes Tachyon Factor Study,,,,,,Banner Type,1,2027-11-02 22:00:00,2027-11-25 21:59:59,Dream Journey,Yayoi Akikawa + Nishino Flower,,Dream Journey,Yayoi Akikawa + Nishino Flower,,,,,,,,,,
,,,,,,,,,,,,,,,,,,,,,,,,,,,,,,,,,,,,,,,,,,,,,80,Uma Story Ch 1-4,,1550,Trainer Skill Test,,,,,,JP,,JP Datedif,1218,,,,,,,107,107,138,160,2027-11-02 22:00:00,,,,
,,,,,,,,,,,,,,,,,,,,,,,,,,,,,,,,,,,,,,,,,,,,,,,,,,,,,,,Start Date,End Date,Global Datedif,859,,,,,,,,,,,,,,,
,,,,,,,,,,,,,,,,,,,,,,,,,,,,,,,,,,,,,,,,,,,,,,,,250,Legend Race (Nakayama Festa),,,,,,2024-06-26,2024-07-19,D-Day,494,,,,,,,,,,,,,,,
,,,,,,,,,,,,,,,,,,,,,,,,,,,,,,,,,,,,,,,,,,,,,500,2027-11-25 21:59:59,k3,250,Legend Race (Gold Ship Summer),,,,,,Pull Tickets,,Finals Day,516,,,,,,,,,,,,,,,
,,,,,,,,,,,,,,,,,,,,,,,,,,,,,,,,,,,,,,,,,,,,,500,Last Day,,,,,,,,,Uma,Support,Length,23,,,,,,,,,,,,,,,
,,,,,,,,,,,,,,,,,,,,,,,,,,,,,,,,,,,,,,,,,,,,,500,"""Harvesting! Feasting! Great Food Festival"" Missions",,,,,,,,,4,4,Dropdown,FALSE,,,,,,,,,,,,,,,
,,,,,,,,,,,,,,,,,,,,,,,,,,,,,,,Dream Journey,,Yayoi Akikawa,Nishino Flower,,,,,,,,,,,,,,,,,,,,,Limit Break Crystals,,,,,,,,,,,,,,,,,,
,,,,,,,,,,,,,,,,,,,,,,,,,,,,,,,,,80x Free Pulls,,,,,,,,,,,,,,,,,,,,,,SSR,SR,,,,,,,,,,,,,,,,,
,,,,,,,,,,,,,,,,,,,,,,,,,,,,,,,,,,,,,,,,,,,,,,,,,,,,,,,6,7,,,,,,,,,,,,,,,,,
,,,,,,,,,,,,,,,,,,,,,,,,,,JP,,Global,,,,,,,,,,,,,,,,,0,2027-11-11 22:00:00,k1,0,2027-11-21 21:59:59,,,,,,Date Override,,Start Date,End Date,,,,,,,,,,,,,,,
,,,,,,,,,,,,,,,,,,,,,,,,,,Start Date,End Date,Start Date,End Date,,Releases In,,,,,,,,,,,,,,0,First Day,Hours,0,Throughout,,,,,,,,2027-11-11,2027-11-21,,,,,,,,,,,,,,,
,,,,,,,,,,,,,,,,,,,,,,,,,,2024-07-09,2024-07-19,2027-11-11,2027-11-21,,503 Days,,,,,,,,,,,,,,,,,,,,,,,,Banner Type,1,2027-11-11 22:00:00,2027-11-21 21:59:59,Rice Shower (Great Food Festival),Dantsu Flame,,Rice Shower (Great Food Festival),Dantsu Flame,,,,,,,,,,
,,,,,,,,,,,,,,,,,,,,,,,,,,,,,,,,,,,,,,,,,,,,,,,,,,,,,,,JP,,JP Datedif,1231,,,,,,,107,107,138,160,2027-11-11 22:00:00,,,,
,,,,,,,,,,,,,,,,,,,,,,,,,,,,,,,,,,,,,,,,,,,,,,,,,,,,,,,Start Date,End Date,Global Datedif,868,,,,,,,,,,,,,,,
,,,,,,,,,,,,,,,,,,,,,,,,,,,,,,,,,,,,,,,,,,,,,,,,,,,,,,,2024-07-09,2024-07-19,D-Day,503,,,,,,,,,,,,,,,
,,,,,,,,,,,,,,,,,,,,,,,,,,,,,,,,,,,,,,,,,,,,,0,2027-11-21 21:59:59,k3,,,,,,,,Pull Tickets,,Finals Day,512,,,,,,,,,,,,,,,
,,,,,,,,,,,,,,,,,,,,,,,,,,,,,,,,,,,,,,,,,,,,,0,Last Day,,,,,,,,,Uma,Support,Length,10,,,,,,,,,,,,,,,
,,,,,,,,,,,,,,,,,,,,,,,,,,,,,,,,,,,,,,,,,,,,,,,,,,,,,,,0,0,Dropdown,FALSE,,,,,,,,,,,,,,,
,,,,,,,,,,,,,,,,,,,,,,,,,,,,,,,Rice Shower,,Dantsu Flame,,Matikanefukukitaru,,,,,,,,,,,,,,,,,,,,Limit Break Crystals,,,,,,,,,,,,,,,,,,
,,,,,,,,,,,,,,,,,,,,,,,,,,,,,,,(Great Food Festival),,,,,,,,,,,,,,,,,,,,,,,,SSR,SR,,,,,,,,,,,,,,,,,
,,,,,,,,,,,,,,,,,,,,,,,,,,,,,,,,,,,,,,,,,,,,,,,,,,,,,,,,,,,,,,,,,,,,,,,,,
,,,,,,,,,,,,,,,,,,,,,,,,,,JP,,Global,,,,,,,,,,,,,,,,,80,2027-11-18 22:00:00,k1,0,2027-11-28 21:59:59,,,,,,Date Override,,Start Date,End Date,,,,,,,,,,,,,,,
,,,,,,,,,,,,,,,,,,,,,,,,,,Start Date,End Date,Start Date,End Date,,Releases In,,,,,,,,,,,,,,80,First Day,Hours,0,Throughout,,,,,,,,2027-11-18,2027-11-28,,,,,,,,,,,,,,,
,,,,,,,,,,,,,,,,,,,,,,,,,,2024-07-19,2024-07-29,2027-11-18,2027-11-28,,510 Days,,,,,,,,,,,,,,80,Uma Story Ch 1-4,,,,,,,,,Banner Type,2,2027-11-18 22:00:00,2027-11-28 21:59:59,Calstone Light O,Duramente + Taiki Shuttle + Sakura Bakushin O + Hokko Tarumae + King Halo + Gold City + K.S. Miracle + Mejiro McQueen + Mihono Bourbon + Aston Machan,,Calstone Light O,Duramente + Taiki Shuttle + Sakura Bakushin O + Hokko Tarumae + King Halo + Gold City + K.S. Miracle + Mejiro McQueen + Mihono Bourbon + Aston Machan,,,,,,,,,,
,,,,,,,,,,,,,,,,,,,,,,,,,,,,,,,,,,,,,,,,,,,,,,,,,,,,,,,JP,,JP Datedif,1241,,,,,,,107,107,138,160,2027-11-18 22:00:00,,,,
,,,,,,,,,,,,,,,,,,,,,,,,,,,,,,,,,,,,,,,,,,,,,,,,,,,,,,,Start Date,End Date,Global Datedif,875,,,,,,,,,,,,,,,
,,,,,,,,,,,,,,,,,,,,,,,,,,,,,,,,,,,,,,,,,,,,,,,,,,,,,,,2024-07-19,2024-07-29,D-Day,510,,,,,,,,,,,,,,,
,,,,,,,,,,,,,,,,,,,,,,,,,,,,,,,,,,,,,,,,,,,,,0,2027-11-28 21:59:59,k3,,,,,,,,Pull Tickets,,Finals Day,519,,,,,,,,,,,,,,,
,,,,,,,,,,,,,,,,,,,,,,,,,,,,,,,,,,,,,,,,,,,,,0,Last Day,,,,,,,,,Uma,Support,Length,10,,,,,,,,,,,,,,,
,,,,,,,,,,,,,,,,,,,,,,,,,,,,,,,,,,,,,,,,,,,,,,,,,,,,,,,0,0,Dropdown,FALSE,,,,,,,,,,,,,,,
,,,,,,,,,,,,,,,,,,,,,,,,,,,,,,,Calstone Light O,,Duramente,Taiki Shuttle,Sakura Bakushin O,Hokko Tarumae,King Halo,Gold City,K.S. Miracle,Mejiro McQueen,Mihono Bourbon,Aston Machan,,,,,,,,,,,,,Limit Break Crystals,,,,,,,,,,,,,,,,,,
,,,,,,,,,,,,,,,,,,,,,,,,,,,,,,,,,,,,,,,,,,,,,,,,,,,,,,,SSR,SR,,,,,,,,,,,,,,,,,
,,,,,,,,,,,,,,,,,,,,,,,,,,,,,,,,,,,,,,,,,,,,,,,,,,,,,,,,,,,,,,,,,,,,,,,,,
,,,,,,,,,,,,,,,,,,,,,,,,,,JP,,Global,,,,,,,,,,,,,,,,,,,,,,,,,,,Date Override,,Start Date,End Date,,,,,,,,,,,,,,,
,,,,,,,,,,,,,,,,,,,,,,,,,,Start Date,End Date,Start Date,End Date,,Starts In,,,,,,,,,,,,,,,,,,,,,,,,,,2027-11-20,2027-11-26,,,,,,,,,,,,,,,
,,,,,,,,,,,,,,,,,,,,,,,,,,2024-07-22,2024-07-28,2027-11-20,2027-11-26,,512 Days,,,,,,,,,,,,,,,,,,,,,,,,Banner Type,-1,2027-11-20 22:00:00,2027-11-26 21:59:59,,,,,,,,,,,,,,,
,,,,,,,,,,,,,,,,,,,,,,,,,,LoH #7,,,,,,,,,,,,,,,,,,,,,,,,,,,,,JP,,JP Datedif,1244,,,,,,,107,107,140,162,2027-11-20 22:00:00,,,7,2027-11-24 21:59:59
,,,,,,,,,,,,,,,,,,,,,,,,,,,,,,,,,,,,,,,,,,,,,,,,,,,,,,,Start Date,End Date,Global Datedif,877,,,,,,,,,,,,,,,
,,,,,,,,,,,,,,,,,,,,,,,,,,,,,,,,,,,,,,,,,,,,,,,,,,,,,,,2024-07-22,2024-07-28,D-Day,512,,,,,,,,,,,,,,,
,,,,,,,,,,,,,,,,,,,,,,,,,,1000m,Sprint,,,,,,,,,,,,,,,,,,,,,,,,,,,,Pull Tickets,,Finals Day,517,,,,,,,,,,,,,,,
,,,,,,,,,,,,,,,,,,,,,,,,,,,,,,,,,,,,,,,,,,,,,,,,,,,,,,,Uma,Support,Length,6,,,,,,,,,,,,,,,
,,,,,,,,,,,,,,,,,,,,,,,,,,,,,,,,,,,,,,,,,,,,,,,,,,,,,,,,,Dropdown,FALSE,,,,,,,,,,,,,,,
,,,,,,,,,,,,,,,,,,,,,,,,,,,,,,,,,,,,,,,,,,,,,,,,,,,,,,,Limit Break Crystals,,,,,,,,,,,,,,,,,,
,,,,,,,,,,,,,,,,,,,,,,,,,,,,,,,,,,,,,,,,,,,,,,,,,,,,,,,SSR,SR,,,,,,,,,,,,,,,,,
,,,,,,,,,,,,,,,,,,,,,,,,,,,,,,,,,,,,,,,,,,,,,,,,,,,,,,,2,2,,,,,,,,,,,,,,,,,
,,,,,,,,,,,,,,,,,,,,,,,,,,JP,,Global,,,,,,,,,,,,,,,,,0,2027-11-25 22:00:00,k1,5000,2027-12-11 21:59:59,,,,,,Date Override,,Start Date,End Date,,,,,,,,,,,,,,,
,,,,,,,,,,,,,,,,,,,,,,,,,,Start Date,End Date,Start Date,End Date,,Releases In,,,,,,,,,,,,,,0,First Day,Hours,5000,Throughout,,,,,,,,2027-11-25,2027-12-11,,,,,,,,,,,,,,,
,,,,,,,,,,,,,,,,,,,,,,,,,,2024-07-29,2024-08-14,2027-11-25,2027-12-11,,517 Days,,,,,,,,,,,,,,,,,4500,Masters Challenge,,,,,,Banner Type,1,2027-11-25 22:00:00,2027-12-11 21:59:59,Eishin Flash (Summer Trip) + Hokko Tarumae (Summer Trip),Smart Falcon + Copano Rickey,,Eishin Flash (Summer Trip) + Hokko Tarumae (Summer Trip),Smart Falcon + Copano Rickey,,,,,,,,,,
,,,,,,,,,,,,,,,,,,,,,,,,,,,,,,,,,,,,,,,,,,,,,,,,,,,,,,,JP,,JP Datedif,1251,,,,,,,109,109,144,167,2027-11-25 22:00:00,,,,
,,,,,,,,,,,,,,,,,,,,,,,,,,,,,,,,,,,,,,,,,,,,,,,,250,Legend Race (Smart Falcon Grand Live),,,,,,Start Date,End Date,Global Datedif,882,,,,,,,,,,,,,,,
,,,,,,,,,,,,,,,,,,,,,,,,,,,,,,,,,,,,,,,,,,,,,,,,250,Legend Race (Wonder Acute),,,,,,2024-07-29,2024-08-14,D-Day,517,,,,,,,,,,,,,,,
,,,,,,,,,,,,,,,,,,,,,,,,,,,,,,,,,,,,,,,,,,,,,0,2027-12-11 21:59:59,k3,,,,,,,,Pull Tickets,,Finals Day,532,,,,,,,,,,,,,,,
,,,,,,,,,,,,,,,,,,,,,,,,,,,,,,,,,,,,,,,,,,,,,0,Last Day,,,,,,,,,Uma,Support,Length,16,,,,,,,,,,,,,,,
,,,,,,,,,,,,,,,,,,,,,,,,,,,,,,,,,,,,,,,,,,,,,,,,,,,,,,,2,2,Dropdown,FALSE,,,,,,,,,,,,,,,
,,,,,,,,,,,,,,,,,,,,,,,,,,,,,,,Eishin Flash,Hokko Tarumae,Smart Falcon,Copano Rickey,,,,,,Wonder Acute,,,,,,,,,,,,,,,Limit Break Crystals,,,,,,,,,,,,,,,,,,
,,,,,,,,,,,,,,,,,,,,,,,,,,,,,,,(Summer Trip),(Summer Trip),,,,,,,,,,,,,,,,,,,,,,,SSR,SR,,,,,,,,,,,,,,,,,
,,,,,,,,,,,,,,,,,,,,,,,,,,,,,,,,,,,,,,,,,,,,,,,,,,,,,,,4,5,,,,,,,,,,,,,,,,,
,,,,,,,,,,,,,,,,,,,,,,,,,,JP,,Global,,,,Free Pulls,,,,,,,,,,,,,0,2027-12-06 22:00:00,k1,3000,2027-12-16 21:59:59,,,,,,Date Override,,Start Date,End Date,,,,,,,,,,,,,,,
,,,,,,,,,,,,,,,,,,,,,,,,,,Start Date,End Date,Start Date,End Date,,Releases In,Uma,Support,,,,,,,,,,,,0,First Day,Hours,3000,Throughout,,,,,,,,2027-12-06,2027-12-16,,,,,,,,,,,,,,,
,,,,,,,,,,,,,,,,,,,,,,,,,,2024-08-14,2024-08-24,2027-12-06,2027-12-16,,528 Days,,11,,,,,,,,,,,,,,,1500,Countdown to 3.5th Anniversary Login Bonus,,,,,,Banner Type,1,2027-12-06 22:00:00,2027-12-16 21:59:59,(All) 2,Fine Motion,,(All) 2,Fine Motion,,,,,,,,,,
,,,,,,,,,,,,,,,,,,,,,,,,,,,,,,,,,,,,,,,,,,,,,,,,1500,6th Aim for the Stars! Dream Team,,,,,,JP,,JP Datedif,1267,,,,,,,114,114,146,169,2027-12-06 22:00:00,,,,
,,,,,,,,,,,,,,,,,,,,,,,,,,,,,,,,,,,,,,,,,,,,,,,,,,,,,,,Start Date,End Date,Global Datedif,893,,,,,,,,,,,,,,,
,,,,,,,,,,,,,,,,,,,,,,,,,,,,,,,,,,,,,,,,,,,,,,,,,,,,,,,2024-08-14,2024-08-24,D-Day,528,,,,,,,,,,,,,,,
,,,,,,,,,,,,,,,,,,,,,,,,,,,,,,,,,,,,,,,,,,,,,500,2027-12-16 21:59:59,k3,,,,,,,,Pull Tickets,,Finals Day,537,,,,,,,,,,,,,,,
,,,,,,,,,,,,,,,,,,,,,,,,,,,,,,,,,,,,,,,,,,,,,500,Last Day,,,,,,,,,Uma,Support,Length,10,,,,,,,,,,,,,,,
,,,,,,,,,,,,,,,,,,,,,,,,,,,,,,,,,,,,,,,,,,,,,500,3.5th Anniversary Celebration Missions Part 1,,,,,,,,,5,5,Dropdown,FALSE,,,,,,,,,,,,,,,
,,,,,,,,,,,,,,,,,,,,,,,,,,,,,,,(All) 2,,Fine Motion,,Mejiro Palmer,,,,,,,,,,,,,,,,,,,,Limit Break Crystals,,,,,,,,,,,,,,,,,,
,,,,,,,,,,,,,,,,,,,,,,,,,,,,,,,"Pity to Select Any Character
 up to Summer Trip",,11x Free Pulls,,,,,,,,,,,,,,,,,,,,,,SSR,SR,,,,,,,,,,,,,,,,,
,,,,,,,,,,,,,,,,,,,,,,,,,,,,,,,,,,,,,,,,,,,,,,,,,,,,,,,2,2,,,,,,,,,,,,,,,,,
,,,,,,,,,,,,,,,,,,,,,,,,,,JP,,Global,,,,Free Pulls,,,,3.5th Anniversary: December 2027,,,,,,,,,3080,2027-12-13 22:00:00,k1,6410,2027-12-30 21:59:59,,,,,,Date Override,,Start Date,End Date,,,,,,,,,,,,,,,
,,,,,,,,,,,,,,,,,,,,,,,,,,Start Date,End Date,Start Date,End Date,,Releases In,Uma,Support,,,,,,,,,,,,3080,First Day,Hours,6410,Throughout,,,,,,,,2027-12-13,2027-12-30,,,,,,,,,,,,,,,
,,,,,,,,,,,,,,,,,,,,,,,,,,2024-08-24,2024-09-10,2027-12-13,2027-12-30,,535 Days,0,100,,,,,,,,,,,,3000,3.5th Anniversary Gift,,3000,3.5th Anniversary Login Bonus,,,,,,Banner Type,1,2027-12-13 22:00:00,2027-12-30 21:59:59,Gentildonna,Still in Love,3.5th Anniversary,Gentildonna,Still in Love,3.5th Anniversary,,,,,,,,,
,,,,,,,,,,,,,,,,,,,,,,,,,,,,,,,,,,,,,,,,,,,,,80,Uma Story Ch 1-4,,2910,"Event Rewards (Story, Bingo, Event Pt)",,,,,,JP,,JP Datedif,1277,,,,,,,118,118,152,176,2027-12-13 22:00:00,,,,
,,,,,,,,,,,,,,,,,,,,,,,,,,,,,,,,,,,,,,,,,,,,,,,,,,,,,,,Start Date,End Date,Global Datedif,900,,,,,,,,,,,,,,,
,,,,,,,,,,,,,,,,,,,,,,,,,,,,,,,,,,,,,,,,,,,,,,,,250,Legend Race (Aston Machan),,,,,,2024-08-24,2024-09-10,D-Day,535,,,,,,,,,,,,,,,
,,,,,,,,,,,,,,,,,,,,,,,,,,,,,,,,,,,,,,,,,,,,,500,2027-12-30 21:59:59,k3,250,Legend Race (Curren Chan Wedding),,,,,,Pull Tickets,,Finals Day,551,,,,,,,,,,,,,,,
,,,,,,,,,,,,,,,,,,,,,,,,,,,,,,,,,,,,,,,,,,,,,500,Last Day,,,,,,,,,Uma,Support,Length,17,,,,,,,,,,,,,,,
,,,,,,,,,,,,,,,,,,,,,,,,,,,,,,,,,,,,,,,,,,,,,500,3.5th Anniversary Celebration Missions Part 2,,,,,,,,,4,4,Dropdown,FALSE,,,,,,,,,,,,,,,
,,,,,,,,,,,,,,,,,,,,,,,,,,,,,,,Gentildonna,,Still in Love,,Marvelous Sunday,,,3* Uma Selector,SSR Selector,Buena Vista,,,,,,,,,,,,,,,Limit Break Crystals,,,,,,,,,,,,,,,,,,
,,,,,,,,,,,,,,,,,,,,,,,,,,,,,,,,,100x Free Pulls,,,,,"1 Paid ($21),&($70)","1 Paid ($21),&($70)",,,,,,,,,,,,,,,,SSR,SR,,,,,,,,,,,,,,,,,
,,,,,,,,,,,,,,,,,,,,,,,,,,,,,,,,,,,,,,Up to Summer Trip,Up to Fine Motion Guts,,,,,,,,,,,,,,,,6,7,,,,,,,,,,,,,,,,,
,,,,,,,,,,,,,,,,,,,,,,,,,,,,,,,,,,,,,,,,,,,,,,,,,,,,,,,Date Override,,Start Date,End Date,,,,,,,,,,,,,,,
,,,,,,,,,,,,,,,,,,,,,,,,,,,,,,,,,,,,,,,,,,,,,,,,,,,,,,,,,2027-12-14,2027-12-20,,,,,,,,,,,,,,,
,,,,,,,,,,,,,,,,,,,,,,,,,,,,,,,,,,,,,,,,,,,,,,,,,,,,,,,Banner Type,-1,2027-12-14 22:00:00,2027-12-20 21:59:59,,,,,,,,,,,,,,,
,,,,,,,,,,,,,,,,,,,,,,,,,,,,,,,,,,,,,,,,,,,,,,,,,,,,,,,JP,,JP Datedif,1278,,,,,,,118,118,152,176,2027-12-14 22:00:00,18,2027-12-19 21:59:59,,
,,,,,,,,,,,,,,,,,,,,,,,,,,,,,,,,,,,,,,,,,,,,,,,,,,,,,,,Start Date,End Date,Global Datedif,901,,,,,,,,,,,,,,,
,,,,,,,,,,,,,,,,,,,,,,,,,,,,,,,,,,,,,,,,,,,,,,,,,,,,,,,2024-08-25,2024-08-31,D-Day,536,,,,,,,,,,,,,,,
,,,,,,,,,,,,,,,,,,,,,,,,,,,,,,,,,,,,,,,,,,,,,,,,,,,,,,,Pull Tickets,,Finals Day,541,,,,,,,,,,,,,,,
,,,,,,,,,,,,,,,,,,,,,,,,,,,,,,,,,,,,,,,,,,,,,,,,,,,,,,,Uma,Support,Length,6,,,,,,,,,,,,,,,
,,,,,,,,,,,,,,,,,,,,,,,,,,,,,,,,,,,,,,,,,,,,,,,,,,,,,,,,,Dropdown,FALSE,,,,,,,,,,,,,,,
,,,,,,,,,,,,,,,,,,,,,,,,,,,,,,,,,,,,,,,,,,,,,,,,,,,,,,,Limit Break Crystals,,,,,,,,,,,,,,,,,,
,,,,,,,,,,,,,,,,,,,,,,,,,,,,,,,,,,,,,,,,,,,,,,,,,,,,,,,SSR,SR,,,,,,,,,,,,,,,,,
,,,,,,,,,,,,,,,,,,,,,,,,,,,,,,,,,,,,,,,,,,,,,,,,,,,,,,,,,,,,,,,,,,,,,,,,,
,,,,,,,,,,,,,,,,,,,,,,,,,,JP,,Global,,,,,,,,,,,,,,,,,0,2027-12-17 22:00:00,k1,0,2027-12-28 21:59:59,,,,,,Date Override,,Start Date,End Date,,,,,,,,,,,,,,,
,,,,,,,,,,,,,,,,,,,,,,,,,,Start Date,End Date,Start Date,End Date,,Releases In,,,,,,,,,,,,,,0,First Day,Hours,0,Throughout,,,,,,,,2027-12-17,2027-12-28,,,,,,,,,,,,,,,
,,,,,,,,,,,,,,,,,,,,,,,,,,2024-08-30,2024-09-10,2027-12-17,2027-12-28,,539 Days,,,,,,,,,,,,,,,,,,,,,,,,Banner Type,1,2027-12-17 22:00:00,2027-12-28 21:59:59,Neo Universe (Autumn) + Zenno Rob Roy (Autumn),Taiki Shuttle + Fuji Kiseki,,Neo Universe (Autumn) + Zenno Rob Roy (Autumn),Taiki Shuttle + Fuji Kiseki,,,,,,,,,,
,,,,,,,,,,,,,,,,,,,,,,,,,,,,,,,,,,,,,,,,,,,,,,,,,,,,,,,JP,,JP Datedif,1283,,,,,,,120,120,152,176,2027-12-17 22:00:00,,,,
,,,,,,,,,,,,,,,,,,,,,,,,,,,,,,,,,,,,,,,,,,,,,,,,,,,,,,,Start Date,End Date,Global Datedif,904,,,,,,,,,,,,,,,
,,,,,,,,,,,,,,,,,,,,,,,,,,,,,,,,,,,,,,,,,,,,,,,,,,,,,,,2024-08-30,2024-09-10,D-Day,539,,,,,,,,,,,,,,,
,,,,,,,,,,,,,,,,,,,,,,,,,,,,,,,,,,,,,,,,,,,,,0,2027-12-28 21:59:59,k3,,,,,,,,Pull Tickets,,Finals Day,549,,,,,,,,,,,,,,,
,,,,,,,,,,,,,,,,,,,,,,,,,,,,,,,,,,,,,,,,,,,,,0,Last Day,,,,,,,,,Uma,Support,Length,11,,,,,,,,,,,,,,,
,,,,,,,,,,,,,,,,,,,,,,,,,,,,,,,,,,,,,,,,,,,,,,,,,,,,,,,2,2,Dropdown,FALSE,,,,,,,,,,,,,,,
,,,,,,,,,,,,,,,,,,,,,,,,,,,,,,,Neo Universe,Zenno Rob Roy,Taiki Shuttle,Fuji Kiseki,,,,,,Symboli Kris S,,,,,,,,,,,,,,,Limit Break Crystals,,,,,,,,,,,,,,,,,,
,,,,,,,,,,,,,,,,,,,,,,,,,,,,,,,(Autumn),(Autumn),,,,,,,,,,,,,,,,,,,,,,,SSR,SR,,,,,,,,,,,,,,,,,
,,,,,,,,,,,,,,,,,,,,,,,,,,,,,,,,,,,,,,,,,,,,,,,,,,,,,,,,,,,,,,,,,,,,,,,,,
,,,,,,,,,,,,,,,,,,,,,,,,,,JP,,Global,,,,,,,,,,,,,,,,,80,2027-12-25 22:00:00,k1,900,2028-01-14 21:59:59,,,,,,Date Override,,Start Date,End Date,,,,,,,,,,,,,,,
,,,,,,,,,,,,,,,,,,,,,,,,,,Start Date,End Date,Start Date,End Date,,Releases In,,,,,,,,,,,,,,80,First Day,Hours,900,Throughout,,,,,,,,2027-12-25,2028-01-14,,,,,,,,,,,,,,,
,,,,,,,,,,,,,,,,,,,,,,,,,,2024-09-10,2024-09-30,2027-12-25,2028-01-14,,547 Days,,,,,,,,,,,,,,80,Uma Story Ch 1-4,,900,Agnes Tachyon Factor Study,,,,,,Banner Type,1,2027-12-25 22:00:00,2028-01-14 21:59:59,Cesario,Espoir City,,Cesario,Espoir City,,,,,,,,,,
,,,,,,,,,,,,,,,,,,,,,,,,,,,,,,,,,,,,,,,,,,,,,,,,,,,,,,,JP,,JP Datedif,1294,,,,,,,121,121,153,178,2027-12-25 22:00:00,,,,
,,,,,,,,,,,,,,,,,,,,,,,,,,,,,,,,,,,,,,,,,,,,,,,,,,,,,,,Start Date,End Date,Global Datedif,912,,,,,,,,,,,,,,,
,,,,,,,,,,,,,,,,,,,,,,,,,,,,,,,,,,,,,,,,,,,,,,,,,,,,,,,2024-09-10,2024-09-30,D-Day,547,,,,,,,,,,,,,,,
,,,,,,,,,,,,,,,,,,,,,,,,,,,,,,,,,,,,,,,,,,,,,500,2028-01-14 21:59:59,k3,,,,,,,,Pull Tickets,,Finals Day,566,,,,,,,,,,,,,,,
,,,,,,,,,,,,,,,,,,,,,,,,,,,,,,,,,,,,,,,,,,,,,500,Last Day,,,,,,,,,Uma,Support,Length,20,,,,,,,,,,,,,,,
,,,,,,,,,,,,,,,,,,,,,,,,,,,,,,,,,,,,,,,,,,,,,500,"3.5th Anniversary Celebration Missions Part 3, SSR Selector",,,,,,,,,1,1,Dropdown,FALSE,,,,,,,,,,,,,,,
,,,,,,,,,,,,,,,,,,,,,,,,,,,,,,,Cesario,,Espoir City,,Sakura Laurel,,,,Free SSR Selector,,,,,,,,,,,,,,,,Limit Break Crystals,,,,,,,,,,,,,,,,,,
,,,,,,,,,,,,,,,,,,,,,,,,,,,,,,,,,,,,,,,Up to Fine Motion Guts,,,,,,,,,,,,,,,,SSR,SR,,,,,,,,,,,,,,,,,
,,,,,,,,,,,,,,,,,,,,,,,,,,,,,,,,,,,,,,,,,,,,,,,,,,,,,,,1,2,,,,,,,,,,,,,,,,,
,,,,,,,,,,,,,,,,,,,,,,,,,,JP,,Global,,,,,,,,,,,,,,,,,80,2028-01-01 22:00:00,k1,480,2028-01-11 21:59:59,,,,,,Date Override,,Start Date,End Date,,,,,,,,,,,,,,,
,,,,,,,,,,,,,,,,,,,,,,,,,,Start Date,End Date,Start Date,End Date,,Releases In,,,,,,,,,,,,,,80,First Day,Hours,480,Throughout,,,,,,,,2028-01-01,2028-01-11,,,,,,,,,,,,,,,
,,,,,,,,,,,,,,,,,,,,,,,,,,2024-09-20,2024-09-30,2028-01-01,2028-01-11,,554 Days,,,,,,,,,,,,Story,,80,Uma Story Ch 1-4,,480,Main Story Reward,,,,,,Banner Type,2,2028-01-01 22:00:00,2028-01-11 21:59:59,Durandal,El Condor Pasa + Yamanin Zephyr + Mejiro Ramonu + Winning Ticket + Gold City + Orfevre + K.S. Miracle + Mejiro McQueen + Mejiro Ramonu + Satono Diamond,,Durandal,El Condor Pasa + Yamanin Zephyr + Mejiro Ramonu + Winning Ticket + Gold City + Orfevre + K.S. Miracle + Mejiro McQueen + Mejiro Ramonu + Satono Diamond,,,,,,,,,,
,,,,,,,,,,,,,,,,,,,,,,,,,,,,,,,,,,,,,,,,,,,,,,,,,,,,,,,JP,,JP Datedif,1304,,,,,,,121,121,153,178,2028-01-01 22:00:00,,,,
,,,,,,,,,,,,,,,,,,,,,,,,,,,,,,,,,,,,,,,,,,,,,,,,,,,,,,,Start Date,End Date,Global Datedif,919,,,,,,,,,,,,,,,
,,,,,,,,,,,,,,,,,,,,,,,,,,,,,,,,,,,,,,,,,,,,,,,,,,,,,,,2024-09-20,2024-09-30,D-Day,554,,,,,,,,,,,,,,,
,,,,,,,,,,,,,,,,,,,,,,,,,,,,,,,,,,,,,,,,,,,,,300,2028-01-11 21:59:59,k3,,,,,,,,Pull Tickets,,Finals Day,563,,,,,,,,,,,,,,,
,,,,,,,,,,,,,,,,,,,,,,,,,,,,,,,,,,,,,,,,,,,,,300,Last Day,,,,,,,,,Uma,Support,Length,10,,,,,,,,,,,,,,,
,,,,,,,,,,,,,,,,,,,,,,,,,,,,,,,,,,,,,,,,,,,,,150,Autumn G1 Celebration Missions Part 1 (Sprinters Stakes),,,,,,,,,0,0,Dropdown,FALSE,,,,,,,,,,,,,,,
,,,,,,,,,,,,,,,,,,,,,,,,,,,,,,,Durandal,,El Condor Pasa,Yamanin Zephyr,Mejiro Ramonu,Winning Ticket,Gold City,Orfevre,K.S. Miracle,Mejiro McQueen,Mejiro Ramonu,Satono Diamond,Cesario,,150,Autumn G1 Celebration Missions Part 1 (Japan Dirt Derby),,,,,,,,,Limit Break Crystals,,,,,,,,,,,,,,,,,,
,,,,,,,,,,,,,,,,,,,,,,,,,,,,,,,,,,,,,,,,,,,,,,,,,,,,,,,SSR,SR,,,,,,,,,,,,,,,,,
,,,,,,,,,,,,,,,,,,,,,,,,,,,,,,,,,,,,,,,,,,,,,,,,,,,,,,,,,,,,,,,,,,,,,,,,,
,,,,,,,,,,,,,,,,,,,,,,,,,,JP,,Global,,,,,,,,,,,,,,,,,,,,,,,,,,,Date Override,,Start Date,End Date,,,,,,,,,,,,,,,
,,,,,,,,,,,,,,,,,,,,,,,,,,Start Date,End Date,Start Date,End Date,,Starts In,,,,,,,,,,,,,,,,,,,,,,,,,,2028-01-03,2028-01-09,,,,,,,,,,,,,,,
,,,,,,,,,,,,,,,,,,,,,,,,,,2024-09-23,2024-09-29,2028-01-03,2028-01-09,,556 Days,,,,,,,,,,,,,,,,,,,,,,,,Banner Type,-1,2028-01-03 22:00:00,2028-01-09 21:59:59,,,,,,,,,,,,,,,
,,,,,,,,,,,,,,,,,,,,,,,,,,LoH #8,,,,,,,,,,,,,,,,,,,,,,,,,,,,,JP,,JP Datedif,1307,,,,,,,121,121,155,180,2028-01-03 22:00:00,,,8,2028-01-07 21:59:59
,,,,,,,,,,,,,,,,,,,,,,,,,,,,,,,,,,,,,,,,,,,,,,,,,,,,,,,Start Date,End Date,Global Datedif,921,,,,,,,,,,,,,,,
,,,,,,,,,,,,,,,,,,,,,,,,,,,,,,,,,,,,,,,,,,,,,,,,,,,,,,,2024-09-23,2024-09-29,D-Day,556,,,,,,,,,,,,,,,
,,,,,,,,,,,,,,,,,,,,,,,,,,1600m,Mile,,,,,,,,,,,,,,,,,,,,,,,,,,,,Pull Tickets,,Finals Day,561,,,,,,,,,,,,,,,
,,,,,,,,,,,,,,,,,,,,,,,,,,,,,,,,,,,,,,,,,,,,,,,,,,,,,,,Uma,Support,Length,6,,,,,,,,,,,,,,,
,,,,,,,,,,,,,,,,,,,,,,,,,,,,,,,,,,,,,,,,,,,,,,,,,,,,,,,,,Dropdown,FALSE,,,,,,,,,,,,,,,
,,,,,,,,,,,,,,,,,,,,,,,,,,,,,,,,,,,,,,,,,,,,,,,,,,,,,,,Limit Break Crystals,,,,,,,,,,,,,,,,,,
,,,,,,,,,,,,,,,,,,,,,,,,,,,,,,,,,,,,,,,,,,,,,,,,,,,,,,,SSR,SR,,,,,,,,,,,,,,,,,
,,,,,,,,,,,,,,,,,,,,,,,,,,,,,,,,,,,,,,,,,,,,,,,,,,,,,,,2,2,,,,,,,,,,,,,,,,,
,,,,,,,,,,,,,,,,,,,,,,,,,,JP,,Global,,,,,,,,,,,,,,,,,0,2028-01-08 22:00:00,k1,3410,2028-01-19 21:59:59,,,,,,Date Override,,Start Date,End Date,,,,,,,,,,,,,,,
,,,,,,,,,,,,,,,,,,,,,,,,,,Start Date,End Date,Start Date,End Date,,Releases In,,,,,,,,,,,,,,0,First Day,Hours,3410,Throughout,,,,,,,,2028-01-08,2028-01-19,,,,,,,,,,,,,,,
,,,,,,,,,,,,,,,,,,,,,,,,,,2024-09-30,2024-10-11,2028-01-08,2028-01-19,,561 Days,,,,,,,,,,,,,,,,,2910,"Event Rewards (Story, Bingo, Event Pt)",,,,,,Banner Type,1,2028-01-08 22:00:00,2028-01-19 21:59:59,Seeking the Pearl (Halloween) + Mayano Top Gun (Halloween),Hishi Amazon + Narita Brian,,Seeking the Pearl (Halloween) + Mayano Top Gun (Halloween),Hishi Amazon + Narita Brian,,,,,,,,,,
,,,,,,,,,,,,,,,,,,,,,,,,,,,,,,,,,,,,,,,,,,,,,,,,,,,,,,,JP,,JP Datedif,1314,,,,,,,123,123,159,185,2028-01-08 22:00:00,,,,
,,,,,,,,,,,,,,,,,,,,,,,,,,,,,,,,,,,,,,,,,,,,,,,,250,Legend Race (Rice Shower Halloween),,,,,,Start Date,End Date,Global Datedif,926,,,,,,,,,,,,,,,
,,,,,,,,,,,,,,,,,,,,,,,,,,,,,,,,,,,,,,,,,,,,,,,,250,Legend Race (Air Shakur),,,,,,2024-09-30,2024-10-11,D-Day,561,,,,,,,,,,,,,,,
,,,,,,,,,,,,,,,,,,,,,,,,,,,,,,,,,,,,,,,,,,,,,300,2028-01-19 21:59:59,k3,,,,,,,,Pull Tickets,,Finals Day,571,,,,,,,,,,,,,,,
,,,,,,,,,,,,,,,,,,,,,,,,,,,,,,,,,,,,,,,,,,,,,300,Last Day,,,,,,,,,Uma,Support,Length,11,,,,,,,,,,,,,,,
,,,,,,,,,,,,,,,,,,,,,,,,,,,,,,,,,,,,,,,,,,,,,150,Autumn G1 Celebration Missions Part 1 (Shuuka Sho),,,,,,,,,2,2,Dropdown,FALSE,,,,,,,,,,,,,,,
,,,,,,,,,,,,,,,,,,,,,,,,,,,,,,,Seeking the Pearl,Mayano Top Gun,Hishi Amazon,Narita Brian,,,,,,Matikanefukukitaru,,,,,150,Autumn G1 Celebration Missions Part 1 (Mile CS Nambu Hai),,,,,,,,,Limit Break Crystals,,,,,,,,,,,,,,,,,,
,,,,,,,,,,,,,,,,,,,,,,,,,,,,,,,(Halloween),(Halloween),,,,,,,,,,,,,,,,,,,,,,,SSR,SR,,,,,,,,,,,,,,,,,
,,,,,,,,,,,,,,,,,,,,,,,,,,,,,,,,,,,,,,,,,,,,,,,,,,,,,,,4,5,,,,,,,,,,,,,,,,,
,,,,,,,,,,,,,,,,,,,,,,,,,,JP,,Global,,,,,,,,,,,,,,,,,1080,2028-01-16 22:00:00,k1,0,2028-02-03 21:59:59,,,,,,Date Override,,Start Date,End Date,,,,,,,,,,,,,,,
,,,,,,,,,,,,,,,,,,,,,,,,,,Start Date,End Date,Start Date,End Date,,Releases In,,,,,,,,,,,,,,1080,First Day,Hours,0,Throughout,,,,,,,,2028-01-16,2028-02-03,,,,,,,,,,,,,,,
,,,,,,,,,,,,,,,,,,,,,,,,,,2024-10-11,2024-10-29,2028-01-16,2028-02-03,,569 Days,,,,,,,,,,,,,,80,Uma Story Ch 1-4,,,,,,,,,Banner Type,2,2028-01-16 22:00:00,2028-02-03 21:59:59,Bubble Gum Fellow,El Condor Pasa + Duramente + Winning Ticket + Mejiro Ramonu + Vivlos + Orfevre + Mejiro McQueen + Narita Taishin + Neo Universe + Ryoka Tsurugi,,Bubble Gum Fellow,El Condor Pasa + Duramente + Winning Ticket + Mejiro Ramonu + Vivlos + Orfevre + Mejiro McQueen + Narita Taishin + Neo Universe + Ryoka Tsurugi,,,,,,,,,,
,,,,,,,,,,,,,,,,,,,,,,,,,,,,,,,,,,,,,,,,,,,,,1000,7th Racing Carnival,,,,,,,,,JP,,JP Datedif,1325,,,,,,,126,126,161,187,2028-01-16 22:00:00,,,,
,,,,,,,,,,,,,,,,,,,,,,,,,,,,,,,,,,,,,,,,,,,,,,,,,,,,,,,Start Date,End Date,Global Datedif,934,,,,,,,,,,,,,,,
,,,,,,,,,,,,,,,,,,,,,,,,,,,,,,,,,,,,,,,,,,,,,,,,,,,,,,,2024-10-11,2024-10-29,D-Day,569,,,,,,,,,,,,,,,
,,,,,,,,,,,,,,,,,,,,,,,,,,,,,,,,,,,,,,,,,,,,,300,2028-02-03 21:59:59,k3,,,,,,,,Pull Tickets,,Finals Day,586,,,,,,,,,,,,,,,
,,,,,,,,,,,,,,,,,,,,,,,,,,,,,,,,,,,,,,,,,,,,,300,Last Day,,,,,,,,,Uma,Support,Length,18,,,,,,,,,,,,,,,
,,,,,,,,,,,,,,,,,,,,,,,,,,,,,,,,,,,,,,,,,,,,,150,Autumn G1 Celebration Missions Part 1 (Kikka Sho),,,,,,,,,3,3,Dropdown,FALSE,,,,,,,,,,,,,,,
,,,,,,,,,,,,,,,,,,,,,,,,,,,,,,,Bubble Gum Fellow,,El Condor Pasa,Duramente,Winning Ticket,Mejiro Ramonu,Vivlos,Orfevre,Mejiro McQueen,Narita Taishin,Neo Universe,Ryoka Tsurugi,,,150,Autumn G1 Celebration Missions Part 2 (Tenno Sho (Autumn)),,,,,,,,,Limit Break Crystals,,,,,,,,,,,,,,,,,,
,,,,,,,,,,,,,,,,,,,,,,,,,,,,,,,,,,,,,,,,,,,,,,,,,,,,,,,SSR,SR,,,,,,,,,,,,,,,,,
,,,,,,,,,,,,,,,,,,,,,,,,,,,,,,,,,,,,,,,,,,,,,,,,,,,,,,,2,2,,,,,,,,,,,,,,,,,
,,,,,,,,,,,,,,,,,,,,,,,,,,,,,,,,,,,,,,,,,,,,,,,,,,,,,,,Date Override,,Start Date,End Date,,,,,,,,,,,,,,,
,,,,,,,,,,,,,,,,,,,,,,,,,,,,,,,,,,,,,,,,,,,,,,,,,,,,,,,,,2028-01-24,2028-01-30,,,,,,,,,,,,,,,
,,,,,,,,,,,,,,,,,,,,,,,,,,,,,,,,,,,,,,,,,,,,,,,,,,,,,,,Banner Type,-1,2028-01-24 22:00:00,2028-01-30 21:59:59,,,,,,,,,,,,,,,
,,,,,,,,,,,,,,,,,,,,,,,,,,,,,,,,,,,,,,,,,,,,,,,,,,,,,,,JP,,JP Datedif,1337,,,,,,,126,126,161,187,2028-01-24 22:00:00,19,2028-01-29 21:59:59,,
,,,,,,,,,,,,,,,,,,,,,,,,,,,,,,,,,,,,,,,,,,,,,,,,,,,,,,,Start Date,End Date,Global Datedif,942,,,,,,,,,,,,,,,
,,,,,,,,,,,,,,,,,,,,,,,,,,,,,,,,,,,,,,,,,,,,,,,,,,,,,,,2024-10-23,2024-10-29,D-Day,577,,,,,,,,,,,,,,,
,,,,,,,,,,,,,,,,,,,,,,,,,,,,,,,,,,,,,,,,,,,,,,,,,,,,,,,Pull Tickets,,Finals Day,582,,,,,,,,,,,,,,,
,,,,,,,,,,,,,,,,,,,,,,,,,,,,,,,,,,,,,,,,,,,,,,,,,,,,,,,Uma,Support,Length,6,,,,,,,,,,,,,,,
,,,,,,,,,,,,,,,,,,,,,,,,,,,,,,,,,,,,,,,,,,,,,,,,,,,,,,,,,Dropdown,FALSE,,,,,,,,,,,,,,,
,,,,,,,,,,,,,,,,,,,,,,,,,,,,,,,,,,,,,,,,,,,,,,,,,,,,,,,Limit Break Crystals,,,,,,,,,,,,,,,,,,
,,,,,,,,,,,,,,,,,,,,,,,,,,,,,,,,,,,,,,,,,,,,,,,,,,,,,,,SSR,SR,,,,,,,,,,,,,,,,,
,,,,,,,,,,,,,,,,,,,,,,,,,,,,,,,,,,,,,,,,,,,,,,,,,,,,,,,,,,,,,,,,,,,,,,,,,
,,,,,,,,,,,,,,,,,,,,,,,,,,JP,,Global,,,,Free Pulls,,,,Hashire! Mecha Umamusume,,,,,,,,,0,2028-01-28 22:00:00,k1,4450,2028-02-17 21:59:59,,,,,,Date Override,,Start Date,End Date,,,,,,,,,,,,,,,
,,,,,,,,,,,,,,,,,,,,,,,,,,Start Date,End Date,Start Date,End Date,,Releases In,Uma,Support,,,,,,,,,,,,0,First Day,Hours,4450,Throughout,,,,,,,,2028-01-28,2028-02-17,,,,,,,,,,,,,,,
,,,,,,,,,,,,,,,,,,,,,,,,,,2024-10-29,2024-11-18,2028-01-28,2028-02-17,,581 Days,0,80,,,,,,,,,,,,,,,900,Agnes Tachyon Factor Study,,,,,,Banner Type,1,2028-01-28 22:00:00,2028-02-17 21:59:59,Biwa Hayahide (Mecha),Daiwa Scarlet + Air Shakur,,Biwa Hayahide (Mecha),Daiwa Scarlet + Air Shakur,,,,,,,,,,
,,,,,,,,,,,,,,,,,,,,,,,,,,,,,,,,,,,,,,,,,,,,,,,,1500,Mecha Login Bonus,,,,,,JP,,JP Datedif,1343,,,,,,,130,130,164,191,2028-01-28 22:00:00,,,,
,,,,,,,,,,,,,,,,,,,,,,,,,,,,,,,,,,,,,,,,,,,,,,,,,,,,,,,Start Date,End Date,Global Datedif,946,,,,,,,,,,,,,,,
,,,,,,,,,,,,,,,,,,,,,,,,,,,,,,,,,,,,,,,,,,,,,,,,250,Legend Race (Symboli Rudolf Festival),,,,,,2024-10-29,2024-11-18,D-Day,581,,,,,,,,,,,,,,,
,,,,,,,,,,,,,,,,,,,,,,,,,,,,,,,,,,,,,,,,,,,,,950,2028-02-17 21:59:59,k3,250,Legend Race (Zenno Rob Roy),,,,,,Pull Tickets,,Finals Day,600,,,,,,,,,,,,,,,
,,,,,,,,,,,,,,,,,,,,,,,,,,,,,,,,,,,,,,,,,,,,,950,Last Day,,,,,,,,,Uma,Support,Length,20,,,,,,,,,,,,,,,
,,,,,,,,,,,,,,,,,,,,,,,,,,,,,,,,,,,,,,,,,,,,,500,"""Run, Mecha Umamusume! -Invention of Dreams-""",,1550,Trainer Skill Test,,,,,,4,4,Dropdown,FALSE,,,,,,,,,,,,,,,
,,,,,,,,,,,,,,,,,,,,,,,,,,,,,,,Biwa Hayahide,,Daiwa Scarlet,Air Shakur,,,,,,,,,,,150,Autumn G1 Celebration Missions Part 2 (JBC 2024),,,,,,,,,Limit Break Crystals,,,,,,,,,,,,,,,,,,
,,,,,,,,,,,,,,,,,,,,,,,,,,,,,,,(Mecha),,80x Free Pulls,,,,,,,,,,,,150,Autumn G1 Celebration Missions Part 2 (Queen Elizabeth Cup),,,,,,,,,SSR,SR,,,,,,,,,,,,,,,,,
,,,,,,,,,,,,,,,,,,,,,,,,,,,,,,,,,,,,,,,,,,,,,150,Autumn G1 Celebration Missions Part 2 (Mile Championship),,,,,,,,,3,4,,,,,,,,,,,,,,,,,
,,,,,,,,,,,,,,,,,,,,,,,,,,JP,,Global,,,,,,,,,,,,,,,,,0,2028-02-04 22:00:00,k1,0,2028-02-14 21:59:59,,,,,,Date Override,,Start Date,End Date,,,,,,,,,,,,,,,
,,,,,,,,,,,,,,,,,,,,,,,,,,Start Date,End Date,Start Date,End Date,,Releases In,,,,,,,,,,,,,,0,First Day,Hours,0,Throughout,,,,,,,,2028-02-04,2028-02-14,,,,,,,,,,,,,,,
,,,,,,,,,,,,,,,,,,,,,,,,,,2024-11-08,2024-11-18,2028-02-04,2028-02-14,,588 Days,,,,,,,,,,,,,,,,,,,,,,,,Banner Type,1,2028-02-04 22:00:00,2028-02-14 21:59:59,Narita Taishin (Mecha),Symboli Kris S Power,,Narita Taishin (Mecha),Symboli Kris S Power,,,,,,,,,,
,,,,,,,,,,,,,,,,,,,,,,,,,,,,,,,,,,,,,,,,,,,,,,,,,,,,,,,JP,,JP Datedif,1353,,,,,,,130,130,164,191,2028-02-04 22:00:00,,,,
,,,,,,,,,,,,,,,,,,,,,,,,,,,,,,,,,,,,,,,,,,,,,,,,,,,,,,,Start Date,End Date,Global Datedif,953,,,,,,,,,,,,,,,
,,,,,,,,,,,,,,,,,,,,,,,,,,,,,,,,,,,,,,,,,,,,,,,,,,,,,,,2024-11-08,2024-11-18,D-Day,588,,,,,,,,,,,,,,,
,,,,,,,,,,,,,,,,,,,,,,,,,,,,,,,,,,,,,,,,,,,,,0,2028-02-14 21:59:59,k3,,,,,,,,Pull Tickets,,Finals Day,597,,,,,,,,,,,,,,,
,,,,,,,,,,,,,,,,,,,,,,,,,,,,,,,,,,,,,,,,,,,,,0,Last Day,,,,,,,,,Uma,Support,Length,10,,,,,,,,,,,,,,,
,,,,,,,,,,,,,,,,,,,,,,,,,,,,,,,,,,,,,,,,,,,,,,,,,,,,,,,0,0,Dropdown,FALSE,,,,,,,,,,,,,,,
,,,,,,,,,,,,,,,,,,,,,,,,,,,,,,,Narita Taishin,,Symboli Kris S Power,,North Flight,,,,,,,,,,,,,,,,,,,,Limit Break Crystals,,,,,,,,,,,,,,,,,,
,,,,,,,,,,,,,,,,,,,,,,,,,,,,,,,(Mecha),,,,,,,,,,,,,,,,,,,,,,,,SSR,SR,,,,,,,,,,,,,,,,,
,,,,,,,,,,,,,,,,,,,,,,,,,,,,,,,,,,,,,,,,,,,,,,,,,,,,,,,,,,,,,,,,,,,,,,,,,
,,,,,,,,,,,,,,,,,,,,,,,,,,JP,,Global,,,,,,,,,,,,,,,,,80,2028-02-11 22:00:00,k1,0,2028-02-21 21:59:59,,,,,,Date Override,,Start Date,End Date,,,,,,,,,,,,,,,
,,,,,,,,,,,,,,,,,,,,,,,,,,Start Date,End Date,Start Date,End Date,,Releases In,,,,,,,,,,,,,,80,First Day,Hours,0,Throughout,,,,,,,,2028-02-11,2028-02-21,,,,,,,,,,,,,,,
,,,,,,,,,,,,,,,,,,,,,,,,,,2024-11-18,2024-11-28,2028-02-11,2028-02-21,,595 Days,,,,,,,,,,,,,,80,Uma Story Ch 1-4,,,,,,,,,Banner Type,2,2028-02-11 22:00:00,2028-02-21 21:59:59,Air Messiah,Vivlos + Cheval Grand + Mejiro Ramonu + Orfevre + Mejiro McQueen + Narita Taishin + Neo Universe + Satono Diamond + Ryoka Tsurugi + Yayoi Akikawa,,Air Messiah,Vivlos + Cheval Grand + Mejiro Ramonu + Orfevre + Mejiro McQueen + Narita Taishin + Neo Universe + Satono Diamond + Ryoka Tsurugi + Yayoi Akikawa,,,,,,,,,,
,,,,,,,,,,,,,,,,,,,,,,,,,,,,,,,,,,,,,,,,,,,,,,,,,,,,,,,JP,,JP Datedif,1363,,,,,,,130,130,164,191,2028-02-11 22:00:00,,,,
,,,,,,,,,,,,,,,,,,,,,,,,,,,,,,,,,,,,,,,,,,,,,,,,,,,,,,,Start Date,End Date,Global Datedif,960,,,,,,,,,,,,,,,
,,,,,,,,,,,,,,,,,,,,,,,,,,,,,,,,,,,,,,,,,,,,,,,,,,,,,,,2024-11-18,2024-11-28,D-Day,595,,,,,,,,,,,,,,,
,,,,,,,,,,,,,,,,,,,,,,,,,,,,,,,,,,,,,,,,,,,,,300,2028-02-21 21:59:59,k3,,,,,,,,Pull Tickets,,Finals Day,604,,,,,,,,,,,,,,,
,,,,,,,,,,,,,,,,,,,,,,,,,,,,,,,,,,,,,,,,,,,,,300,Last Day,,,,,,,,,Uma,Support,Length,10,,,,,,,,,,,,,,,
,,,,,,,,,,,,,,,,,,,,,,,,,,,,,,,,,,,,,,,,,,,,,150,Autumn G1 Celebration Missions Part 2 (Japan Cup),,,,,,,,,0,0,Dropdown,FALSE,,,,,,,,,,,,,,,
,,,,,,,,,,,,,,,,,,,,,,,,,,,,,,,Air Messiah,,Vivlos,Cheval Grand,Mejiro Ramonu,Orfevre,Mejiro McQueen,Narita Taishin,Neo Universe,Satono Diamond,Ryoka Tsurugi,Yayoi Akikawa,,,150,Autumn G1 Celebration Missions Part 2 (Champions Cup),,,,,,,,,Limit Break Crystals,,,,,,,,,,,,,,,,,,
,,,,,,,,,,,,,,,,,,,,,,,,,,,,,,,,,,,,,,,,,,,,,,,,,,,,,,,SSR,SR,,,,,,,,,,,,,,,,,
,,,,,,,,,,,,,,,,,,,,,,,,,,,,,,,,,,,,,,,,,,,,,,,,,,,,,,,,,,,,,,,,,,,,,,,,,
,,,,,,,,,,,,,,,,,,,,,,,,,,JP,,Global,,,,,,,,,,,,,,,,,,,,,,,,,,,Date Override,,Start Date,End Date,,,,,,,,,,,,,,,
,,,,,,,,,,,,,,,,,,,,,,,,,,Start Date,End Date,Start Date,End Date,,Starts In,,,,,,,,,,,,,,,,,,,,,,,,,,2028-02-14,2028-02-20,,,,,,,,,,,,,,,
,,,,,,,,,,,,,,,,,,,,,,,,,,2024-11-21,2024-11-27,2028-02-14,2028-02-20,,598 Days,,,,,,,,,,,,,,,,,,,,,,,,Banner Type,-1,2028-02-14 22:00:00,2028-02-20 21:59:59,,,,,,,,,,,,,,,
,,,,,,,,,,,,,,,,,,,,,,,,,,LoH #9,,,,,,,,,,,,,,,,,,,,,,,,,,,,,JP,,JP Datedif,1366,,,,,,,130,130,166,193,2028-02-14 22:00:00,,,9,2028-02-18 21:59:59
,,,,,,,,,,,,,,,,,,,,,,,,,,,,,,,,,,,,,,,,,,,,,,,,,,,,,,,Start Date,End Date,Global Datedif,963,,,,,,,,,,,,,,,
,,,,,,,,,,,,,,,,,,,,,,,,,,,,,,,,,,,,,,,,,,,,,,,,,,,,,,,2024-11-21,2024-11-27,D-Day,598,,,,,,,,,,,,,,,
,,,,,,,,,,,,,,,,,,,,,,,,,,2200m,Medium,,,,,,,,,,,,,,,,,,,,,,,,,,,,Pull Tickets,,Finals Day,603,,,,,,,,,,,,,,,
,,,,,,,,,,,,,,,,,,,,,,,,,,,,,,,,,,,,,,,,,,,,,,,,,,,,,,,Uma,Support,Length,6,,,,,,,,,,,,,,,
,,,,,,,,,,,,,,,,,,,,,,,,,,,,,,,,,,,,,,,,,,,,,,,,,,,,,,,,,Dropdown,FALSE,,,,,,,,,,,,,,,
,,,,,,,,,,,,,,,,,,,,,,,,,,,,,,,,,,,,,,,,,,,,,,,,,,,,,,,Limit Break Crystals,,,,,,,,,,,,,,,,,,
,,,,,,,,,,,,,,,,,,,,,,,,,,,,,,,,,,,,,,,,,,,,,,,,,,,,,,,SSR,SR,,,,,,,,,,,,,,,,,
,,,,,,,,,,,,,,,,,,,,,,,,,,,,,,,,,,,,,,,,,,,,,,,,,,,,,,,2,2,,,,,,,,,,,,,,,,,
,,,,,,,,,,,,,,,,,,,,,,,,,,JP,,Global,,,,,,,,,,,,,,,,,0,2028-02-18 22:00:00,k1,7910,2028-03-01 21:59:59,,,,,,Date Override,,Start Date,End Date,,,,,,,,,,,,,,,
,,,,,,,,,,,,,,,,,,,,,,,,,,Start Date,End Date,Start Date,End Date,,Releases In,,,,,,,,,,,,,,0,First Day,Hours,7910,Throughout,,,,,,,,2028-02-18,2028-03-01,,,,,,,,,,,,,,,
,,,,,,,,,,,,,,,,,,,,,,,,,,2024-11-28,2024-12-10,2028-02-18,2028-03-01,,602 Days,,,,,,,,,,,,,,,,,4500,Masters Challenge,,,,,,Banner Type,1,2028-02-18 22:00:00,2028-03-01 21:59:59,Narita Top Road (Christmas) + Admire Vega (Christmas),Agnes Digital + Meisho Doto,,Narita Top Road (Christmas) + Admire Vega (Christmas),Agnes Digital + Meisho Doto,,,,,,,,,,
,,,,,,,,,,,,,,,,,,,,,,,,,,,,,,,,,,,,,,,,,,,,,,,,2910,"Event Rewards (Story, Bingo, Event Pt)",,,,,,JP,,JP Datedif,1373,,,,,,,132,132,170,198,2028-02-18 22:00:00,,,,
,,,,,,,,,,,,,,,,,,,,,,,,,,,,,,,,,,,,,,,,,,,,,,,,,,,,,,,Start Date,End Date,Global Datedif,967,,,,,,,,,,,,,,,
,,,,,,,,,,,,,,,,,,,,,,,,,,,,,,,,,,,,,,,,,,,,,,,,,,,,,,,2024-11-28,2024-12-10,D-Day,602,,,,,,,,,,,,,,,
,,,,,,,,,,,,,,,,,,,,,,,,,,,,,,,,,,,,,,,,,,,,,300,2028-03-01 21:59:59,k3,250,Legend Race (Symboli Kris S),,,,,,Pull Tickets,,Finals Day,613,,,,,,,,,,,,,,,
,,,,,,,,,,,,,,,,,,,,,,,,,,,,,,,,,,,,,,,,,,,,,300,Last Day,,250,Legend Race (Daiwa Scarlet Christmas),,,,,,Uma,Support,Length,12,,,,,,,,,,,,,,,
,,,,,,,,,,,,,,,,,,,,,,,,,,,,,,,,,,,,,,,,,,,,,150,Autumn G1 Celebration Missions Part 3 (Hanshin Juvenile Fillies),,,,,,,,,2,2,Dropdown,FALSE,,,,,,,,,,,,,,,
,,,,,,,,,,,,,,,,,,,,,,,,,,,,,,,Narita Top Road,Admire Vega,Agnes Digital,Meisho Doto,,,,,,TM Opera O,,,,,150,Autumn G1 Celebration Missions Part 3 (Zen-Nippon Junior Yushun),,,,,,,,,Limit Break Crystals,,,,,,,,,,,,,,,,,,
,,,,,,,,,,,,,,,,,,,,,,,,,,,,,,,(Christmas),(Christmas),,,,,,,,,,,,,,,,,,,,,,,SSR,SR,,,,,,,,,,,,,,,,,
,,,,,,,,,,,,,,,,,,,,,,,,,,,,,,,,,,,,,,,,,,,,,,,,,,,,,,,4,5,,,,,,,,,,,,,,,,,
,,,,,,,,,,,,,,,,,,,,,,,,,,JP,,Global,,,,,,,,,,,,,,,,,580,2028-02-27 22:00:00,k1,1500,2028-03-07 21:59:59,,,,,,Date Override,,Start Date,End Date,,,,,,,,,,,,,,,
,,,,,,,,,,,,,,,,,,,,,,,,,,Start Date,End Date,Start Date,End Date,,Releases In,,,,,,,,,,,,,,580,First Day,Hours,1500,Throughout,,,,,,,,2028-02-27,2028-03-07,,,,,,,,,,,,,,,
,,,,,,,,,,,,,,,,,,,,,,,,,,2024-12-10,2024-12-19,2028-02-27,2028-03-07,,611 Days,,,,,,,,,,,,,,500,Christmas Login Gift,,1500,7th Aim for the Stars! Dream Team,,,,,,Banner Type,1,2028-02-27 22:00:00,2028-03-07 21:59:59,Win Variation,Blast Onepiece,,Win Variation,Blast Onepiece,,,,,,,,,,
,,,,,,,,,,,,,,,,,,,,,,,,,,,,,,,,,,,,,,,,,,,,,80,Uma Story Ch 1-4,,,,,,,,,JP,,JP Datedif,1385,,,,,,,134,134,172,200,2028-02-27 22:00:00,,,,
,,,,,,,,,,,,,,,,,,,,,,,,,,,,,,,,,,,,,,,,,,,,,,,,,,,,,,,Start Date,End Date,Global Datedif,976,,,,,,,,,,,,,,,
,,,,,,,,,,,,,,,,,,,,,,,,,,,,,,,,,,,,,,,,,,,,,,,,,,,,,,,2024-12-10,2024-12-19,D-Day,611,,,,,,,,,,,,,,,
,,,,,,,,,,,,,,,,,,,,,,,,,,,,,,,,,,,,,,,,,,,,,300,2028-03-07 21:59:59,k3,,,,,,,,Pull Tickets,,Finals Day,619,,,,,,,,,,,,,,,
,,,,,,,,,,,,,,,,,,,,,,,,,,,,,,,,,,,,,,,,,,,,,300,Last Day,,,,,,,,,Uma,Support,Length,9,,,,,,,,,,,,,,,
,,,,,,,,,,,,,,,,,,,,,,,,,,,,,,,,,,,,,,,,,,,,,150,Autumn G1 Celebration Missions Part 3 (Asahi Hai Futurity Stakes),,,,,,,,,2,2,Dropdown,FALSE,,,,,,,,,,,,,,,
,,,,,,,,,,,,,,,,,,,,,,,,,,,,,,,Win Variation,,Blast Onepiece,,Bubble Gum Fellow,,,,,,,,,,150,Autumn G1 Celebration Missions Part 3 (Arima Kinen),,,,,,,,,Limit Break Crystals,,,,,,,,,,,,,,,,,,
,,,,,,,,,,,,,,,,,,,,,,,,,,,,,,,,,,,,,,,,,,,,,,,,,,,,,,,SSR,SR,,,,,,,,,,,,,,,,,
,,,,,,,,,,,,,,,,,,,,,,,,,,,,,,,,,,,,,,,,,,,,,,,,,,,,,,,2,2,,,,,,,,,,,,,,,,,
,,,,,,,,,,,,,,,,,,,,,,,,,,JP,,Global,,,,,,,,,,,,,,,,,0,2028-03-04 22:00:00,k1,0,2028-03-12 21:59:59,,,,,,Date Override,,Start Date,End Date,,,,,,,,,,,,,,,
,,,,,,,,,,,,,,,,,,,,,,,,,,Start Date,End Date,Start Date,End Date,,Releases In,,,,,,,,,,,,,,0,First Day,Hours,0,Throughout,,,,,,,,2028-03-04,2028-03-12,,,,,,,,,,,,,,,
,,,,,,,,,,,,,,,,,,,,,,,,,,2024-12-19,2024-12-27,2028-03-04,2028-03-12,,617 Days,,,,,,,,,,,,,,,,,,,,,,,,Banner Type,2,2028-03-04 22:00:00,2028-03-12 21:59:59,Grass Wonder (New Year),Vivlos + Smart Falcon + Cheval Grand + Dantsu Flame + Sounds of Earth + Nishino Flower + Fine Motion + Orfevre + Narita Taishin + Yayoi Akikawa,,Grass Wonder (New Year),Vivlos + Smart Falcon + Cheval Grand + Dantsu Flame + Sounds of Earth + Nishino Flower + Fine Motion + Orfevre + Narita Taishin + Yayoi Akikawa,,,,,,,,,,
,,,,,,,,,,,,,,,,,,,,,,,,,,,,,,,,,,,,,,,,,,,,,,,,,,,,,,,JP,,JP Datedif,1394,,,,,,,134,134,172,200,2028-03-04 22:00:00,,,,
,,,,,,,,,,,,,,,,,,,,,,,,,,,,,,,,,,,,,,,,,,,,,,,,,,,,,,,Start Date,End Date,Global Datedif,982,,,,,,,,,,,,,,,
,,,,,,,,,,,,,,,,,,,,,,,,,,,,,,,,,,,,,,,,,,,,,,,,,,,,,,,2024-12-19,2024-12-27,D-Day,617,,,,,,,,,,,,,,,
,,,,,,,,,,,,,,,,,,,,,,,,,,,,,,,,,,,,,,,,,,,,,300,2028-03-12 21:59:59,k3,,,,,,,,Pull Tickets,,Finals Day,624,,,,,,,,,,,,,,,
,,,,,,,,,,,,,,,,,,,,,,,,,,,,,,,,,,,,,,,,,,,,,300,Last Day,,,,,,,,,Uma,Support,Length,8,,,,,,,,,,,,,,,
,,,,,,,,,,,,,,,,,,,,,,,,,,,,,,,,,,,,,,,,,,,,,150,Autumn G1 Celebration Missions Part 3 (Hopeful Stakes),,,,,,,,,0,0,Dropdown,FALSE,,,,,,,,,,,,,,,
,,,,,,,,,,,,,,,,,,,,,,,,,,,,,,,Grass Wonder,,Vivlos,Smart Falcon,Cheval Grand,Dantsu Flame,Sounds of Earth,Nishino Flower,Fine Motion,Orfevre,Narita Taishin,Yayoi Akikawa,,,150,Autumn G1 Celebration Missions Part 3 (Tokyo Daishoten),,,,,,,,,Limit Break Crystals,,,,,,,,,,,,,,,,,,
,,,,,,,,,,,,,,,,,,,,,,,,,,,,,,,(New Year),,,,,,,,,,,,,,,,,,,,,,,,SSR,SR,,,,,,,,,,,,,,,,,
,,,,,,,,,,,,,,,,,,,,,,,,,,,,,,,,,,,,,,,,,,,,,,,,,,,,,,,,,,,,,,,,,,,,,,,,,
,,,,,,,,,,,,,,,,,,,,,,,,,,,,,,,,,,,,,,,,,,,,,,,,,,,,,,,Date Override,,Start Date,End Date,,,,,,,,,,,,,,,
,,,,,,,,,,,,,,,,,,,,,,,,,,,,,,,,,,,,,,,,,,,,,,,,,,,,,,,,,2028-03-04,2028-03-10,,,,,,,,,,,,,,,
,,,,,,,,,,,,,,,,,,,,,,,,,,,,,,,,,,,,,,,,,,,,,,,,,,,,,,,Banner Type,-1,2028-03-04 22:00:00,2028-03-10 21:59:59,,,,,,,,,,,,,,,
,,,,,,,,,,,,,,,,,,,,,,,,,,,,,,,,,,,,,,,,,,,,,,,,,,,,,,,JP,,JP Datedif,1394,,,,,,,134,134,172,200,2028-03-04 22:00:00,20,2028-03-09 21:59:59,,
,,,,,,,,,,,,,,,,,,,,,,,,,,,,,,,,,,,,,,,,,,,,,,,,,,,,,,,Start Date,End Date,Global Datedif,982,,,,,,,,,,,,,,,
,,,,,,,,,,,,,,,,,,,,,,,,,,,,,,,,,,,,,,,,,,,,,,,,,,,,,,,2024-12-19,2024-12-25,D-Day,617,,,,,,,,,,,,,,,
,,,,,,,,,,,,,,,,,,,,,,,,,,,,,,,,,,,,,,,,,,,,,,,,,,,,,,,Pull Tickets,,Finals Day,622,,,,,,,,,,,,,,,
,,,,,,,,,,,,,,,,,,,,,,,,,,,,,,,,,,,,,,,,,,,,,,,,,,,,,,,Uma,Support,Length,6,,,,,,,,,,,,,,,
,,,,,,,,,,,,,,,,,,,,,,,,,,,,,,,,,,,,,,,,,,,,,,,,,,,,,,,,,Dropdown,FALSE,,,,,,,,,,,,,,,
,,,,,,,,,,,,,,,,,,,,,,,,,,,,,,,,,,,,,,,,,,,,,,,,,,,,,,,Limit Break Crystals,,,,,,,,,,,,,,,,,,
,,,,,,,,,,,,,,,,,,,,,,,,,,,,,,,,,,,,,,,,,,,,,,,,,,,,,,,SSR,SR,,,,,,,,,,,,,,,,,
,,,,,,,,,,,,,,,,,,,,,,,,,,,,,,,,,,,,,,,,,,,,,,,,,,,,,,,,,,,,,,,,,,,,,,,,,
,,,,,,,,,,,,,,,,,,,,,,,,,,JP,,Global,,,,Free Pulls,,,,,,,,,,,,,1500,2028-03-10 22:00:00,k1,6860,2028-03-24 21:59:59,,,,,,Date Override,,Start Date,End Date,,,,,,,,,,,,,,,
,,,,,,,,,,,,,,,,,,,,,,,,,,Start Date,End Date,Start Date,End Date,,Releases In,Uma,Support,,,,,,,,,,,,1500,First Day,Hours,6860,Throughout,,,,,,,,2028-03-10,2028-03-24,,,,,,,,,,,,,,,
,,,,,,,,,,,,,,,,,,,,,,,,,,2024-12-27,2025-01-10,2028-03-10,2028-03-24,,623 Days,5,100,,,,,,,,,,,,1500,New Year Login Gift,,2910,"Event Rewards (Story, Bingo, Event Pt)",,,,,,Banner Type,1,2028-03-10 22:00:00,2028-03-24 21:59:59,Katsuragi Ace (New Year) + Mr. C.B. (New Year),Symboli Rudolf + Mejiro Ardan,,Katsuragi Ace (New Year) + Mr. C.B. (New Year),Symboli Rudolf + Mejiro Ardan,,,,,,,,,,
,,,,,,,,,,,,,,,,,,,,,,,,,,,,,,,,,,,,,,,,,,,,,,,,,,,,,,,JP,,JP Datedif,1402,,,,,,,136,136,176,205,2028-03-10 22:00:00,,,,
,,,,,,,,,,,,,,,,,,,,,,,,,,,,,,,,,,,,,,,,,,,,,,,,750,New Year Countdown,,,,,,Start Date,End Date,Global Datedif,988,,,,,,,,,,,,,,,
,,,,,,,,,,,,,,,,,,,,,,,,,,,,,,,,,,,,,,,,,,,,,,,,2700,New Year Login Bonus,,,,,,2024-12-27,2025-01-10,D-Day,623,,,,,,,,,,,,,,,
,,,,,,,,,,,,,,,,,,,,,,,,,,,,,,,,,,,,,,,,,,,,,0,2028-03-24 21:59:59,k3,,,,,,,,Pull Tickets,,Finals Day,636,,,,,,,,,,,,,,,
,,,,,,,,,,,,,,,,,,,,,,,,,,,,,,,,,,,,,,,,,,,,,0,Last Day,,250,Legend Race (Matikanetanhauser),,,,,,Uma,Support,Length,14,,,,,,,,,,,,,,,
,,,,,,,,,,,,,,,,,,,,,,,,,,,,,,,,,,,,,,,,,,,,,,,,250,Legend Race (Tosen Jordan Summer Trip),,,,,,2,2,Dropdown,FALSE,,,,,,,,,,,,,,,
,,,,,,,,,,,,,,,,,,,,,,,,,,,,,,,Katsuragi Ace,Mr. C.B.,Symboli Rudolf,Mejiro Ardan,,,,,,Maruzensky,,,,,,,,,,,,,,,Limit Break Crystals,,,,,,,,,,,,,,,,,,
,,,,,,,,,,,,,,,,,,,,,,,,,,,,,,,(New Year),(New Year),100x Free Pulls,,,,,,,,,,,,,,,,,,,,,,SSR,SR,,,,,,,,,,,,,,,,,
,,,,,,,,,,,,,,,,,,,,,,,,,,,,,,,5x Free Pulls,,,,,,,,,,,,,,,,,,,,,,,,4,5,,,,,,,,,,,,,,,,,
,,,,,,,,,,,,,,,,,,,,,,,,,,JP,,Global,,,,Free Pulls,,,,,,,,,,,,,0,2028-03-20 22:00:00,k1,900,2028-03-30 21:59:59,,,,,,Date Override,,Start Date,End Date,,,,,,,,,,,,,,,
,,,,,,,,,,,,,,,,,,,,,,,,,,Start Date,End Date,Start Date,End Date,,Releases In,Uma,Support,,,,,,,,,,,,0,First Day,Hours,900,Throughout,,,,,,,,2028-03-20,2028-03-30,,,,,,,,,,,,,,,
,,,,,,,,,,,,,,,,,,,,,,,,,,2025-01-10,2025-01-20,2028-03-20,2028-03-30,,633 Days,5,,,,,,,,,,,,,,,,900,Agnes Tachyon Factor Study,,,,,,Banner Type,1,2028-03-20 22:00:00,2028-03-30 21:59:59,Maruzensky (New Year),Seeking the Pearl,,Maruzensky (New Year),Seeking the Pearl,,,,,,,,,,
,,,,,,,,,,,,,,,,,,,,,,,,,,,,,,,,,,,,,,,,,,,,,,,,,,,,,,,JP,,JP Datedif,1416,,,,,,,136,136,177,206,2028-03-20 22:00:00,,,,
,,,,,,,,,,,,,,,,,,,,,,,,,,,,,,,,,,,,,,,,,,,,,,,,,,,,,,,Start Date,End Date,Global Datedif,998,,,,,,,,,,,,,,,
,,,,,,,,,,,,,,,,,,,,,,,,,,,,,,,,,,,,,,,,,,,,,,,,,,,,,,,2025-01-10,2025-01-20,D-Day,633,,,,,,,,,,,,,,,
,,,,,,,,,,,,,,,,,,,,,,,,,,,,,,,,,,,,,,,,,,,,,0,2028-03-30 21:59:59,k3,,,,,,,,Pull Tickets,,Finals Day,642,,,,,,,,,,,,,,,
,,,,,,,,,,,,,,,,,,,,,,,,,,,,,,,,,,,,,,,,,,,,,0,Last Day,,,,,,,,,Uma,Support,Length,10,,,,,,,,,,,,,,,
,,,,,,,,,,,,,,,,,,,,,,,,,,,,,,,,,,,,,,,,,,,,,,,,,,,,,,,0,0,Dropdown,FALSE,,,,,,,,,,,,,,,
,,,,,,,,,,,,,,,,,,,,,,,,,,,,,,,Maruzensky,,Seeking the Pearl,,Mejiro Ramonu,,,,,,,,,,,,,,,,,,,,Limit Break Crystals,,,,,,,,,,,,,,,,,,
,,,,,,,,,,,,,,,,,,,,,,,,,,,,,,,(New Year),,,,,,,,,,,,,,,,,,,,,,,,SSR,SR,,,,,,,,,,,,,,,,,
,,,,,,,,,,,,,,,,,,,,,,,,,,,,,,,5x Free Pulls,,,,,,,,,,,,,,,,,,,,,,,,1,1,,,,,,,,,,,,,,,,,
,,,,,,,,,,,,,,,,,,,,,,,,,,JP,,Global,,,,,,,,,,,,,,,,,80,2028-03-27 22:00:00,k1,0,2028-04-07 21:59:59,,,,,,Date Override,,Start Date,End Date,,,,,,,,,,,,,,,
,,,,,,,,,,,,,,,,,,,,,,,,,,Start Date,End Date,Start Date,End Date,,Releases In,,,,,,,,,,,,,,80,First Day,Hours,0,Throughout,,,,,,,,2028-03-27,2028-04-07,,,,,,,,,,,,,,,
,,,,,,,,,,,,,,,,,,,,,,,,,,2025-01-20,2025-01-31,2028-03-27,2028-04-07,,640 Days,,,,,,,,,,,,,,80,Uma Story Ch 1-4,,,,,,,,,Banner Type,2,2028-03-27 22:00:00,2028-04-07 21:59:59,Furioso,Vivlos + Smart Falcon + Dantsu Flame + Nishino Flower + Mejiro Ramonu + Seiun Sky + Orfevre + Mejiro McQueen + Narita Taishin + Yayoi Akikawa,,Furioso,Vivlos + Smart Falcon + Dantsu Flame + Nishino Flower + Mejiro Ramonu + Seiun Sky + Orfevre + Mejiro McQueen + Narita Taishin + Yayoi Akikawa,,,,,,,,,,
,,,,,,,,,,,,,,,,,,,,,,,,,,,,,,,,,,,,,,,,,,,,,,,,,,,,,,,JP,,JP Datedif,1426,,,,,,,136,136,177,206,2028-03-27 22:00:00,,,,
,,,,,,,,,,,,,,,,,,,,,,,,,,,,,,,,,,,,,,,,,,,,,,,,,,,,,,,Start Date,End Date,Global Datedif,1005,,,,,,,,,,,,,,,
,,,,,,,,,,,,,,,,,,,,,,,,,,,,,,,,,,,,,,,,,,,,,,,,,,,,,,,2025-01-20,2025-01-31,D-Day,640,,,,,,,,,,,,,,,
,,,,,,,,,,,,,,,,,,,,,,,,,,,,,,,,,,,,,,,,,,,,,0,2028-04-07 21:59:59,k3,,,,,,,,Pull Tickets,,Finals Day,650,,,,,,,,,,,,,,,
,,,,,,,,,,,,,,,,,,,,,,,,,,,,,,,,,,,,,,,,,,,,,0,Last Day,,,,,,,,,Uma,Support,Length,11,,,,,,,,,,,,,,,
,,,,,,,,,,,,,,,,,,,,,,,,,,,,,,,,,,,,,,,,,,,,,,,,,,,,,,,0,0,Dropdown,FALSE,,,,,,,,,,,,,,,
,,,,,,,,,,,,,,,,,,,,,,,,,,,,,,,Furioso,,Vivlos,Smart Falcon,Dantsu Flame,Nishino Flower,Mejiro Ramonu,Seiun Sky,Orfevre,Mejiro McQueen,Narita Taishin,Yayoi Akikawa,,,,,,,,,,,,,Limit Break Crystals,,,,,,,,,,,,,,,,,,
,,,,,,,,,,,,,,,,,,,,,,,,,,,,,,,,,,,,,,,,,,,,,,,,,,,,,,,SSR,SR,,,,,,,,,,,,,,,,,
,,,,,,,,,,,,,,,,,,,,,,,,,,,,,,,,,,,,,,,,,,,,,,,,,,,,,,,,,,,,,,,,,,,,,,,,,
,,,,,,,,,,,,,,,,,,,,,,,,,,,,,,,,,,,,,,,,,,,,,,,,,,,,,,,Date Override,,Start Date,End Date,,,,,,,,,,,,,,,
,,,,,,,,,,,,,,,,,,,,,,,,,,,,,,,,,,,,,,,,,,,,,,,,,,,,,,,,,2028-03-29,2028-04-04,,,,,,,,,,,,,,,
,,,,,,,,,,,,,,,,,,,,,,,,,,,,,,,,,,,,,,,,,,,,,,,,,,,,,,,Banner Type,-1,2028-03-29 22:00:00,2028-04-04 21:59:59,,,,,,,,,,,,,,,
,,,,,,,,,,,,,,,,,,,,,,,,,,,,,,,,,,,,,,,,,,,,,,,,,,,,,,,JP,,JP Datedif,1430,,,,,,,136,136,177,206,2028-03-29 22:00:00,21,2028-04-03 21:59:59,,
,,,,,,,,,,,,,,,,,,,,,,,,,,,,,,,,,,,,,,,,,,,,,,,,,,,,,,,Start Date,End Date,Global Datedif,1007,,,,,,,,,,,,,,,
,,,,,,,,,,,,,,,,,,,,,,,,,,,,,,,,,,,,,,,,,,,,,,,,,,,,,,,2025-01-24,2025-01-30,D-Day,642,,,,,,,,,,,,,,,
,,,,,,,,,,,,,,,,,,,,,,,,,,,,,,,,,,,,,,,,,,,,,,,,,,,,,,,Pull Tickets,,Finals Day,647,,,,,,,,,,,,,,,
,,,,,,,,,,,,,,,,,,,,,,,,,,,,,,,,,,,,,,,,,,,,,,,,,,,,,,,Uma,Support,Length,6,,,,,,,,,,,,,,,
,,,,,,,,,,,,,,,,,,,,,,,,,,,,,,,,,,,,,,,,,,,,,,,,,,,,,,,,,Dropdown,FALSE,,,,,,,,,,,,,,,
,,,,,,,,,,,,,,,,,,,,,,,,,,,,,,,,,,,,,,,,,,,,,,,,,,,,,,,Limit Break Crystals,,,,,,,,,,,,,,,,,,
,,,,,,,,,,,,,,,,,,,,,,,,,,,,,,,,,,,,,,,,,,,,,,,,,,,,,,,SSR,SR,,,,,,,,,,,,,,,,,
,,,,,,,,,,,,,,,,,,,,,,,,,,,,,,,,,,,,,,,,,,,,,,,,,,,,,,,,,,,,,,,,,,,,,,,,,
,,,,,,,,,,,,,,,,,,,,,,,,,,JP,,Global,,,,,,,,,,,,,,,,,0,2028-04-03 22:00:00,k1,3410,2028-04-17 21:59:59,,,,,,Date Override,,Start Date,End Date,,,,,,,,,,,,,,,
,,,,,,,,,,,,,,,,,,,,,,,,,,Start Date,End Date,Start Date,End Date,,Releases In,,,,,,,,,,,,,,0,First Day,Hours,3410,Throughout,,,,,,,,2028-04-03,2028-04-17,,,,,,,,,,,,,,,
,,,,,,,,,,,,,,,,,,,,,,,,,,2025-01-31,2025-02-14,2028-04-03,2028-04-17,,647 Days,,,,,,,,,,,,,,,,,2910,"Event Rewards (Story, Bingo, Event Pt)",,,,,,Banner Type,1,2028-04-03 22:00:00,2028-04-17 21:59:59,Yamanin Zephyr (Valentine) + Aston Machan (Valentine),Curren Chan + Ikuno Dictus,,Yamanin Zephyr (Valentine) + Aston Machan (Valentine),Curren Chan + Ikuno Dictus,,,,,,,,,,
,,,,,,,,,,,,,,,,,,,,,,,,,,,,,,,,,,,,,,,,,,,,,,,,,,,,,,,JP,,JP Datedif,1437,,,,,,,138,138,181,211,2028-04-03 22:00:00,,,,
,,,,,,,,,,,,,,,,,,,,,,,,,,,,,,,,,,,,,,,,,,,,,,,,250,Legend Race (Marvelous Sunday),,,,,,Start Date,End Date,Global Datedif,1012,,,,,,,,,,,,,,,
,,,,,,,,,,,,,,,,,,,,,,,,,,,,,,,,,,,,,,,,,,,,,,,,250,Legend Race (Air Groove Wedding),,,,,,2025-01-31,2025-02-14,D-Day,647,,,,,,,,,,,,,,,
,,,,,,,,,,,,,,,,,,,,,,,,,,,,,,,,,,,,,,,,,,,,,0,2028-04-17 21:59:59,k3,,,,,,,,Pull Tickets,,Finals Day,660,,,,,,,,,,,,,,,
,,,,,,,,,,,,,,,,,,,,,,,,,,,,,,,,,,,,,,,,,,,,,0,Last Day,,,,,,,,,Uma,Support,Length,14,,,,,,,,,,,,,,,
,,,,,,,,,,,,,,,,,,,,,,,,,,,,,,,,,,,,,,,,,,,,,,,,,,,,,,,2,2,Dropdown,FALSE,,,,,,,,,,,,,,,
,,,,,,,,,,,,,,,,,,,,,,,,,,,,,,,Yamanin Zephyr,Aston Machan,Curren Chan,Ikuno Dictus,,,,,,Nice Nature,,,,,,,,,,,,,,,Limit Break Crystals,,,,,,,,,,,,,,,,,,
,,,,,,,,,,,,,,,,,,,,,,,,,,,,,,,(Valentine),(Valentine),,,,,,,,,,,,,,,,,,,,,,,SSR,SR,,,,,,,,,,,,,,,,,
,,,,,,,,,,,,,,,,,,,,,,,,,,,,,,,,,,,,,,,,,,,,,,,,,,,,,,,4,5,,,,,,,,,,,,,,,,,
,,,,,,,,,,,,,,,,,,,,,,,,,,JP,,Global,,,,Free Pulls,,,,,,,,,,,,,80,2028-04-13 22:00:00,k1,1500,2028-04-23 21:59:59,,,,,,Date Override,,Start Date,End Date,,,,,,,,,,,,,,,
,,,,,,,,,,,,,,,,,,,,,,,,,,Start Date,End Date,Start Date,End Date,,Releases In,Uma,Support,,,,,,,,,,,,80,First Day,Hours,1500,Throughout,,,,,,,,2028-04-13,2028-04-23,,,,,,,,,,,,,,,
,,,,,,,,,,,,,,,,,,,,,,,,,,2025-02-14,2025-02-24,2028-04-13,2028-04-23,,657 Days,5,6,,,,,,,,,,,,80,Uma Story Ch 1-4,,1500,4th Anniversary Countdown,,,,,,Banner Type,2,2028-04-13 22:00:00,2028-04-23 21:59:59,Tsurumaru Tsuyoshi,Smart Falcon + Still in Love + Nishino Flower + Seiun Sky + K.S.Miracle + Fine Motion + Gold City + Vodka + Mejiro McQueen + Taiki Shuttle,,Tsurumaru Tsuyoshi,Smart Falcon + Still in Love + Nishino Flower + Seiun Sky + K.S.Miracle + Fine Motion + Gold City + Vodka + Mejiro McQueen + Taiki Shuttle,,,,,,,,,,
,,,,,,,,,,,,,,,,,,,,,,,,,,,,,,,,,,,,,,,,,,,,,,,,,,,,,,,JP,,JP Datedif,1451,,,,,,,141,141,181,211,2028-04-13 22:00:00,,,,
,,,,,,,,,,,,,,,,,,,,,,,,,,,,,,,,,,,,,,,,,,,,,,,,,,,,,,,Start Date,End Date,Global Datedif,1022,,,,,,,,,,,,,,,
,,,,,,,,,,,,,,,,,,,,,,,,,,,,,,,,,,,,,,,,,,,,,,,,,,,,,,,2025-02-14,2025-02-24,D-Day,657,,,,,,,,,,,,,,,
,,,,,,,,,,,,,,,,,,,,,,,,,,,,,,,,,,,,,,,,,,,,,650,2028-04-23 21:59:59,k3,,,,,,,,Pull Tickets,,Finals Day,666,,,,,,,,,,,,,,,
,,,,,,,,,,,,,,,,,,,,,,,,,,,,,,,,,,,,,,,,,,,,,650,Last Day,,,,,,,,,Uma,Support,Length,10,,,,,,,,,,,,,,,
,,,,,,,,,,,,,,,,,,,,,,,,,,,,,,,,,,,,,,,,,,,,,500,4th Anniversary Celebration Missions Part 1,,,,,,,,,3,3,Dropdown,FALSE,,,,,,,,,,,,,,,
,,,,,,,,,,,,,,,,,,,,,,,,,,,,,,,Tsurumaru Tsuyoshi,,Smart Falcon,Still in Love,Nishino Flower,Seiun Sky,K.S.Miracle,Fine Motion,Gold City,Vodka,Mejiro McQueen,Taiki Shuttle,,,150,G1 Celebration Missions (February Stakes),,,,,,,,,Limit Break Crystals,,,,,,,,,,,,,,,,,,
,,,,,,,,,,,,,,,,,,,,,,,,,,,,,,,5x Free Pulls,,6x Free Pulls,,,,,,,,,,,,,,,,,,,,,,SSR,SR,,,,,,,,,,,,,,,,,
,,,,,,,,,,,,,,,,,,,,,,,,,,,,,,,,,,,,,,,,,,,,,,,,,,,,,,,,,,,,,,,,,,,,,,,,,
,,,,,,,,,,,,,,,,,,,,,,,,,,JP,,Global,,,,,,,,,,,,,,,,,,,,,,,,,,,Date Override,,Start Date,End Date,,,,,,,,,,,,,,,
,,,,,,,,,,,,,,,,,,,,,,,,,,Start Date,End Date,Start Date,End Date,,Starts In,,,,,,,,,,,,,,,,,,,,,,,,,,2028-04-14,2028-04-23,,,,,,,,,,,,,,,
,,,,,,,,,,,,,,,,,,,,,,,,,,2025-02-16,2025-02-25,2028-04-14,2028-04-23,,658 Days,,,,,,,,,,,,,,,,,,,,,,,,Banner Type,-1,2028-04-14 22:00:00,2028-04-23 21:59:59,,,,,,,,,,,,,,,
,,,,,,,,,,,,,,,,,,,,,,,,,,LoH #10,,,,,,,,,,,,,,,,,,,,,,,,,,,,,JP,,JP Datedif,1453,,,,,,,141,141,183,213,2028-04-14 22:00:00,,,10,2028-04-21 21:59:59
,,,,,,,,,,,,,,,,,,,,,,,,,,,,,,,,,,,,,,,,,,,,,,,,,,,,,,,Start Date,End Date,Global Datedif,1023,,,,,,,,,,,,,,,
,,,,,,,,,,,,,,,,,,,,,,,,,,Nakayama,Turf,,,,,,,,,,,,,,,,,,,,,,,,,,,,2025-02-16,2025-02-25,D-Day,658,,,,,,,,,,,,,,,
,,,,,,,,,,,,,,,,,,,,,,,,,,1200m,Sprint,Right-Handed,,,,,,,,,,,,,,,,,,,,,,,,,,,Pull Tickets,,Finals Day,666,,,,,,,,,,,,,,,
,,,,,,,,,,,,,,,,,,,,,,,,,,,,,,,,,,,,,,,,,,,,,,,,,,,,,,,Uma,Support,Length,9,,,,,,,,,,,,,,,
,,,,,,,,,,,,,,,,,,,,,,,,,,,,,,,,,,,,,,,,,,,,,,,,,,,,,,,,,Dropdown,FALSE,,,,,,,,,,,,,,,
,,,,,,,,,,,,,,,,,,,,,,,,,,,,,,,,,,,,,,,,,,,,,,,,,,,,,,,Limit Break Crystals,,,,,,,,,,,,,,,,,,
,,,,,,,,,,,,,,,,,,,,,,,,,,,,,,,,,,,,,,,,,,,,,,,,,,,,,,,SSR,SR,,,,,,,,,,,,,,,,,
,,,,,,,,,,,,,,,,,,,,,,,,,,,,,,,,,,,,The Twinkle Legends,,,,,,,,,,,,,,,,,,,2,2,,,,,,,,,,,,,,,,,
,,,,,,,,,,,,,,,,,,,,,,,,,,JP,,Global,,,,Free Pulls,,,,,,,,,,,,,3080,2028-04-20 22:00:00,k1,5050,2028-05-15 21:59:59,,,,,,Date Override,,Start Date,End Date,,,,,,,,,,,,,,,
,,,,,,,,,,,,,,,,,,,,,,,,,,Start Date,End Date,Start Date,End Date,,Releases In,Uma,Support,,,4th Anniversary: April 2028,,,,,,,,,3080,First Day,Hours,5050,Throughout,,,,,,,,2028-04-20,2028-05-15,,,,,,,,,,,,,,,
,,,,,,,,,,,,,,,,,,,,,,,,,,2025-02-24,2025-03-21,2028-04-20,2028-05-15,,664 Days,0,120,,,,,,,,,,,,80,Uma Story Ch 1-4,,3000,4th Anniversary Login Bonus,,,,,,Banner Type,1,2028-04-20 22:00:00,2028-05-15 21:59:59,Orfevre,Almond Eye + Embodiment of Legends,4th Anniversary,Orfevre,Almond Eye + Embodiment of Legends,4th Anniversary,,,,,,,,,
,,,,,,,,,,,,,,,,,,,,,,,,,,,,,,,,,,,,,,,,,,,,,3000,4th Anniversary Login Gift,,,,,,,,,JP,,JP Datedif,1461,,,,,,,146,146,190,221,2028-04-20 22:00:00,,,,
,,,,,,,,,,,,,,,,,,,,,,,,,,,,,,,,,,,,,,,,,,,,,,,,1550,Trainer Skill Test,,,,,,Start Date,End Date,Global Datedif,1029,,,,,,,,,,,,,,,
,,,,,,,,,,,,,,,,,,,,,,,,,,,,,,,,,,,,,,,,,,,,,,,,,,,,,,,2025-02-24,2025-03-21,D-Day,664,,,,,,,,,,,,,,,
,,,,,,,,,,,,,,,,,,,,,,,,,,,,,,,,,,,,,,,,,,,,,500,2028-05-15 21:59:59,k3,,,,,,,,Pull Tickets,,Finals Day,688,,,,,,,,,,,,,,,
,,,,,,,,,,,,,,,,,,,,,,,,,,,,,,,,,,,,,,,,,,,,,500,Last Day,,,,,,,,,Uma,Support,Length,25,,,,,,,,,,,,,,,
,,,,,,,,,,,,,,,,,,,,,,,,,,,,,,,,,,,,,,,,,,,,,500,4th Anniversary Celebration Missions Part 2,,,,,,,,,5,5,Dropdown,FALSE,,,,,,,,,,,,,,,
,,,,,,,,,,,,,,,,,,,,,,,,,,,,,,,Orfevre,,Almond Eye,Embodiment of Legends,,Mejiro McQueen,Lucky Lilac,3* Uma Selector,SSR Selector,Gran Alegria,,,,,,,,,,,,,,,Limit Break Crystals,,,,,,,,,,,,,,,,,,
,,,,,,,,,,,,,,,,,,,,,,,,,,,,,,,,,120x Free Pulls,,,,,"1 Paid ($21),&($70)","1 Paid ($21),&($70)",,,,,,,,,250,Legend Race (Nishino Flower Wedding),,,,,,SSR,SR,,,,,,,,,,,,,,,,,
,,,,,,,,,,,,,,,,,,,,,,,,,,,,,,,,,,,,,,Up to Valentine,Up to Curren Chan/Ikuno Dictus,,,,,,,,,250,Legend Race (Yukino Bijin),,,,,,7,8,,,,,,,,,,,,,,,,,
,,,,,,,,,,,,,,,,,,,,,,,,,,JP,,Global,,,,Free Pulls,,,,,,,,,,,,,80,2028-05-01 22:00:00,k1,3150,2028-05-11 21:59:59,,,,,,Date Override,,Start Date,End Date,,,,,,,,,,,,,,,
,,,,,,,,,,,,,,,,,,,,,,,,,,Start Date,End Date,Start Date,End Date,,Releases In,Uma,Support,,,,,,,,,,,,80,First Day,Hours,3150,Throughout,,,,,,,,2028-05-01,2028-05-11,,,,,,,,,,,,,,,
,,,,,,,,,,,,,,,,,,,,,,,,,,2025-03-11,2025-03-21,2028-05-01,2028-05-11,,675 Days,11,0,,,,,,,,,,,,80,Uma Story Ch 1-4,,900,Agnes Tachyon Factor Study,,,,,,Banner Type,1,2028-05-01 22:00:00,2028-05-11 21:59:59,Gran Alegria,Mejiro Bright,,Gran Alegria,Mejiro Bright,,,,,,,,,,
,,,,,,,,,,,,,,,,,,,,,,,,,,,,,,,,,,,,,,,,,,,,,,,,,,,,,,,JP,,JP Datedif,1476,,,,,,,147,147,191,223,2028-05-01 22:00:00,,,,
,,,,,,,,,,,,,,,,,,,,,,,,,,,,,,,,,,,,,,,,,,,,,,,,2250,4th Anniversary Login Bonus,,,,,,Start Date,End Date,Global Datedif,1040,,,,,,,,,,,,,,,
,,,,,,,,,,,,,,,,,,,,,,,,,,,,,,,,,,,,,,,,,,,,,,,,,,,,,,,2025-03-11,2025-03-21,D-Day,675,,,,,,,,,,,,,,,
,,,,,,,,,,,,,,,,,,,,,,,,,,,,,,,,,,,,,,,,,,,,,500,2028-05-11 21:59:59,k3,,,,,,,,Pull Tickets,,Finals Day,684,,,,,,,,,,,,,,,
,,,,,,,,,,,,,,,,,,,,,,,,,,,,,,,,,,,,,,,,,,,,,500,Last Day,,,,,,,,,Uma,Support,Length,10,,,,,,,,,,,,,,,
,,,,,,,,,,,,,,,,,,,,,,,,,,,,,,,,,,,,,,,,,,,,,500,4th Anniversary Celebration Missions Part 3,,,,,,,,,1,1,Dropdown,FALSE,,,,,,,,,,,,,,,
,,,,,,,,,,,,,,,,,,,,,,,,,,,,,,,Gran Alegria,,Mejiro Bright,,Rice Shower,,,,Free SSR Selector,,,,,,,,,,,,,,,,Limit Break Crystals,,,,,,,,,,,,,,,,,,
,,,,,,,,,,,,,,,,,,,,,,,,,,,,,,,11x Free Pulls,,,,,,,,Up to Curren Chan/Ikuno Dictus,,,,,,,,,,,,,,,,SSR,SR,,,,,,,,,,,,,,,,,
,,,,,,,,,,,,,,,,,,,,,,,,,,,,,,,,,,,,,,,,,,,,,,,,,,,,,,,1,2,,,,,,,,,,,,,,,,,
,,,,,,,,,,,,,,,,,,,,,,,,,,JP,,Global,,,,Free Pulls,,,,,,,,,,,,,80,2028-05-08 22:00:00,k1,0,2028-05-18 21:59:59,,,,,,Date Override,,Start Date,End Date,,,,,,,,,,,,,,,
,,,,,,,,,,,,,,,,,,,,,,,,,,Start Date,End Date,Start Date,End Date,,Releases In,Uma,Support,,,,,,,,,,,,80,First Day,Hours,0,Throughout,,,,,,,,2028-05-08,2028-05-18,,,,,,,,,,,,,,,
,,,,,,,,,,,,,,,,,,,,,,,,,,2025-03-21,2025-03-31,2028-05-08,2028-05-18,,682 Days,0,11,,,,,,,,,,,,80,Uma Story Ch 1-4,,,,,,,,,Banner Type,2,2028-05-08 22:00:00,2028-05-18 21:59:59,No Reason,Smart Falcon + Still in Love + Narita Brian + Air Shakur + Nishino Flower + Mejiro Ardan + Symboli Kris S + Fuji Kiseki + Narita Taishin + Daiwa Scarlet,,No Reason,Smart Falcon + Still in Love + Narita Brian + Air Shakur + Nishino Flower + Mejiro Ardan + Symboli Kris S + Fuji Kiseki + Narita Taishin + Daiwa Scarlet,,,,,,,,,,
,,,,,,,,,,,,,,,,,,,,,,,,,,,,,,,,,,,,,,,,,,,,,,,,,,,,,,,JP,,JP Datedif,1486,,,,,,,147,147,193,225,2028-05-08 22:00:00,,,,
,,,,,,,,,,,,,,,,,,,,,,,,,,,,,,,,,,,,,,,,,,,,,,,,,,,,,,,Start Date,End Date,Global Datedif,1047,,,,,,,,,,,,,,,
,,,,,,,,,,,,,,,,,,,,,,,,,,,,,,,,,,,,,,,,,,,,,,,,,,,,,,,2025-03-21,2025-03-31,D-Day,682,,,,,,,,,,,,,,,
,,,,,,,,,,,,,,,,,,,,,,,,,,,,,,,,,,,,,,,,,,,,,150,2028-05-18 21:59:59,k3,,,,,,,,Pull Tickets,,Finals Day,691,,,,,,,,,,,,,,,
,,,,,,,,,,,,,,,,,,,,,,,,,,,,,,,,,,,,,,,,,,,,,150,Last Day,,,,,,,,,Uma,Support,Length,10,,,,,,,,,,,,,,,
,,,,,,,,,,,,,,,,,,,,,,,,,,,,,,,,,,,,,,,,,,,,,150,Spring G1 Celebration Missions Part 1 (Takamatsunomiya Kinen),,,,,,,,,0,0,Dropdown,FALSE,,,,,,,,,,,,,,,
,,,,,,,,,,,,,,,,,,,,,,,,,,,,,,,No Reason,,Smart Falcon,Still in Love,Narita Brian,Air Shakur,Nishino Flower,Mejiro Ardan,Symboli Kris S,Fuji Kiseki,Narita Taishin,Daiwa Scarlet,,,,,,,,,,,,,Limit Break Crystals,,,,,,,,,,,,,,,,,,
,,,,,,,,,,,,,,,,,,,,,,,,,,,,,,,,,11x Free Pulls,,,,,,,,,,,,,,,,,,,,,,SSR,SR,,,,,,,,,,,,,,,,,
,,,,,,,,,,,,,,,,,,,,,,,,,,,,,,,,,,,,,,,,,,,,,,,,,,,,,,,2,2,,,,,,,,,,,,,,,,,
,,,,,,,,,,,,,,,,,,,,,,,,,,,,,,,,,,,,,,,,,,,,,,,,,,,,,,,Date Override,,Start Date,End Date,,,,,,,,,,,,,,,
,,,,,,,,,,,,,,,,,,,,,,,,,,,,,,,,,,,,,,,,,,,,,,,,,,,,,,,,,2028-05-10,2028-05-16,,,,,,,,,,,,,,,
,,,,,,,,,,,,,,,,,,,,,,,,,,,,,,,,,,,,,,,,,,,,,,,,,,,,,,,Banner Type,-1,2028-05-10 22:00:00,2028-05-16 21:59:59,,,,,,,,,,,,,,,
,,,,,,,,,,,,,,,,,,,,,,,,,,,,,,,,,,,,,,,,,,,,,,,,,,,,,,,JP,,JP Datedif,1490,,,,,,,147,147,193,225,2028-05-10 22:00:00,22,2028-05-15 21:59:59,,
,,,,,,,,,,,,,,,,,,,,,,,,,,,,,,,,,,,,,,,,,,,,,,,,,,,,,,,Start Date,End Date,Global Datedif,1049,,,,,,,,,,,,,,,
,,,,,,,,,,,,,,,,,,,,,,,,,,,,,,,,,,,,,,,,,,,,,,,,,,,,,,,2025-03-25,2025-03-31,D-Day,684,,,,,,,,,,,,,,,
,,,,,,,,,,,,,,,,,,,,,,,,,,,,,,,,,,,,,,,,,,,,,,,,,,,,,,,Pull Tickets,,Finals Day,689,,,,,,,,,,,,,,,
,,,,,,,,,,,,,,,,,,,,,,,,,,,,,,,,,,,,,,,,,,,,,,,,,,,,,,,Uma,Support,Length,6,,,,,,,,,,,,,,,
,,,,,,,,,,,,,,,,,,,,,,,,,,,,,,,,,,,,,,,,,,,,,,,,,,,,,,,,,Dropdown,FALSE,,,,,,,,,,,,,,,
,,,,,,,,,,,,,,,,,,,,,,,,,,,,,,,,,,,,,,,,,,,,,,,,,,,,,,,Limit Break Crystals,,,,,,,,,,,,,,,,,,
,,,,,,,,,,,,,,,,,,,,,,,,,,,,,,,,,,,,,,,,,,,,,,,,,,,,,,,SSR,SR,,,,,,,,,,,,,,,,,
,,,,,,,,,,,,,,,,,,,,,,,,,,,,,,,,,,,,,,,,,,,,,,,,,,,,,,,,,,,,,,,,,,,,,,,,,
,,,,,,,,,,,,,,,,,,,,,,,,,,JP,,Global,,,,,,,,,,,,,,,,,500,2028-05-15 22:00:00,k1,7910,2028-05-25 21:59:59,,,,,,Date Override,,Start Date,End Date,,,,,,,,,,,,,,,
,,,,,,,,,,,,,,,,,,,,,,,,,,Start Date,End Date,Start Date,End Date,,Releases In,,,,,,,,,,,,,,500,First Day,Hours,7910,Throughout,,,,,,,,2028-05-15,2028-05-25,,,,,,,,,,,,,,,
,,,,,,,,,,,,,,,,,,,,,,,,,,2025-03-31,2025-04-10,2028-05-15,2028-05-25,,689 Days,,,,,,,,,,,,,,500,April Fools!!,,2910,"Event Rewards (Story, Bingo, Event Pt)",,,,,,Banner Type,1,2028-05-15 22:00:00,2028-05-25 21:59:59,Tap Dance City (Ballroom) + Tanino Gimlet (Ballroom),Vodka + Dream Journey,,Tap Dance City (Ballroom) + Tanino Gimlet (Ballroom),Vodka + Dream Journey,,,,,,,,,,
,,,,,,,,,,,,,,,,,,,,,,,,,,,,,,,,,,,,,,,,,,,,,,,,,,,,,,,JP,,JP Datedif,1496,,,,,,,149,149,197,230,2028-05-15 22:00:00,,,,
,,,,,,,,,,,,,,,,,,,,,,,,,,,,,,,,,,,,,,,,,,,,,,,,250,Legend Race (Agnes Tachyon Summer),,,,,,Start Date,End Date,Global Datedif,1054,,,,,,,,,,,,,,,
,,,,,,,,,,,,,,,,,,,,,,,,,,,,,,,,,,,,,,,,,,,,,,,,250,Legend Race (Neo Universe),,,,,,2025-03-31,2025-04-10,D-Day,689,,,,,,,,,,,,,,,
,,,,,,,,,,,,,,,,,,,,,,,,,,,,,,,,,,,,,,,,,,,,,450,2028-05-25 21:59:59,k3,,,,,,,,Pull Tickets,,Finals Day,698,,,,,,,,,,,,,,,
,,,,,,,,,,,,,,,,,,,,,,,,,,,,,,,,,,,,,,,,,,,,,450,Last Day,,4500,Masters Challenge,,,,,,Uma,Support,Length,10,,,,,,,,,,,,,,,
,,,,,,,,,,,,,,,,,,,,,,,,,,,,,,,,,,,,,,,,,,,,,150,Spring G1 Celebration Missions Part 1 (Osaka Hai),,,,,,,,,2,2,Dropdown,FALSE,,,,,,,,,,,,,,,
,,,,,,,,,,,,,,,,,,,,,,,,,,,,,,,Tap Dance City,Tanino Gimlet,Vodka,Dream Journey,,,,,,Symboli Kris S,,,,,150,Spring G1 Celebration Missions Part 1 (Kawasaki Kinen),,,,,,,,,Limit Break Crystals,,,,,,,,,,,,,,,,,,
,,,,,,,,,,,,,,,,,,,,,,,,,,,,,,,(Ballroom),(Ballroom),,,,,,,,,,,,,150,Spring G1 Celebration Missions Part 1 (Oka Sho),,,,,,,,,SSR,SR,,,,,,,,,,,,,,,,,
,,,,,,,,,,,,,,,,,,,,,,,,,,,,,,,,,,,,,,,,,,,,,,,,,,,,,,,4,5,,,,,,,,,,,,,,,,,
,,,,,,,,,,,,,,,,,,,,,,,,,,JP,,Global,,,,,,,,,,,,,,,,,0,2028-05-22 22:00:00,k1,0,2028-06-02 21:59:59,,,,,,Date Override,,Start Date,End Date,,,,,,,,,,,,,,,
,,,,,,,,,,,,,,,,,,,,,,,,,,Start Date,End Date,Start Date,End Date,,Releases In,,,,,,,,,,,,,,0,First Day,Hours,0,Throughout,,,,,,,,2028-05-22,2028-06-02,,,,,,,,,,,,,,,
,,,,,,,,,,,,,,,,,,,,,,,,,,2025-04-10,2025-04-21,2028-05-22,2028-06-02,,696 Days,,,,,,,,,,,,,,,,,,,,,,,,Banner Type,1,2028-05-22 22:00:00,2028-06-02 21:59:59,Sirius Symboli (The Twinkle Legends),Daring Tact,,Sirius Symboli (The Twinkle Legends),Daring Tact,,,,,,,,,,
,,,,,,,,,,,,,,,,,,,,,,,,,,,,,,,,,,,,,,,,,,,,,,,,,,,,,,,JP,,JP Datedif,1506,,,,,,,149,149,197,230,2028-05-22 22:00:00,,,,
,,,,,,,,,,,,,,,,,,,,,,,,,,,,,,,,,,,,,,,,,,,,,,,,,,,,,,,Start Date,End Date,Global Datedif,1061,,,,,,,,,,,,,,,
,,,,,,,,,,,,,,,,,,,,,,,,,,,,,,,,,,,,,,,,,,,,,,,,,,,,,,,2025-04-10,2025-04-21,D-Day,696,,,,,,,,,,,,,,,
,,,,,,,,,,,,,,,,,,,,,,,,,,,,,,,,,,,,,,,,,,,,,150,2028-06-02 21:59:59,k3,,,,,,,,Pull Tickets,,Finals Day,706,,,,,,,,,,,,,,,
,,,,,,,,,,,,,,,,,,,,,,,,,,,,,,,,,,,,,,,,,,,,,150,Last Day,,,,,,,,,Uma,Support,Length,11,,,,,,,,,,,,,,,
,,,,,,,,,,,,,,,,,,,,,,,,,,,,,,,,,,,,,,,,,,,,,150,Spring G1 Celebration Missions Part 1 (Satsuki Sho),,,,,,,,,0,0,Dropdown,FALSE,,,,,,,,,,,,,,,
,,,,,,,,,,,,,,,,,,,,,,,,,,,,,,,Sirius Symboli,,Daring Tact,,Daring Heart,,,,,,,,,,,,,,,,,,,,Limit Break Crystals,,,,,,,,,,,,,,,,,,
,,,,,,,,,,,,,,,,,,,,,,,,,,,,,,,(The Twinkle Legends),,,,,,,,,,,,,,,,,,,,,,,,SSR,SR,,,,,,,,,,,,,,,,,
,,,,,,,,,,,,,,,,,,,,,,,,,,,,,,,,,,,,,,,,,,,,,,,,,,,,,,,,,,,,,,,,,,,,,,,,,
,,,,,,,,,,,,,,,,,,,,,,,,,,JP,,Global,,,,,,,,,,,,,,,,,0,2028-05-22 22:00:00,k1,0,2028-05-29 21:59:59,,,,,,Date Override,,Start Date,End Date,,,,,,,,,,,,,,,
,,,,,,,,,,,,,,,,,,,,,,,,,,Start Date,End Date,Start Date,End Date,,Releases In,,,,,,,,,,,,,,0,First Day,Hours,0,Throughout,,,,,,,,2028-05-22,2028-05-29,,,,,,,,,,,,,,,
,,,,,,,,,,,,,,,,,,,,,,,,,,2025-04-10,2025-04-17,2028-05-22,2028-05-29,,696 Days,,,,,,,,,,,,,,,,,,,,,,,,Banner Type,-2,2028-05-22 22:00:00,2028-05-29 21:59:59,,,,,,,,,,,,,,,
,,,,,,,,,,,,,,,,,,,,,,,,,,,,,,,,,,,,,,,,,,,,,,,,,,,,,,,JP,,JP Datedif,1506,,,,,,,149,149,197,230,2028-05-22 22:00:00,,,,
,,,,,,,,,,,,,,,,,,,,,,,,,,,,,,,,,,,,,,,,,,,,,,,,,,,,,,,Start Date,End Date,Global Datedif,1061,,,,,,,,,,,,,,,
,,,,,,,,,,,,,,,,,,,,,,,,,,,,,,,,,,,,,,,,,,,,,,,,,,,,,,,2025-04-10,2025-04-17,D-Day,696,,,,,,,,,,,,,,,
,,,,,,,,,,,,,,,,,,,,,,,,,,,,,,,,,,,,,,,,,,,,,0,2028-05-29 21:59:59,k3,,,,,,,,Pull Tickets,,Finals Day,702,,,,,,,,,,,,,,,
,,,,,,,,,,,,,,,,,,,,,,,,,,,,,,,,,,,,,,,,,,,,,0,Last Day,,,,,,,,,Uma,Support,Length,7,,,,,,,,,,,,,,,
,,,,,,,,,,,,,,,,,,,,,,,,,,,,,,,,,,,,,,,,,,,,,,,,,,,,,,,0,0,Dropdown,FALSE,,,,,,,,,,,,,,,
,,,,,,,,,,,,,,,,,,,,,,,,,,,,,,,No Reason,Banner Might not Exist on Global,,,,,,,,,,,,,,,,,,,,,,,Limit Break Crystals,,,,,,,,,,,,,,,,,,
,,,,,,,,,,,,,,,,,,,,,,,,,,,,,,,(Rerun),,,,,,,,,,,,,,,,,,,,,,,,SSR,SR,,,,,,,,,,,,,,,,,
,,,,,,,,,,,,,,,,,,,,,,,,,,,,,,,,,,,,,,,,,,,,,,,,,,,,,,,,,,,,,,,,,,,,,,,,,
,,,,,,,,,,,,,,,,,,,,,,,,,,JP,,Global,,,,,,,,,,,,,,,,,80,2028-05-29 22:00:00,k1,0,2028-06-07 21:59:59,,,,,,Date Override,,Start Date,End Date,,,,,,,,,,,,,,,
,,,,,,,,,,,,,,,,,,,,,,,,,,Start Date,End Date,Start Date,End Date,,Releases In,,,,,,,,,,,,,,80,First Day,Hours,0,Throughout,,,,,,,,2028-05-29,2028-06-07,,,,,,,,,,,,,,,
,,,,,,,,,,,,,,,,,,,,,,,,,,2025-04-21,2025-04-30,2028-05-29,2028-06-07,,703 Days,,,,,,,,,,,,,,80,Uma Story Ch 1-4,,,,,,,,,Banner Type,2,2028-05-29 22:00:00,2028-06-07 21:59:59,Fenomeno,Smart Falcon + Still in Love + Cheval Grand + Air Shakur + Sounds of Earth + Symboli Kris S + Fuji Kiseki + Hishi Amazon + Narita Taishin + Daiwa Scarlet,,Fenomeno,Smart Falcon + Still in Love + Cheval Grand + Air Shakur + Sounds of Earth + Symboli Kris S + Fuji Kiseki + Hishi Amazon + Narita Taishin + Daiwa Scarlet,,,,,,,,,,
,,,,,,,,,,,,,,,,,,,,,,,,,,,,,,,,,,,,,,,,,,,,,,,,,,,,,,,JP,,JP Datedif,1517,,,,,,,149,149,197,230,2028-05-29 22:00:00,,,,
,,,,,,,,,,,,,,,,,,,,,,,,,,,,,,,,,,,,,,,,,,,,,,,,,,,,,,,Start Date,End Date,Global Datedif,1068,,,,,,,,,,,,,,,
,,,,,,,,,,,,,,,,,,,,,,,,,,,,,,,,,,,,,,,,,,,,,,,,,,,,,,,2025-04-21,2025-04-30,D-Day,703,,,,,,,,,,,,,,,
,,,,,,,,,,,,,,,,,,,,,,,,,,,,,,,,,,,,,,,,,,,,,300,2028-06-07 21:59:59,k3,,,,,,,,Pull Tickets,,Finals Day,711,,,,,,,,,,,,,,,
,,,,,,,,,,,,,,,,,,,,,,,,,,,,,,,,,,,,,,,,,,,,,300,Last Day,,,,,,,,,Uma,Support,Length,9,,,,,,,,,,,,,,,
,,,,,,,,,,,,,,,,,,,,,,,,,,,,,,,,,,,,,,,,,,,,,150,Spring G1 Celebration Missions Part 2 (Tenno Sho (Spring)),,,,,,,,,0,0,Dropdown,FALSE,,,,,,,,,,,,,,,
,,,,,,,,,,,,,,,,,,,,,,,,,,,,,,,Fenomeno,,Smart Falcon,Still in Love,Cheval Grand,Air Shakur,Sounds of Earth,Symboli Kris S,Fuji Kiseki,Hishi Amazon,Narita Taishin,Daiwa Scarlet,,,150,Spring G1 Celebration Missions Part 2 (Kashiwa Kinen),,,,,,,,,Limit Break Crystals,,,,,,,,,,,,,,,,,,
,,,,,,,,,,,,,,,,,,,,,,,,,,,,,,,,,,,,,,,,,,,,,,,,,,,,,,,SSR,SR,,,,,,,,,,,,,,,,,
,,,,,,,,,,,,,,,,,,,,,,,,,,,,,,,,,,,,,,,,,,,,,,,,,,,,,,,,,,,,,,,,,,,,,,,,,
,,,,,,,,,,,,,,,,,,,,,,,,,,,,,,,,,,,,,,,,,,,,,,,,,,,,,,,Date Override,,Start Date,End Date,,,,,,,,,,,,,,,
,,,,,,,,,,,,,,,,,,,,,,,,,,,,,,,,,,,,,,,,,,,,,,,,,,,,,,,,,2028-05-31,2028-06-06,,,,,,,,,,,,,,,
,,,,,,,,,,,,,,,,,,,,,,,,,,,,,,,,,,,,,,,,,,,,,,,,,,,,,,,Banner Type,-1,2028-05-31 22:00:00,2028-06-06 21:59:59,,,,,,,,,,,,,,,
,,,,,,,,,,,,,,,,,,,,,,,,,,,,,,,,,,,,,,,,,,,,,,,,,,,,,,,JP,,JP Datedif,1519,,,,,,,149,149,197,230,2028-05-31 22:00:00,23,2028-06-05 21:59:59,,
,,,,,,,,,,,,,,,,,,,,,,,,,,,,,,,,,,,,,,,,,,,,,,,,,,,,,,,Start Date,End Date,Global Datedif,1070,,,,,,,,,,,,,,,
,,,,,,,,,,,,,,,,,,,,,,,,,,,,,,,,,,,,,,,,,,,,,,,,,,,,,,,2025-04-23,2025-04-29,D-Day,705,,,,,,,,,,,,,,,
,,,,,,,,,,,,,,,,,,,,,,,,,,,,,,,,,,,,,,,,,,,,,,,,,,,,,,,Pull Tickets,,Finals Day,710,,,,,,,,,,,,,,,
,,,,,,,,,,,,,,,,,,,,,,,,,,,,,,,,,,,,,,,,,,,,,,,,,,,,,,,Uma,Support,Length,6,,,,,,,,,,,,,,,
,,,,,,,,,,,,,,,,,,,,,,,,,,,,,,,,,,,,,,,,,,,,,,,,,,,,,,,,,Dropdown,FALSE,,,,,,,,,,,,,,,
,,,,,,,,,,,,,,,,,,,,,,,,,,,,,,,,,,,,,,,,,,,,,,,,,,,,,,,Limit Break Crystals,,,,,,,,,,,,,,,,,,
,,,,,,,,,,,,,,,,,,,,,,,,,,,,,,,,,,,,,,,,,,,,,,,,,,,,,,,SSR,SR,,,,,,,,,,,,,,,,,
,,,,,,,,,,,,,,,,,,,,,,,,,,,,,,,,,,,,,,,,,,,,,,,,,,,,,,,,,,,,,,,,,,,,,,,,,
,,,,,,,,,,,,,,,,,,,,,,,,,,JP,,Global,,,,Free Pulls,,,,,,,,,,,,,0,2028-06-05 22:00:00,k1,3410,2028-06-17 21:59:59,,,,,,Date Override,,Start Date,End Date,,,,,,,,,,,,,,,
,,,,,,,,,,,,,,,,,,,,,,,,,,Start Date,End Date,Start Date,End Date,,Releases In,Uma,Support,,,,,,,,,,,,0,First Day,Hours,3410,Throughout,,,,,,,,2028-06-05,2028-06-17,,,,,,,,,,,,,,,
,,,,,,,,,,,,,,,,,,,,,,,,,,2025-04-30,2025-05-12,2028-06-05,2028-06-17,,710 Days,0,80,,,,,,,,,,,,,,,2910,"Event Rewards (Story, Bingo, Event Pt)",,,,,,Banner Type,1,2028-06-05 22:00:00,2028-06-17 21:59:59,Copano Rickey (Parade) + Smart Falcon (Parade),Buena Vista + Transcend,,Copano Rickey (Parade) + Smart Falcon (Parade),Buena Vista + Transcend,,,,,,,,,,
,,,,,,,,,,,,,,,,,,,,,,,,,,,,,,,,,,,,,,,,,,,,,,,,,,,,,,,JP,,JP Datedif,1526,,,,,,,151,151,201,235,2028-06-05 22:00:00,,,,
,,,,,,,,,,,,,,,,,,,,,,,,,,,,,,,,,,,,,,,,,,,,,,,,250,Legend Race (Sakura Laurel),,,,,,Start Date,End Date,Global Datedif,1075,,,,,,,,,,,,,,,
,,,,,,,,,,,,,,,,,,,,,,,,,,,,,,,,,,,,,,,,,,,,,,,,250,Legend Race (Hishi Miracle,,,,,,2025-04-30,2025-05-12,D-Day,710,,,,,,,,,,,,,,,
,,,,,,,,,,,,,,,,,,,,,,,,,,,,,,,,,,,,,,,,,,,,,150,2028-06-17 21:59:59,k3,,,,,,,,Pull Tickets,,Finals Day,721,,,,,,,,,,,,,,,
,,,,,,,,,,,,,,,,,,,,,,,,,,,,,,,,,,,,,,,,,,,,,150,Last Day,,,,,,,,,Uma,Support,Length,12,,,,,,,,,,,,,,,
,,,,,,,,,,,,,,,,,,,,,,,,,,,,,,,,,,,,,,,,,,,,,150,Spring G1 Celebration Missions Part 2 (NHK Mile Cup),,,,,,,,,2,2,Dropdown,FALSE,,,,,,,,,,,,,,,
,,,,,,,,,,,,,,,,,,,,,,,,,,,,,,,Copano Rickey,Smart Falcon,Buena Vista,Transcend,,,,,,Espoir City,,,,,,,,,,,,,,,Limit Break Crystals,,,,,,,,,,,,,,,,,,
,,,,,,,,,,,,,,,,,,,,,,,,,,,,,,,(Parade),(Parade),80x Free Pulls,,,,,,,,,,,,,,,,,,,,,,SSR,SR,,,,,,,,,,,,,,,,,
,,,,,,,,,,,,,,,,,,,,,,,,,,,,,,,,,,,,,,,,,,,,,,,,,,,,,,,4,5,,,,,,,,,,,,,,,,,
,,,,,,,,,,,,,,,,,,,,,,,,,,JP,,Global,,,,,,,,,,,,,,,,,0,2028-06-05 22:00:00,k1,0,2028-06-26 21:59:59,,,,,,Date Override,,Start Date,End Date,,,,,,,,,,,,,,,
,,,,,,,,,,,,,,,,,,,,,,,,,,Start Date,End Date,Start Date,End Date,,Releases In,,,,,,,,,,,,,,0,First Day,Hours,0,Throughout,,,,,,,,2028-06-05,2028-06-26,,,,,,,,,,,,,,,
,,,,,,,,,,,,,,,,,,,,,,,,,,2025-04-30,2025-05-21,2028-06-05,2028-06-26,,710 Days,,,,,,,,,,,,,,,,,,,,,,,,Banner Type,-2,2028-06-05 22:00:00,2028-06-26 21:59:59,Oguri Cap + (Christmas) + Gold Ship (Summer) + (Project L'Arc) + Mejiro McQueen + (Summer) + (Anime Collab) + Tamamo Cross + (Festival) + Curren Chan + (Wedding) + Seiun Sky + (Ballroom) + Hishi Miracle + Biwa Hayahide + (Christmas) + (Mecha),,,Oguri Cap + (Christmas) + Gold Ship (Summer) + (Project L'Arc) + Mejiro McQueen + (Summer) + (Anime Collab) + Tamamo Cross + (Festival) + Curren Chan + (Wedding) + Seiun Sky + (Ballroom) + Hishi Miracle + Biwa Hayahide + (Christmas) + (Mecha),,,,,,,,,,,
,,,,,,,,,,,,,,,,,,,,,,,,,,,,,,,,,,,,,,,,,,,,,,,,,,,,,,,JP,,JP Datedif,1526,,,,,,,151,151,201,235,2028-06-05 22:00:00,,,,
,,,,,,,,,,,,,,,,,,,,,,,,,,,,,,,,,,,,,,,,,,,,,,,,,,,,,,,Start Date,End Date,Global Datedif,1075,,,,,,,,,,,,,,,
,,,,,,,,,,,,,,,,,,,,,,,,,,,,,,,,,,,,,,,,,,,,,,,,,,,,,,,2025-04-30,2025-05-21,D-Day,710,,,,,,,,,,,,,,,
,,,,,,,,,,,,,,,,,,,,,,,,,,,,,,,,,,,,,,,,,,,,,300,2028-06-26 21:59:59,k3,,,,,,,,Pull Tickets,,Finals Day,730,,,,,,,,,,,,,,,
,,,,,,,,,,,,,,,,,,,,,,,,,,,,,,,,,,,,,,,,,,,,,300,Last Day,,,,,,,,,Uma,Support,Length,21,,,,,,,,,,,,,,,
,,,,,,,,,,,,,,,,,,,,,,,,,,,,,,,,,,,,,,,,,,,,,150,Spring G1 Celebration Missions Part 2 (Victoria Mile),,,,,,,,,0,0,Dropdown,FALSE,,,,,,,,,,,,,,,
,,,,,,,,,,,,,,,,,,,,,,,,,,,,,,,Oguri Cap,Gold Ship,Mejiro McQueen,Tamamo Cross,Curren Chan,Seiun Sky,Hishi Miracle,Biwa Hayahide,,Mejiro McQueen,,,,,150,Spring G1 Celebration Missions Part 2 (Oaks),,,,,,,,,Limit Break Crystals,,,,,,,,,,,,,,,,,,
,,,,,,,,,,,,,,,,,,,,,,,,,,,,,,,(Christmas),(Summer),(Summer),(Festival),(Wedding),(Ballroom),,(Christmas),,,,,,,,,,,,,,,,,SSR,SR,,,,,,,,,,,,,,,,,
,,,,,,,,,,,,,,,,,,,,,,,,,,,,,,,,(Project L'Arc),(Anime Collab),,,,,(Mecha),,,,,,,,,,,Oguri Cap + (Christmas) + Gold Ship (Summer) + (Project L'Arc) + Mejiro McQueen + (Summer) + (Anime Collab) + Tamamo Cross + (Festival) + Curren Chan + (Wedding) + Seiun Sky + (Ballroom) + Hishi Miracle + Biwa Hayahide + (Christmas) + (Mecha),,,,,,,,,,,,,,,,,,,,,,,,
,,,,,,,,,,,,,,,,,,,,,,,,,,JP,,Global,,,,,,,,,,,,,,,,,80,2028-06-13 22:00:00,k1,900,2028-06-22 21:59:59,,,,,,Date Override,,Start Date,End Date,,,,,,,,,,,,,,,
,,,,,,,,,,,,,,,,,,,,,,,,,,Start Date,End Date,Start Date,End Date,,Releases In,,,,,,,,,,,,,,80,First Day,Hours,900,Throughout,,,,,,,,2028-06-13,2028-06-22,,,,,,,,,,,,,,,
,,,,,,,,,,,,,,,,,,,,,,,,,,2025-05-12,2025-05-21,2028-06-13,2028-06-22,,718 Days,,,,,,,,,,,,,,80,Uma Story Ch 1-4,,900,Agnes Tachyon Factor Study,,,,,,Banner Type,1,2028-06-13 22:00:00,2028-06-22 21:59:59,Verxina,Silence Suzuka,,Verxina,Silence Suzuka,,,,,,,,,,
,,,,,,,,,,,,,,,,,,,,,,,,,,,,,,,,,,,,,,,,,,,,,,,,,,,,,,,JP,,JP Datedif,1538,,,,,,,151,151,202,236,2028-06-13 22:00:00,,,,
,,,,,,,,,,,,,,,,,,,,,,,,,,,,,,,,,,,,,,,,,,,,,,,,,,,,,,,Start Date,End Date,Global Datedif,1083,,,,,,,,,,,,,,,
,,,,,,,,,,,,,,,,,,,,,,,,,,,,,,,,,,,,,,,,,,,,,,,,,,,,,,,2025-05-12,2025-05-21,D-Day,718,,,,,,,,,,,,,,,
,,,,,,,,,,,,,,,,,,,,,,,,,,,,,,,,,,,,,,,,,,,,,0,2028-06-22 21:59:59,k3,,,,,,,,Pull Tickets,,Finals Day,726,,,,,,,,,,,,,,,
,,,,,,,,,,,,,,,,,,,,,,,,,,,,,,,,,,,,,,,,,,,,,0,Last Day,,,,,,,,,Uma,Support,Length,9,,,,,,,,,,,,,,,
,,,,,,,,,,,,,,,,,,,,,,,,,,,,,,,,,,,,,,,,,,,,,,,,,,,,,,,0,0,Dropdown,FALSE,,,,,,,,,,,,,,,
,,,,,,,,,,,,,,,,,,,,,,,,,,,,,,,Verxina,,Silence Suzuka,,Curren Bouquetd'or,,,,,,,,,,,,,,,,,,,,Limit Break Crystals,,,,,,,,,,,,,,,,,,
,,,,,,,,,,,,,,,,,,,,,,,,,,,,,,,,,,,,,,,,,,,,,,,,,,,,,,,SSR,SR,,,,,,,,,,,,,,,,,
,,,,,,,,,,,,,,,,,,,,,,,,,,,,,,,,,,,,,,,,,,,,,,,,,,,,,,,1,1,,,,,,,,,,,,,,,,,
,,,,,,,,,,,,,,,,,,,,,,,,,,JP,,Global,,,,,,,,,,,,,,,,,80,2028-06-19 22:00:00,k1,0,2028-06-28 21:59:59,,,,,,Date Override,,Start Date,End Date,,,,,,,,,,,,,,,
,,,,,,,,,,,,,,,,,,,,,,,,,,Start Date,End Date,Start Date,End Date,,Releases In,,,,,,,,,,,,,,80,First Day,Hours,0,Throughout,,,,,,,,2028-06-19,2028-06-28,,,,,,,,,,,,,,,
,,,,,,,,,,,,,,,,,,,,,,,,,,2025-05-21,2025-05-30,2028-06-19,2028-06-28,,724 Days,,,,,,,,,,,,,,80,Uma Story Ch 1-4,,,,,,,,,Banner Type,2,2028-06-19 22:00:00,2028-06-28 21:59:59,Loves Only You,Smart Falcon + Still in Love + Air Shakur + Hokko Tarumae + Symboli Kris S + Nishino Flower + Espoir City + Orfevre + Copano Rickey + Daiwa Scarlet,,Loves Only You,Smart Falcon + Still in Love + Air Shakur + Hokko Tarumae + Symboli Kris S + Nishino Flower + Espoir City + Orfevre + Copano Rickey + Daiwa Scarlet,,,,,,,,,,
,,,,,,,,,,,,,,,,,,,,,,,,,,,,,,,,,,,,,,,,,,,,,,,,,,,,,,,JP,,JP Datedif,1547,,,,,,,151,151,202,236,2028-06-19 22:00:00,,,,
,,,,,,,,,,,,,,,,,,,,,,,,,,,,,,,,,,,,,,,,,,,,,,,,,,,,,,,Start Date,End Date,Global Datedif,1089,,,,,,,,,,,,,,,
,,,,,,,,,,,,,,,,,,,,,,,,,,,,,,,,,,,,,,,,,,,,,,,,,,,,,,,2025-05-21,2025-05-30,D-Day,724,,,,,,,,,,,,,,,
,,,,,,,,,,,,,,,,,,,,,,,,,,,,,,,,,,,,,,,,,,,,,150,2028-06-28 21:59:59,k3,,,,,,,,Pull Tickets,,Finals Day,732,,,,,,,,,,,,,,,
,,,,,,,,,,,,,,,,,,,,,,,,,,,,,,,,,,,,,,,,,,,,,150,Last Day,,,,,,,,,Uma,Support,Length,9,,,,,,,,,,,,,,,
,,,,,,,,,,,,,,,,,,,,,,,,,,,,,,,,,,,,,,,,,,,,,150,Spring G1 Celebration Missions Part 3 (Japan Derby),,,,,,,,,0,0,Dropdown,FALSE,,,,,,,,,,,,,,,
,,,,,,,,,,,,,,,,,,,,,,,,,,,,,,,Loves Only You,,Smart Falcon,Still in Love,Air Shakur,Hokko Tarumae,Symboli Kris S,Nishino Flower,Espoir City,Orfevre,Copano Rickey,Daiwa Scarlet,,,,,,,,,,,,,Limit Break Crystals,,,,,,,,,,,,,,,,,,
,,,,,,,,,,,,,,,,,,,,,,,,,,,,,,,,,,,,,,,,,,,,,,,,,,,,,,,SSR,SR,,,,,,,,,,,,,,,,,
,,,,,,,,,,,,,,,,,,,,,,,,,,,,,,,,,,,,,,,,,,,,,,,,,,,,,,,,,,,,,,,,,,,,,,,,,
,,,,,,,,,,,,,,,,,,,,,,,,,,JP,,Global,,,,,,,,,,,,,,,,,,,,,,,,,,,Date Override,,Start Date,End Date,,,,,,,,,,,,,,,
,,,,,,,,,,,,,,,,,,,,,,,,,,Start Date,End Date,Start Date,End Date,,Starts In,,,,,,,,,,,,,,,,,,,,,,,,,,2028-06-21,2028-06-30,,,,,,,,,,,,,,,
,,,,,,,,,,,,,,,,,,,,,,,,,,2025-05-24,2025-06-02,2028-06-21,2028-06-30,,726 Days,,,,,,,,,,,,,,,,,,,,,,,,Banner Type,-1,2028-06-21 22:00:00,2028-06-30 21:59:59,,,,,,,,,,,,,,,
,,,,,,,,,,,,,,,,,,,,,,,,,,LoH #11,,,,,,,,,,,,,,,,,,,,,,,,,,,,,JP,,JP Datedif,1550,,,,,,,151,151,204,238,2028-06-21 22:00:00,,,11,2028-06-28 21:59:59
,,,,,,,,,,,,,,,,,,,,,,,,,,,,,,,,,,,,,,,,,,,,,,,,,,,,,,,Start Date,End Date,Global Datedif,1091,,,,,,,,,,,,,,,
,,,,,,,,,,,,,,,,,,,,,,,,,,,Dirt,,,,,,,,,,,,,,,,,,,,,,,,,,,,2025-05-24,2025-06-02,D-Day,726,,,,,,,,,,,,,,,
,,,,,,,,,,,,,,,,,,,,,,,,,,2000m,Medium,,,,,,,,,,,,,,,,,,,,,,,,,,,,Pull Tickets,,Finals Day,734,,,,,,,,,,,,,,,
,,,,,,,,,,,,,,,,,,,,,,,,,,,,,,,,,,,,,,,,,,,,,,,,,,,,,,,Uma,Support,Length,9,,,,,,,,,,,,,,,
,,,,,,,,,,,,,,,,,,,,,,,,,,,,,,,,,,,,,,,,,,,,,,,,,,,,,,,,,Dropdown,FALSE,,,,,,,,,,,,,,,
,,,,,,,,,,,,,,,,,,,,,,,,,,,,,,,,,,,,,,,,,,,,,,,,,,,,,,,Limit Break Crystals,,,,,,,,,,,,,,,,,,
,,,,,,,,,,,,,,,,,,,,,,,,,,,,,,,,,,,,,,,,,,,,,,,,,,,,,,,SSR,SR,,,,,,,,,,,,,,,,,
,,,,,,,,,,,,,,,,,,,,,,,,,,,,,,,,,,,,,,,,,,,,,,,,,,,,,,,2,2,,,,,,,,,,,,,,,,,
,,,,,,,,,,,,,,,,,,,,,,,,,,JP,,Global,,,,,,,,,,,,,,,,,0,2028-06-26 22:00:00,k1,3410,2028-07-10 21:59:59,,,,,,Date Override,,Start Date,End Date,,,,,,,,,,,,,,,
,,,,,,,,,,,,,,,,,,,,,,,,,,Start Date,End Date,Start Date,End Date,,Releases In,,,,,,,,,,,,,,0,First Day,Hours,3410,Throughout,,,,,,,,2028-06-26,2028-07-10,,,,,,,,,,,,,,,
,,,,,,,,,,,,,,,,,,,,,,,,,,2025-05-30,2025-06-13,2028-06-26,2028-07-10,,731 Days,,,,,,,,,,,,,,,,,2910,"Event Rewards (Story, Bingo, Event Pt)",,,,,,Banner Type,1,2028-06-26 22:00:00,2028-07-10 21:59:59,Cesario (Wedding) + Mejiro Ramonu (Wedding),Daring Heart + Rhein Kraft,,Cesario (Wedding) + Mejiro Ramonu (Wedding),Daring Heart + Rhein Kraft,,,,,,,,,,
,,,,,,,,,,,,,,,,,,,,,,,,,,,,,,,,,,,,,,,,,,,,,,,,,,,,,,,JP,,JP Datedif,1556,,,,,,,153,153,208,243,2028-06-26 22:00:00,,,,
,,,,,,,,,,,,,,,,,,,,,,,,,,,,,,,,,,,,,,,,,,,,,,,,250,Legend Race (Sakura Chiyono O),,,,,,Start Date,End Date,Global Datedif,1096,,,,,,,,,,,,,,,
,,,,,,,,,,,,,,,,,,,,,,,,,,,,,,,,,,,,,,,,,,,,,,,,250,Legend Race (Mejiro Ardan),,,,,,2025-05-30,2025-06-13,D-Day,731,,,,,,,,,,,,,,,
,,,,,,,,,,,,,,,,,,,,,,,,,,,,,,,,,,,,,,,,,,,,,300,2028-07-10 21:59:59,k3,,,,,,,,Pull Tickets,,Finals Day,744,,,,,,,,,,,,,,,
,,,,,,,,,,,,,,,,,,,,,,,,,,,,,,,,,,,,,,,,,,,,,300,Last Day,,,,,,,,,Uma,Support,Length,14,,,,,,,,,,,,,,,
,,,,,,,,,,,,,,,,,,,,,,,,,,,,,,,,,,,,,,,,,,,,,150,Spring G1 Celebration Missions Part 3 (Yasuda Kinen),,,,,,,,,2,2,Dropdown,FALSE,,,,,,,,,,,,,,,
,,,,,,,,,,,,,,,,,,,,,,,,,,,,,,,Cesario,Mejiro Ramonu,Daring Heart,Rhein Kraft,,,,,,Air Messiah,,,,,150,Spring G1 Celebration Missions Part 3 (Takarazuka Kinen),,,,,,,,,Limit Break Crystals,,,,,,,,,,,,,,,,,,
,,,,,,,,,,,,,,,,,,,,,,,,,,,,,,,(Wedding),(Wedding),,,,,,,,,,,,,,,,,,,,,,,SSR,SR,,,,,,,,,,,,,,,,,
,,,,,,,,,,,,,,,,,,,,,,,,,,,,,,,,,,,,,,,,,,,,,,,,,,,,,,,4,5,,,,,,,,,,,,,,,,,
,,,,,,,,,,,,,,,,,,,,,,,,,,JP,,Global,,,,,,,,,,,,,,,,,80,2028-07-05 22:00:00,k1,0,2028-07-19 21:59:59,,,,,,Date Override,,Start Date,End Date,,,,,,,,,,,,,,,
,,,,,,,,,,,,,,,,,,,,,,,,,,Start Date,End Date,Start Date,End Date,,Releases In,,,,,,,,,,,,,,80,First Day,Hours,0,Throughout,,,,,,,,2028-07-05,2028-07-19,,,,,,,,,,,,,,,
,,,,,,,,,,,,,,,,,,,,,,,,,,2025-06-13,2025-06-27,2028-07-05,2028-07-19,,740 Days,,,,,,,,,,,,,,80,Uma Story Ch 1-4,,,,,,,,,Banner Type,2,2028-07-05 22:00:00,2028-07-19 21:59:59,Chrono Genesis,Smart Falcon + Still in Love + Air Shakur + Dantsu Flame + Mejiro Ardan + Fine Motion + Blast Onepiece + Symboli Rudolf + Narita Taishin + Daiwa Scarlet,,Chrono Genesis,Smart Falcon + Still in Love + Air Shakur + Dantsu Flame + Mejiro Ardan + Fine Motion + Blast Onepiece + Symboli Rudolf + Narita Taishin + Daiwa Scarlet,,,,,,,,,,
,,,,,,,,,,,,,,,,,,,,,,,,,,,,,,,,,,,,,,,,,,,,,,,,,,,,,,,JP,,JP Datedif,1570,,,,,,,153,153,208,243,2028-07-05 22:00:00,,,,
,,,,,,,,,,,,,,,,,,,,,,,,,,,,,,,,,,,,,,,,,,,,,,,,,,,,,,,Start Date,End Date,Global Datedif,1105,,,,,,,,,,,,,,,
,,,,,,,,,,,,,,,,,,,,,,,,,,,,,,,,,,,,,,,,,,,,,,,,,,,,,,,2025-06-13,2025-06-27,D-Day,740,,,,,,,,,,,,,,,
,,,,,,,,,,,,,,,,,,,,,,,,,,,,,,,,,,,,,,,,,,,,,0,2028-07-19 21:59:59,k3,,,,,,,,Pull Tickets,,Finals Day,753,,,,,,,,,,,,,,,
,,,,,,,,,,,,,,,,,,,,,,,,,,,,,,,,,,,,,,,,,,,,,0,Last Day,,,,,,,,,Uma,Support,Length,14,,,,,,,,,,,,,,,
,,,,,,,,,,,,,,,,,,,,,,,,,,,,,,,,,,,,,,,,,,,,,,,,,,,,,,,0,0,Dropdown,FALSE,,,,,,,,,,,,,,,
,,,,,,,,,,,,,,,,,,,,,,,,,,,,,,,Chrono Genesis,,Smart Falcon,Still in Love,Air Shakur,Dantsu Flame,Mejiro Ardan,Fine Motion,Blast Onepiece,Symboli Rudolf,Narita Taishin,Daiwa Scarlet,,,,,,,,,,,,,Limit Break Crystals,,,,,,,,,,,,,,,,,,
,,,,,,,,,,,,,,,,,,,,,,,,,,,,,,,,,,,,,,,,,,,,,,,,,,,,,,,SSR,SR,,,,,,,,,,,,,,,,,
,,,,,,,,,,,,,,,,,,,,,,,,,,,,,,,,,,,,,,,,,,,,,,,,,,,,,,,,,,,,,,,,,,,,,,,,,
,,,,,,,,,,,,,,,,,,,,,,,,,,,,,,,,,,,,,,,,,,,,,,,,,,,,,,,Date Override,,Start Date,End Date,,,,,,,,,,,,,,,
,,,,,,,,,,,,,,,,,,,,,,,,,,,,,,,,,,,,,,,,,,,,,,,,,,,,,,,,,2028-07-11,2028-07-17,,,,,,,,,,,,,,,
,,,,,,,,,,,,,,,,,,,,,,,,,,,,,,,,,,,,,,,,,,,,,,,,,,,,,,,Banner Type,-1,2028-07-11 22:00:00,2028-07-17 21:59:59,,,,,,,,,,,,,,,
,,,,,,,,,,,,,,,,,,,,,,,,,,,,,,,,,,,,,,,,,,,,,,,,,,,,,,,JP,,JP Datedif,1578,,,,,,,153,153,208,243,2028-07-11 22:00:00,24,2028-07-16 21:59:59,,
,,,,,,,,,,,,,,,,,,,,,,,,,,,,,,,,,,,,,,,,,,,,,,,,,,,,,,,Start Date,End Date,Global Datedif,1111,,,,,,,,,,,,,,,
,,,,,,,,,,,,,,,,,,,,,,,,,,,,,,,,,,,,,,,,,,,,,,,,,,,,,,,2025-06-21,2025-06-27,D-Day,746,,,,,,,,,,,,,,,
,,,,,,,,,,,,,,,,,,,,,,,,,,,,,,,,,,,,,,,,,,,,,,,,,,,,,,,Pull Tickets,,Finals Day,751,,,,,,,,,,,,,,,
,,,,,,,,,,,,,,,,,,,,,,,,,,,,,,,,,,,,,,,,,,,,,,,,,,,,,,,Uma,Support,Length,6,,,,,,,,,,,,,,,
,,,,,,,,,,,,,,,,,,,,,,,,,,,,,,,,,,,,,,,,,,,,,,,,,,,,,,,,,Dropdown,FALSE,,,,,,,,,,,,,,,
,,,,,,,,,,,,,,,,,,,,,,,,,,,,,,,,,,,,,,,,,,,,,,,,,,,,,,,Limit Break Crystals,,,,,,,,,,,,,,,,,,
,,,,,,,,,,,,,,,,,,,,,,,,,,,,,,,,,,,,,,,,,,,,,,,,,,,,,,,SSR,SR,,,,,,,,,,,,,,,,,
,,,,,,,,,,,,,,,,,,,,,,,,,,,,,,,,,,,,,,,,,,,,,,,,,,,,,,,,,,,,,,,,,,,,,,,,,
,,,,,,,,,,,,,,,,,,,,,,,,,,JP,,Global,,,,Free Pulls,,,,Design Your Island,,,,,,,,,0,2028-07-15 22:00:00,k1,3550,2028-08-09 21:59:59,,,,,,Date Override,,Start Date,End Date,,,,,,,,,,,,,,,
,,,,,,,,,,,,,,,,,,,,,,,,,,Start Date,End Date,Start Date,End Date,,Releases In,Uma,Support,,,,,,,,,,,,0,First Day,Hours,3550,Throughout,,,,,,,,2028-07-15,2028-08-09,,,,,,,,,,,,,,,
,,,,,,,,,,,,,,,,,,,,,,,,,,2025-06-27,2025-07-22,2028-07-15,2028-08-09,,750 Days,0,80,,,,,,,,,,,,,,,1500,Login Bonus,,,,,,Banner Type,1,2028-07-15 22:00:00,2028-08-09 21:59:59,Gold City (Deserted Island),Tucker Bryne + Tamamo Cross,,Gold City (Deserted Island),Tucker Bryne + Tamamo Cross,,,,,,,,,,
,,,,,,,,,,,,,,,,,,,,,,,,,,,,,,,,,,,,,,,,,,,,,,,,,,,,,,,JP,,JP Datedif,1584,,,,,,,157,157,212,248,2028-07-15 22:00:00,,,,
,,,,,,,,,,,,,,,,,,,,,,,,,,,,,,,,,,,,,,,,,,,,,,,,250,Legend Race (Silence Suzuka Summer),,,,,,Start Date,End Date,Global Datedif,1115,,,,,,,,,,,,,,,
,,,,,,,,,,,,,,,,,,,,,,,,,,,,,,,,,,,,,,,,,,,,,,,,250,Legend Race (Tap Dance City),,,,,,2025-06-27,2025-07-22,D-Day,750,,,,,,,,,,,,,,,
,,,,,,,,,,,,,,,,,,,,,,,,,,,,,,,,,,,,,,,,,,,,,650,2028-08-09 21:59:59,k3,,,,,,,,Pull Tickets,,Finals Day,774,,,,,,,,,,,,,,,
,,,,,,,,,,,,,,,,,,,,,,,,,,,,,,,,,,,,,,,,,,,,,650,Last Day,,1550,Trainer Skill Test,,,,,,Uma,Support,Length,25,,,,,,,,,,,,,,,
,,,,,,,,,,,,,,,,,,,,,,,,,,,,,,,,,,,,,,,,,,,,,150,Spring G1 Celebration Missions Part 3 (Teio Sho),,,,,,,,,4,4,Dropdown,FALSE,,,,,,,,,,,,,,,
,,,,,,,,,,,,,,,,,,,,,,,,,,,,,,,Gold City,,Tucker Bryne,Tamamo Cross,,,,,,,,,,,500,New Scenario Release Celebration Missions,,,,,,,,,Limit Break Crystals,,,,,,,,,,,,,,,,,,
,,,,,,,,,,,,,,,,,,,,,,,,,,,,,,,(Deserted Island),,80x Free Pulls,,,,,,,,,,,,,,,,,,,,,,SSR,SR,,,,,,,,,,,,,,,,,
,,,,,,,,,,,,,,,,,,,,,,,,,,,,,,,,,,,,,,,,,,,,,,,,,,,,,,,4,5,,,,,,,,,,,,,,,,,
,,,,,,,,,,,,,,,,,,,,,,,,,,JP,,Global,,,,,,,,,,,,,,,,,0,2028-07-25 22:00:00,k1,900,2028-08-05 21:59:59,,,,,,Date Override,,Start Date,End Date,,,,,,,,,,,,,,,
,,,,,,,,,,,,,,,,,,,,,,,,,,Start Date,End Date,Start Date,End Date,,Releases In,,,,,,,,,,,,,,0,First Day,Hours,900,Throughout,,,,,,,,2028-07-25,2028-08-05,,,,,,,,,,,,,,,
,,,,,,,,,,,,,,,,,,,,,,,,,,2025-07-11,2025-07-22,2028-07-25,2028-08-05,,760 Days,,,,,,,,,,,,,,,,,900,Agnes Tachyon Factor Study,,,,,,Banner Type,1,2028-07-25 22:00:00,2028-08-05 21:59:59,Ines Fujin (Deserted Island),Mejiro Ryan,,Ines Fujin (Deserted Island),Mejiro Ryan,,,,,,,,,,
,,,,,,,,,,,,,,,,,,,,,,,,,,,,,,,,,,,,,,,,,,,,,,,,,,,,,,,JP,,JP Datedif,1598,,,,,,,157,157,213,249,2028-07-25 22:00:00,,,,
,,,,,,,,,,,,,,,,,,,,,,,,,,,,,,,,,,,,,,,,,,,,,,,,,,,,,,,Start Date,End Date,Global Datedif,1125,,,,,,,,,,,,,,,
,,,,,,,,,,,,,,,,,,,,,,,,,,,,,,,,,,,,,,,,,,,,,,,,,,,,,,,2025-07-11,2025-07-22,D-Day,760,,,,,,,,,,,,,,,
,,,,,,,,,,,,,,,,,,,,,,,,,,,,,,,,,,,,,,,,,,,,,0,2028-08-05 21:59:59,k3,,,,,,,,Pull Tickets,,Finals Day,770,,,,,,,,,,,,,,,
,,,,,,,,,,,,,,,,,,,,,,,,,,,,,,,,,,,,,,,,,,,,,0,Last Day,,,,,,,,,Uma,Support,Length,11,,,,,,,,,,,,,,,
,,,,,,,,,,,,,,,,,,,,,,,,,,,,,,,,,,,,,,,,,,,,,,,,,,,,,,,0,0,Dropdown,FALSE,,,,,,,,,,,,,,,
,,,,,,,,,,,,,,,,,,,,,,,,,,,,,,,Ines Fujin,,Mejiro Ryan,,Kawakami Princess,,,,,,,,,,,,,,,,,,,,Limit Break Crystals,,,,,,,,,,,,,,,,,,
,,,,,,,,,,,,,,,,,,,,,,,,,,,,,,,(Deserted Island),,,,,,,,,,,,,,,,,,,,,,,,SSR,SR,,,,,,,,,,,,,,,,,
,,,,,,,,,,,,,,,,,,,,,,,,,,,,,,,,,,,,,,,,,,,,,,,,,,,,,,,1,1,,,,,,,,,,,,,,,,,
,,,,,,,,,,,,,,,,,,,,,,,,,,JP,,Global,,,,,,,,,,,,,,,,,80,2028-08-02 22:00:00,k1,0,2028-08-11 21:59:59,,,,,,Date Override,,Start Date,End Date,,,,,,,,,,,,,,,
,,,,,,,,,,,,,,,,,,,,,,,,,,Start Date,End Date,Start Date,End Date,,Releases In,,,,,,,,,,,,,,80,First Day,Hours,0,Throughout,,,,,,,,2028-08-02,2028-08-11,,,,,,,,,,,,,,,
,,,,,,,,,,,,,,,,,,,,,,,,,,2025-07-22,2025-07-31,2028-08-02,2028-08-11,,768 Days,,,,,,,,,,,,Story,,80,Uma Story Ch 1-4,,,,,,,,,Banner Type,2,2028-08-02 22:00:00,2028-08-11 21:59:59,Fusaichi Pandora,Almond Eye + Narita Brian + Dream Journey + Meisho Doto + Air Shakur + Dantsu Flame + Symboli Kris S + Fine Motion + Blast Onepiece + Symboli Rudolf,,Fusaichi Pandora,Almond Eye + Narita Brian + Dream Journey + Meisho Doto + Air Shakur + Dantsu Flame + Symboli Kris S + Fine Motion + Blast Onepiece + Symboli Rudolf,,,,,,,,,,
,,,,,,,,,,,,,,,,,,,,,,,,,,,,,,,,,,,,,,,,,,,,,,,,,,,,,,,JP,,JP Datedif,1609,,,,,,,157,157,213,249,2028-08-02 22:00:00,,,,
,,,,,,,,,,,,,,,,,,,,,,,,,,,,,,,,,,,,,,,,,,,,,,,,,,,,,,,Start Date,End Date,Global Datedif,1133,,,,,,,,,,,,,,,
,,,,,,,,,,,,,,,,,,,,,,,,,,,,,,,,,,,,,,,,,,,,,,,,,,,,,,,2025-07-22,2025-07-31,D-Day,768,,,,,,,,,,,,,,,
,,,,,,,,,,,,,,,,,,,,,,,,,,,,,,,,,,,,,,,,,,,,,0,2028-08-11 21:59:59,k3,,,,,,,,Pull Tickets,,Finals Day,776,,,,,,,,,,,,,,,
,,,,,,,,,,,,,,,,,,,,,,,,,,,,,,,,,,,,,,,,,,,,,0,Last Day,,,,,,,,,Uma,Support,Length,9,,,,,,,,,,,,,,,
,,,,,,,,,,,,,,,,,,,,,,,,,,,,,,,,,,,,,,,,,,,,,,,,,,,,,,,0,0,Dropdown,FALSE,,,,,,,,,,,,,,,
,,,,,,,,,,,,,,,,,,,,,,,,,,,,,,,Fusaichi Pandora,,Almond Eye,Narita Brian,Dream Journey,Meisho Doto,Air Shakur,Dantsu Flame,Symboli Kris S,Fine Motion,Blast Onepiece,Symboli Rudolf,Fusaichi Pandora,,,,,,,,,,,,Limit Break Crystals,,,,,,,,,,,,,,,,,,
,,,,,,,,,,,,,,,,,,,,,,,,,,,,,,,,,,,,,,,,,,,,,,,,,,,,,,,SSR,SR,,,,,,,,,,,,,,,,,
,,,,,,,,,,,,,,,,,,,,,,,,,,,,,,,,,,,,,,,,,,,,,,,,,,,,,,,,,,,,,,,,,,,,,,,,,
,,,,,,,,,,,,,,,,,,,,,,,,,,,,,,,,,,,,,,,,,,,,,,,,,,,,,,,Date Override,,Start Date,End Date,,,,,,,,,,,,,,,
,,,,,,,,,,,,,,,,,,,,,,,,,,,,,,,,,,,,,,,,,,,,,,,,,,,,,,,,,2028-08-04,2028-08-10,,,,,,,,,,,,,,,
,,,,,,,,,,,,,,,,,,,,,,,,,,,,,,,,,,,,,,,,,,,,,,,,,,,,,,,Banner Type,-1,2028-08-04 22:00:00,2028-08-10 21:59:59,,,,,,,,,,,,,,,
,,,,,,,,,,,,,,,,,,,,,,,,,,,,,,,,,,,,,,,,,,,Rhein Kraft,,,,,,,,,,,,JP,,JP Datedif,1612,,,,,,,157,157,213,249,2028-08-04 22:00:00,25,2028-08-09 21:59:59,,
,,,,,,,,,,,,,,,,,,,,,,,,,,,,,,,,,,,,,,,,,,,(Alt),,,,,,,,,,,,Start Date,End Date,Global Datedif,1135,,,,,,,,,,,,,,,
,,,,,,,,,,,,,,,,,,,,,,,,,,,,,,,,,,,,,,,,,,,,,,,,,,,,,,,2025-07-25,2025-07-31,D-Day,770,,,,,,,,,,,,,,,
,,,,,,,,,,,,,,,,,,,,,,,,,,,,,,,,,,,,,,,,,,,,,,,,,,,,,,,Pull Tickets,,Finals Day,775,,,,,,,,,,,,,,,
,,,,,,,,,,,,,,,,,,,,,,,,,,,,,,,,,,,,,,,,,,,,,,,,,,,,,,,Uma,Support,Length,6,,,,,,,,,,,,,,,
,,,,,,,,,,,,,,,,,,,,,,,,,,,,,,,,,,,,,,,,,,,,,,,,,,,,,,,,,Dropdown,FALSE,,,,,,,,,,,,,,,
,,,,,,,,,,,,,,,,,,,,,,,,,,,,,,,,,,,,,,,,,,,,,,,,,,,,,,,Limit Break Crystals,,,,,,,,,,,,,,,,,,
,,,,,,,,,,,,,,,,,,,,,,,,,,,,,,,,,,,,,,,,,,,,,,,,,,,,,,,SSR,SR,,,,,,,,,,,,,,,,,
,,,,,,,,,,,,,,,,,,,,,,,,,,,,,,,,,,,,,,,,,,,,,,,,,,,,,,,,,,,,,,,,,,,,,,,,,
,,,,,,,,,,,,,,,,,,,,,,,,,,JP,,Global,,,,,,,,,,,,,,,,,0,2028-08-08 22:00:00,k1,7910,2028-08-22 21:59:59,,,,,,Date Override,,Start Date,End Date,,,,,,,,,,,,,,,
,,,,,,,,,,,,,,,,,,,,,,,,,,Start Date,End Date,Start Date,End Date,,Releases In,,,,,,,,,,,,,,0,First Day,Hours,7910,Throughout,,,,,,,,2028-08-08,2028-08-22,,,,,,,,,,,,,,,
,,,,,,,,,,,,,,,,,,,,,,,,,,2025-07-31,2025-08-14,2028-08-08,2028-08-22,,774 Days,,,,,,,,,,,,,,,,,2910,"Event Rewards (Story, Bingo, Event Pt)",,,,,,Banner Type,1,2028-08-08 22:00:00,2028-08-22 21:59:59,Cheval Grand (Summer) + Satono Crown (Summer),Win Variation + Duramente,,Cheval Grand (Summer) + Satono Crown (Summer),Win Variation + Duramente,,,,,,,,,,
,,,,,,,,,,,,,,,,,,,,,,,,,,,,,,,,,,,,,,,,,,,,,,,,,,,,,,,JP,,JP Datedif,1618,,,,,,,159,159,217,254,2028-08-08 22:00:00,,,,
,,,,,,,,,,,,,,,,,,,,,,,,,,,,,,,,,,,,,,,,,,,,,,,,250,Legend Race (Sakura Bakushin O Sports),,,,,,Start Date,End Date,Global Datedif,1139,,,,,,,,,,,,,,,
,,,,,,,,,,,,,,,,,,,,,,,,,,,,,,,,,,,,,,,,,,,,,,,,250,Legend Race (Biko Pegasus),,,,,,2025-07-31,2025-08-14,D-Day,774,,,,,,,,,,,,,,,
,,,,,,,,,,,,,,,,,,,,,,,,,,,,,,,,,,,,,,,,,,,,,0,2028-08-22 21:59:59,k3,,,,,,,,Pull Tickets,,Finals Day,787,,,,,,,,,,,,,,,
,,,,,,,,,,,,,,,,,,,,,,,,,,,,,,,,,,,,,,,,,,,,,0,Last Day,,4500,Masters Challenge,,,,,,Uma,Support,Length,14,,,,,,,,,,,,,,,
,,,,,,,,,,,,,,,,,,,,,,,,,,,,,,,,,,,,,,,,,,,,,,,,,,,,,,,2,2,Dropdown,FALSE,,,,,,,,,,,,,,,
,,,,,,,,,,,,,,,,,,,,,,,,,,,,,,,Cheval Grand,Satono Crown,Win Variation,Duramente,,,,,,Vivlos,,,,,,,,,,,,,,,Limit Break Crystals,,,,,,,,,,,,,,,,,,
,,,,,,,,,,,,,,,,,,,,,,,,,,,,,,,(Summer),(Summer),,,,,,,,,,,,,,,,,,,,,,,SSR,SR,,,,,,,,,,,,,,,,,
,,,,,,,,,,,,,,,,,,,,,,,,,,,,,,,,,,,,,,,,,,,,,,,,,,,,,,,4,5,,,,,,,,,,,,,,,,,
,,,,,,,,,,,,,,,,,,,,,,,,,,JP,,Global,,,,Free Pulls,,,,,,,,,,,,,0,2028-08-18 22:00:00,k1,1500,2028-08-28 21:59:59,,,,,,Date Override,,Start Date,End Date,,,,,,,,,,,,,,,
,,,,,,,,,,,,,,,,,,,,,,,,,,Start Date,End Date,Start Date,End Date,,Releases In,Uma,Support,,,,,,,,,,,,0,First Day,Hours,1500,Throughout,,,,,,,,2028-08-18,2028-08-28,,,,,,,,,,,,,,,
,,,,,,,,,,,,,,,,,,,,,,,,,,2025-08-14,2025-08-24,2028-08-18,2028-08-28,,784 Days,11,0,,,,,,,,,,,,,,,1500,4.5th Anniversary Countdown,,,,,,Banner Type,2,2028-08-18 22:00:00,2028-08-28 21:59:59,Vivlos (Summer),Almond Eye + Narita Brian + Dream Journey + Air Shakur + Dantsu Flame + Symboli Kris S + Blast Onepiece + Daring Tact + Narita Taishin + Daiwa Scarlet,,Vivlos (Summer),Almond Eye + Narita Brian + Dream Journey + Air Shakur + Dantsu Flame + Symboli Kris S + Blast Onepiece + Daring Tact + Narita Taishin + Daiwa Scarlet,,,,,,,,,,
,,,,,,,,,,,,,,,,,,,,,,,,,,,,,,,,,,,,,,,,,,,,,,,,,,,,,,,JP,,JP Datedif,1632,,,,,,,162,162,217,254,2028-08-18 22:00:00,,,,
,,,,,,,,,,,,,,,,,,,,,,,,,,,,,,,,,,,,,,,,,,,,,,,,,,,,,,,Start Date,End Date,Global Datedif,1149,,,,,,,,,,,,,,,
,,,,,,,,,,,,,,,,,,,,,,,,,,,,,,,,,,,,,,,,,,,,,,,,,,,,,,,2025-08-14,2025-08-24,D-Day,784,,,,,,,,,,,,,,,
,,,,,,,,,,,,,,,,,,,,,,,,,,,,,,,,,,,,,,,,,,,,,500,2028-08-28 21:59:59,k3,,,,,,,,Pull Tickets,,Finals Day,793,,,,,,,,,,,,,,,
,,,,,,,,,,,,,,,,,,,,,,,,,,,,,,,,,,,,,,,,,,,,,500,Last Day,,,,,,,,,Uma,Support,Length,10,,,,,,,,,,,,,,,
,,,,,,,,,,,,,,,,,,,,,,,,,,,,,,,,,,,,,,,,,,,,,500,4.5th Anniversary Celebration Missions Part 1,,,,,,,,,3,3,Dropdown,FALSE,,,,,,,,,,,,,,,
,,,,,,,,,,,,,,,,,,,,,,,,,,,,,,,Vivlos,,Almond Eye,Narita Brian,Dream Journey,Air Shakur,Dantsu Flame,Symboli Kris S,Blast Onepiece,Daring Tact,Narita Taishin,Daiwa Scarlet,,,,,,,,,,,,,Limit Break Crystals,,,,,,,,,,,,,,,,,,
,,,,,,,,,,,,,,,,,,,,,,,,,,,,,,,(Summer),,,,,,,,,,,,,,,,,,,,,,,,SSR,SR,,,,,,,,,,,,,,,,,
,,,,,,,,,,,,,,,,,,,,,,,,,,,,,,,11x Free Pulls,,,,,,,,,,,,,,,,,,,,,,,,,,,,,,,,,,,,,,,,,,
,,,,,,,,,,,,,,,,,,,,,,,,,,JP,,Global,,,,,,,,,,,,,,,,,,,,,,,,,,,Date Override,,Start Date,End Date,,,,,,,,,,,,,,,
,,,,,,,,,,,,,,,,,,,,,,,,,,Start Date,End Date,Start Date,End Date,,Starts In,,,,,,,,,,,,,,,,,,,,,,,,,,2028-08-18,2028-08-27,,,,,,,,,,,,,,,
,,,,,,,,,,,,,,,,,,,,,,,,,,2025-08-15,2025-08-24,2028-08-18,2028-08-27,,784 Days,,,,,,,,,,,,,,,,,,,,,,,,Banner Type,-1,2028-08-18 22:00:00,2028-08-27 21:59:59,,,,,,,,,,,,,,,
,,,,,,,,,,,,,,,,,,,,,,,,,,LoH #12,,,,,,,,,,,,,,,,,,,,,,,,,,,,,JP,,JP Datedif,1633,,,,,,,162,162,219,256,2028-08-18 22:00:00,,,12,2028-08-25 21:59:59
,,,,,,,,,,,,,,,,,,,,,,,,,,,,,,,,,,,,,,,,,,,,,,,,,,,,,,,Start Date,End Date,Global Datedif,1149,,,,,,,,,,,,,,,
,,,,,,,,,,,,,,,,,,,,,,,,,,,Turf,,,,,,,,,,,,,,,,,,,,,,,,,,,,2025-08-15,2025-08-24,D-Day,784,,,,,,,,,,,,,,,
,,,,,,,,,,,,,,,,,,,,,,,,,,2600m,Long,,,,,,,,,,,,,,,,,,,,,,,,,,,,Pull Tickets,,Finals Day,792,,,,,,,,,,,,,,,
,,,,,,,,,,,,,,,,,,,,,,,,,,,,,,,,,,,,,,,,,,,,,,,,,,,,,,,Uma,Support,Length,9,,,,,,,,,,,,,,,
,,,,,,,,,,,,,,,,,,,,,,,,,,,,,,,,,,,,,,,,,,,,,,,,,,,,,,,,,Dropdown,FALSE,,,,,,,,,,,,,,,
,,,,,,,,,,,,,,,,,,,,,,,,,,,,,,,,,,,,,,,,,,,,,,,,,,,,,,,Limit Break Crystals,,,,,,,,,,,,,,,,,,
,,,,,,,,,,,,,,,,,,,,,,,,,,,,,,,,,,,,,,,,,,,,,,,,,,,,,,,SSR,SR,,,,,,,,,,,,,,,,,
,,,,,,,,,,,,,,,,,,,,,,,,,,,,,,,,,,,,,,,,,,,,,,,,,,,,,,,2,2,,,,,,,,,,,,,,,,,
,,,,,,,,,,,,,,,,,,,,,,,,,,JP,,Global,,,,Free Pulls,,,,4.5th Anniversary: August 2028,,,,,,,,,3080,2028-08-25 22:00:00,k1,3000,2028-09-20 21:59:59,,,,,,Date Override,,Start Date,End Date,,,,,,,,,,,,,,,
,,,,,,,,,,,,,,,,,,,,,,,,,,Start Date,End Date,Start Date,End Date,,Releases In,Uma,Support,,,,,,,,,,,,3080,First Day,Hours,3000,Throughout,,,,,,,,2028-08-25,2028-09-20,,,,,,,,,,,,,,,
,,,,,,,,,,,,,,,,,,,,,,,,,,2025-08-24,2025-09-19,2028-08-25,2028-09-20,,791 Days,0,100,,,,,,,,,,,,80,Uma Story Ch 1-4,,3000,4.5th Anniversary Login Bonus,,,,,,Banner Type,1,2028-08-25 22:00:00,2028-09-20 21:59:59,Still in Love,Stay Gold + Admire Groove,4.5th Anniversary,Still in Love,Stay Gold + Admire Groove,4.5th Anniversary,,,,,,,,,
,,,,,,,,,,,,,,,,,,,,,,,,,,,,,,,,,,,,,,,,,,,,,3000,4.5th Anniversary Login Gift,,,,,,,,,JP,,JP Datedif,1642,,,,,,,164,164,219,256,2028-08-25 22:00:00,,,,
,,,,,,,,,,,,,,,,,,,,,,,,,,,,,,,,,,,,,,,,,,,,,,,,,,,,,,,Start Date,End Date,Global Datedif,1156,,,,,,,,,,,,,,,
,,,,,,,,,,,,,,,,,,,,,,,,,,,,,,,,,,,,,,,,,,,,,,,,,,,,,,,2025-08-24,2025-09-19,D-Day,791,,,,,,,,,,,,,,,
,,,,,,,,,,,,,,,,,,,,,,,,,,,,,,,,,,,,,,,,,,,,,0,2028-09-20 21:59:59,k3,,,,,,,,Pull Tickets,,Finals Day,816,,,,,,,,,,,,,,,
,,,,,,,,,,,,,,,,,,,,,,,,,,,,,,,,,,,,,,,,,,,,,0,Last Day,,,,,,,,,Uma,Support,Length,26,,,,,,,,,,,,,,,
,,,,,,,,,,,,,,,,,,,,,,,,,,,,,,,,,,,,,,,,,,,,,,,,,,,,,,,2,2,Dropdown,FALSE,,,,,,,,,,,,,,,
,,,,,,,,,,,,,,,,,,,,,,,,,,,,,,,Still in Love,,Stay Gold,Admire Groove,,,,3* Uma Selector,SSR Selector,Chrono Genesis,,,,,,,,,,,,,,,Limit Break Crystals,,,,,,,,,,,,,,,,,,
,,,,,,,,,,,,,,,,,,,,,,,,,,,,,,,Rate up Banner,,100x Free Pulls,,,,,"1 Paid ($21),&($70)","1 Paid ($21),&($70)",,,,,,,,,,,,,,,,SSR,SR,,,,,,,,,,,,,,,,,
,,,,,,,,,,,,,,,,,,,,,,,,,,,,,,,,,,,,,,Up to Cheval Grand/Satono Crown Summer,Up to Win Variation/Duramente,,,,,,,,,,,,,,,,,,,,,,,,,,,,,,,,,,
,,,,,,,,,,,,,,,,,,,,,,,,,,JP,,Global,,,,,,,,,,,,,,,,,0,2028-08-28 22:00:00,k1,3410,2028-09-08 21:59:59,,,,,,Date Override,,Start Date,End Date,,,,,,,,,,,,,,,
,,,,,,,,,,,,,,,,,,,,,,,,,,Start Date,End Date,Start Date,End Date,,Releases In,,,,,,,,,,,,,,0,First Day,Hours,3410,Throughout,,,,,,,,2028-08-28,2028-09-08,,,,,,,,,,,,,,,
,,,,,,,,,,,,,,,,,,,,,,,,,,2025-08-29,2025-09-09,2028-08-28,2028-09-08,,794 Days,,,,,,,,,,,,,,,,,2910,"Event Rewards (Story, Bingo, Event Pt)",,,,,,Banner Type,1,2028-08-28 22:00:00,2028-09-08 21:59:59,K.S.Miracle (Alt Version) + Hishi Miracle (Alt Version),Calstone Light O + Durandal,,K.S.Miracle (Alt Version) + Hishi Miracle (Alt Version),Calstone Light O + Durandal,,,,,,,,,,
,,,,,,,,,,,,,,,,,,,,,,,,,,,,,,,,,,,,,,,,,,,,,,,,,,,,,,,JP,,JP Datedif,1647,,,,,,,168,168,225,263,2028-08-28 22:00:00,,,,
,,,,,,,,,,,,,,,,,,,,,,,,,,,,,,,,,,,,,,,,,,,,,,,,250,Legend Race (Fine Motion Wedding),,,,,,Start Date,End Date,Global Datedif,1159,,,,,,,,,,,,,,,
,,,,,,,,,,,,,,,,,,,,,,,,,,,,,,,,,,,,,,,,,,,,,,,,250,Legend Race (Vivlos),,,,,,2025-08-29,2025-09-09,D-Day,794,,,,,,,,,,,,,,,
,,,,,,,,,,,,,,,,,,,,,,,,,,,,,,,,,,,,,,,,,,,,,500,2028-09-08 21:59:59,k3,,,,,,,,Pull Tickets,,Finals Day,804,,,,,,,,,,,,,,,
,,,,,,,,,,,,,,,,,,,,,,,,,,,,,,,,,,,,,,,,,,,,,500,Last Day,,,,,,,,,Uma,Support,Length,11,,,,,,,,,,,,,,,
,,,,,,,,,,,,,,,,,,,,,,,,,,,,,,,,,,,,,,,,,,,,,500,4.5th Anniversary Celebration Missions Part 2,,,,,,,,,4,4,Dropdown,FALSE,,,,,,,,,,,,,,,
,,,,,,,,,,,,,,,,,,,,,,,,,,,,,,,K.S.Miracle,Hishi Miracle,Calstone Light O,Durandal,,,,,,Dantsu Flame,,,,,,,,,,,,,,,Limit Break Crystals,,,,,,,,,,,,,,,,,,
,,,,,,,,,,,,,,,,,,,,,,,,,,,,,,,(Alt Version),(Alt Version),,,,,,,,,,,,,,,,,,,,,,,SSR,SR,,,,,,,,,,,,,,,,,
,,,,,,,,,,,,,,,,,,,,,,,,,,,,,,,,,,,,,,,,,,,,,,,,,,,,,,,6,7,,,,,,,,,,,,,,,,,
,,,,,,,,,,,,,,,,,,,,,,,,,,JP,,Global,,,,,,,,,,,,,,,,,80,2028-09-05 22:00:00,k1,900,2028-09-15 21:59:59,,,,,,Date Override,,Start Date,End Date,,,,,,,,,,,,,,,
,,,,,,,,,,,,,,,,,,,,,,,,,,Start Date,End Date,Start Date,End Date,,Releases In,,,,,,,,,,,,,,80,First Day,Hours,900,Throughout,,,,,,,,2028-09-05,2028-09-15,,,,,,,,,,,,,,,
,,,,,,,,,,,,,,,,,,,,,,,,,,2025-09-09,2025-09-19,2028-09-05,2028-09-15,,802 Days,,,,,,,,,,,,,,80,Uma Story Ch 1-4,,900,Agnes Tachyon Factor Study,,,,,,Banner Type,1,2028-09-05 22:00:00,2028-09-15 21:59:59,Espoir City,Daiichi Ruby 30270,,Espoir City,Daiichi Ruby 30270,,,,,,,,,,
,,,,,,,,,,,,,,,,,,,,,,,,,,,,,,,,,,,,,,,,,,,,,,,,,,,,,,,JP,,JP Datedif,1658,,,,,,,169,169,226,265,2028-09-05 22:00:00,,,,
,,,,,,,,,,,,,,,,,,,,,,,,,,,,,,,,,,,,,,,,,,,,,,,,,,,,,,,Start Date,End Date,Global Datedif,1167,,,,,,,,,,,,,,,
,,,,,,,,,,,,,,,,,,,,,,,,,,,,,,,,,,,,,,,,,,,,,,,,,,,,,,,2025-09-09,2025-09-19,D-Day,802,,,,,,,,,,,,,,,
,,,,,,,,,,,,,,,,,,,,,,,,,,,,,,,,,,,,,,,,,,,,,500,2028-09-15 21:59:59,k3,,,,,,,,Pull Tickets,,Finals Day,811,,,,,,,,,,,,,,,
,,,,,,,,,,,,,,,,,,,,,,,,,,,,,,,,,,,,,,,,,,,,,500,Last Day,,,,,,,,,Uma,Support,Length,10,,,,,,,,,,,,,,,
,,,,,,,,,,,,,,,,,,,,,,,,,,,,,,,,,,,,,,,,,,,,,500,4.5th Anniversary Celebration Missions Part 3,,,,,,,,,1,1,Dropdown,FALSE,,,,,,,,,,,,,,,
,,,,,,,,,,,,,,,,,,,,,,,,,,,,,,,Espoir City,,Daiichi Ruby 30270,,Biko Pegasus,,,,Up to Win Variation/Duramente,,,,,,,,,,,,,,,,Limit Break Crystals,,,,,,,,,,,,,,,,,,
,,,,,,,,,,,,,,,,,,,,,,,,,,,,,,,,,,,,,,,,,,,,,,,,,,,,,,,SSR,SR,,,,,,,,,,,,,,,,,
,,,,,,,,,,,,,,,,,,,,,,,,,,,,,,,,,,,,,,,,,,,,,,,,,,,,,,,1,2,,,,,,,,,,,,,,,,,
,,,,,,,,,,,,,,,,,,,,,,,,,,JP,,Global,,,,,,,,,,,,,,,,,80,2028-09-12 22:00:00,k1,0,2028-09-22 21:59:59,,,,,,Date Override,,Start Date,End Date,,,,,,,,,,,,,,,
,,,,,,,,,,,,,,,,,,,,,,,,,,Start Date,End Date,Start Date,End Date,,Releases In,,,,,,,,,,,,,,80,First Day,Hours,0,Throughout,,,,,,,,2028-09-12,2028-09-22,,,,,,,,,,,,,,,
,,,,,,,,,,,,,,,,,,,,,,,,,,2025-09-19,2025-09-29,2028-09-12,2028-09-22,,809 Days,,,,,,,,,,,,,,80,Uma Story Ch 1-4,,,,,,,,,Banner Type,2,2028-09-12 22:00:00,2028-09-22 21:59:59,Believe,Almond Eye + Dream Journey + Air Shakur + Buena Vista + Vodka + Silence Suzuka + Curren Chan + Daring Tact + Symboli Rudolf + Daiwa Scarlet,,Believe,Almond Eye + Dream Journey + Air Shakur + Buena Vista + Vodka + Silence Suzuka + Curren Chan + Daring Tact + Symboli Rudolf + Daiwa Scarlet,,,,,,,,,,
,,,,,,,,,,,,,,,,,,,,,,,,,,,,,,,,,,,,,,,,,,,,,,,,,,,,,,,JP,,JP Datedif,1668,,,,,,,169,169,226,265,2028-09-12 22:00:00,,,,
,,,,,,,,,,,,,,,,,,,,,,,,,,,,,,,,,,,,,,,,,,,,,,,,,,,,,,,Start Date,End Date,Global Datedif,1174,,,,,,,,,,,,,,,
,,,,,,,,,,,,,,,,,,,,,,,,,,,,,,,,,,,,,,,,,,,,,,,,,,,,,,,2025-09-19,2025-09-29,D-Day,809,,,,,,,,,,,,,,,
,,,,,,,,,,,,,,,,,,,,,,,,,,,,,,,,,,,,,,,,,,,,,150,2028-09-22 21:59:59,k3,,,,,,,,Pull Tickets,,Finals Day,818,,,,,,,,,,,,,,,
,,,,,,,,,,,,,,,,,,,,,,,,,,,,,,,,,,,,,,,,,,,,,150,Last Day,,,,,,,,,Uma,Support,Length,10,,,,,,,,,,,,,,,
,,,,,,,,,,,,,,,,,,,,,,,,,,,,,,,,,,,,,,,,,,,,,150,Autumn G1 Celebration Missions Part 1 (Sprinters Stakes),,,,,,,,,0,0,Dropdown,FALSE,,,,,,,,,,,,,,,
,,,,,,,,,,,,,,,,,,,,,,,,,,,,,,,Believe,,Almond Eye,Dream Journey,Air Shakur,Buena Vista,Vodka,Silence Suzuka,Curren Chan,Daring Tact,Symboli Rudolf,Daiwa Scarlet,,,,,,,,,,,,,Limit Break Crystals,,,,,,,,,,,,,,,,,,
,,,,,,,,,,,,,,,,,,,,,,,,,,,,,,,,,,,,,,,,,,,,,,,,,,,,,,,SSR,SR,,,,,,,,,,,,,,,,,
,,,,,,,,,,,,,,,,,,,,,,,,,,,,,,,,,,,,,,,,,,,,,,,,,,,,,,,,,,,,,,,,,,,,,,,,,
,,,,,,,,,,,,,,,,,,,,,,,,,,,,,,,,,,,,,,,,,,,,,,,,,,,,,,,Date Override,,Start Date,End Date,,,,,,,,,,,,,,,
,,,,,,,,,,,,,,,,,,,,,,,,,,,,,,,,,,,,,,,,,,,,,,,,,,,,,,,,,2028-09-14,2028-09-20,,,,,,,,,,,,,,,
,,,,,,,,,,,,,,,,,,,,,,,,,,,,,,,,,,,,,,,,,,,,,,,,,,,,,,,Banner Type,-1,2028-09-14 22:00:00,2028-09-20 21:59:59,,,,,,,,,,,,,,,
,,,,,,,,,,,,,,,,,,,,,,,,,,,,,,,,,,,,,,,,,,,,,,,,,,,,,,,JP,,JP Datedif,1671,,,,,,,169,169,226,265,2028-09-14 22:00:00,26,2028-09-19 21:59:59,,
,,,,,,,,,,,,,,,,,,,,,,,,,,,,,,,,,,,,,,,,,,,,,,,,,,,,,,,Start Date,End Date,Global Datedif,1176,,,,,,,,,,,,,,,
,,,,,,,,,,,,,,,,,,,,,,,,,,,,,,,,,,,,,,,,,,,,,,,,,,,,,,,2025-09-22,2025-09-28,D-Day,811,,,,,,,,,,,,,,,
,,,,,,,,,,,,,,,,,,,,,,,,,,,,,,,,,,,,,,,,,,,,,,,,,,,,,,,Pull Tickets,,Finals Day,816,,,,,,,,,,,,,,,
,,,,,,,,,,,,,,,,,,,,,,,,,,,,,,,,,,,,,,,,,,,,,,,,,,,,,,,Uma,Support,Length,6,,,,,,,,,,,,,,,
,,,,,,,,,,,,,,,,,,,,,,,,,,,,,,,,,,,,,,,,,,,,,,,,,,,,,,,,,Dropdown,FALSE,,,,,,,,,,,,,,,
,,,,,,,,,,,,,,,,,,,,,,,,,,,,,,,,,,,,,,,,,,,,,,,,,,,,,,,Limit Break Crystals,,,,,,,,,,,,,,,,,,
,,,,,,,,,,,,,,,,,,,,,,,,,,,,,,,,,,,,,,,,,,,,,,,,,,,,,,,SSR,SR,,,,,,,,,,,,,,,,,
,,,,,,,,,,,,,,,,,,,,,,,,,,,,,,,,,,,,,,,,,,,,,,,,,,,,,,,,,,,,,,,,,,,,,,,,,
,,,,,,,,,,,,,,,,,,,,,,,,,,JP,,Global,,,,,,,,,,,,,,,,,0,2028-09-19 22:00:00,k1,3410,2028-09-30 21:59:59,,,,,,Date Override,,Start Date,End Date,,,,,,,,,,,,,,,
,,,,,,,,,,,,,,,,,,,,,,,,,,Start Date,End Date,Start Date,End Date,,Releases In,,,,,,,,,,,,,,0,First Day,Hours,3410,Throughout,,,,,,,,2028-09-19,2028-09-30,,,,,,,,,,,,,,,
,,,,,,,,,,,,,,,,,,,,,,,,,,2025-09-29,2025-10-10,2028-09-19,2028-09-30,,816 Days,,,,,,,,,,,,,,,,,2910,"Event Rewards (Story, Bingo, Event Pt)",,,,,,Banner Type,1,2028-09-19 22:00:00,2028-09-30 21:59:59,Hishi Akebono (Halloween) + Marvelous Sunday (Halloween),Fuji Kiseki + Eishin Flash,,Hishi Akebono (Halloween) + Marvelous Sunday (Halloween),Fuji Kiseki + Eishin Flash,,,,,,,,,,
,,,,,,,,,,,,,,,,,,,,,,,,,,,,,,,,,,,,,,,,,,,,,,,,,,,,,,,JP,,JP Datedif,1678,,,,,,,171,171,230,270,2028-09-19 22:00:00,,,,
,,,,,,,,,,,,,,,,,,,,,,,,,,,,,,,,,,,,,,,,,,,,,,,,250,Legend Race (Super Creek Halloween),,,,,,Start Date,End Date,Global Datedif,1181,,,,,,,,,,,,,,,
,,,,,,,,,,,,,,,,,,,,,,,,,,,,,,,,,,,,,,,,,,,,,,,,250,Legend Race (Narita Top Road),,,,,,2025-09-29,2025-10-10,D-Day,816,,,,,,,,,,,,,,,
,,,,,,,,,,,,,,,,,,,,,,,,,,,,,,,,,,,,,,,,,,,,,300,2028-09-30 21:59:59,k3,,,,,,,,Pull Tickets,,Finals Day,826,,,,,,,,,,,,,,,
,,,,,,,,,,,,,,,,,,,,,,,,,,,,,,,,,,,,,,,,,,,,,300,Last Day,,,,,,,,,Uma,Support,Length,11,,,,,,,,,,,,,,,
,,,,,,,,,,,,,,,,,,,,,,,,,,,,,,,,,,,,,,,,,,,,,150,Autumn G1 Celebration Missions Part 1 (Japanese Derby),,,,,,,,,2,2,Dropdown,FALSE,,,,,,,,,,,,,,,
,,,,,,,,,,,,,,,,,,,,,,,,,,,,,,,Hishi Akebono,Marvelous Sunday,Fuji Kiseki,Eishin Flash,,,,,,Tosen Jordan,,,,,150,Autumn G1 Celebration Missions Part 1 (Mile Championship Nambu Hai),,,,,,,,,Limit Break Crystals,,,,,,,,,,,,,,,,,,
,,,,,,,,,,,,,,,,,,,,,,,,,,,,,,,(Halloween),(Halloween),,,,,,,,,,,,,,,,,,,,,,,SSR,SR,,,,,,,,,,,,,,,,,
,,,,,,,,,,,,,,,,,,,,,,,,,,,,,,,,,,,,,,,,,,,,,,,,,,,,,,,4,5,,,,,,,,,,,,,,,,,
,,,,,,,,,,,,,,,,,,,,,,,,,,JP,,Global,,,,,,,,,,,,,,,,,0,2028-09-27 22:00:00,k1,900,2028-10-07 21:59:59,,,,,,Date Override,,Start Date,End Date,,,,,,,,,,,,,,,
,,,,,,,,,,,,,,,,,,,,,,,,,,Start Date,End Date,Start Date,End Date,,Releases In,,,,,,,,,,,,,,0,First Day,Hours,900,Throughout,,,,,,,,2028-09-27,2028-10-07,,,,,,,,,,,,,,,
,,,,,,,,,,,,,,,,,,,,,,,,,,2025-10-10,2025-10-20,2028-09-27,2028-10-07,,824 Days,,,,,,,,,,,,,,,,,900,Agnes Tachyon Factor Study,,,,,,Banner Type,1,2028-09-27 22:00:00,2028-10-07 21:59:59,Tosen Jordan (Halloween),Curren Bouquetd'or,,Tosen Jordan (Halloween),Curren Bouquetd'or,,,,,,,,,,
,,,,,,,,,,,,,,,,,,,,,,,,,,,,,,,,,,,,,,,,,,,,,,,,,,,,,,,JP,,JP Datedif,1689,,,,,,,171,171,231,271,2028-09-27 22:00:00,,,,
,,,,,,,,,,,,,,,,,,,,,,,,,,,,,,,,,,,,,,,,,,,,,,,,,,,,,,,Start Date,End Date,Global Datedif,1189,,,,,,,,,,,,,,,
,,,,,,,,,,,,,,,,,,,,,,,,,,,,,,,,,,,,,,,,,,,,,,,,,,,,,,,2025-10-10,2025-10-20,D-Day,824,,,,,,,,,,,,,,,
,,,,,,,,,,,,,,,,,,,,,,,,,,,,,,,,,,,,,,,,,,,,,150,2028-10-07 21:59:59,k3,,,,,,,,Pull Tickets,,Finals Day,833,,,,,,,,,,,,,,,
,,,,,,,,,,,,,,,,,,,,,,,,,,,,,,,,,,,,,,,,,,,,,150,Last Day,,,,,,,,,Uma,Support,Length,10,,,,,,,,,,,,,,,
,,,,,,,,,,,,,,,,,,,,,,,,,,,,,,,,,,,,,,,,,,,,,150,Autumn G1 Celebration Missions Part 1 (Shuka Sho),,,,,,,,,0,0,Dropdown,FALSE,,,,,,,,,,,,,,,
,,,,,,,,,,,,,,,,,,,,,,,,,,,,,,,Tosen Jordan,,Curren Bouquetd'or,,Sakura Chitose O,,,,,,,,,,,,,,,,,,,,Limit Break Crystals,,,,,,,,,,,,,,,,,,
,,,,,,,,,,,,,,,,,,,,,,,,,,,,,,,(Halloween),,,,,,,,,,,,,,,,,,,,,,,,SSR,SR,,,,,,,,,,,,,,,,,
,,,,,,,,,,,,,,,,,,,,,,,,,,,,,,,,,,,,,,,,,,,,,,,,,,,,,,,1,1,,,,,,,,,,,,,,,,,
,,,,,,,,,,,,,,,,,,,,,,,,,,JP,,Global,,,,,,,,,,,,,,,,,80,2028-10-02 22:00:00,k1,0,2028-10-13 21:59:59,,,,,,Date Override,,Start Date,End Date,,,,,,,,,,,,,,,
,,,,,,,,,,,,,,,,,,,,,,,,,,Start Date,End Date,Start Date,End Date,,Releases In,,,,,,,,,,,,,,80,First Day,Hours,0,Throughout,,,,,,,,2028-10-02,2028-10-13,,,,,,,,,,,,,,,
,,,,,,,,,,,,,,,,,,,,,,,,,,2025-10-18,2025-10-29,2028-10-02,2028-10-13,,829 Days,,,,,,,,,,,,,,80,Uma Story Ch 1-4,,,,,,,,,Banner Type,2,2028-10-02 22:00:00,2028-10-13 21:59:59,Dantsu Flame,Almond Eye + Seeking the Pearl + Nishino Flower + Espoir City + Mejiro Ardan + Curren Chan + Ikuno Dictus + Copano Rickey + Symboli Rudolf + Daiwa Scarlet,,Dantsu Flame,Almond Eye + Seeking the Pearl + Nishino Flower + Espoir City + Mejiro Ardan + Curren Chan + Ikuno Dictus + Copano Rickey + Symboli Rudolf + Daiwa Scarlet,,,,,,,,,,
,,,,,,,,,,,,,,,,,,,,,,,,,,,,,,,,,,,,,,,,,,,,,,,,,,,,,,,JP,,JP Datedif,1697,,,,,,,171,171,231,271,2028-10-02 22:00:00,,,,
,,,,,,,,,,,,,,,,,,,,,,,,,,,,,,,,,,,,,,,,,,,,,,,,,,,,,,,Start Date,End Date,Global Datedif,1194,,,,,,,,,,,,,,,
,,,,,,,,,,,,,,,,,,,,,,,,,,,,,,,,,,,,,,,,,,,,,,,,,,,,,,,2025-10-18,2025-10-29,D-Day,829,,,,,,,,,,,,,,,
,,,,,,,,,,,,,,,,,,,,,,,,,,,,,,,,,,,,,,,,,,,,,450,2028-10-13 21:59:59,k3,,,,,,,,Pull Tickets,,Finals Day,839,,,,,,,,,,,,,,,
,,,,,,,,,,,,,,,,,,,,,,,,,,,,,,,,,,,,,,,,,,,,,450,Last Day,,,,,,,,,Uma,Support,Length,11,,,,,,,,,,,,,,,
,,,,,,,,,,,,,,,,,,,,,,,,,,,,,,,,,,,,,,,,,,,,,150,Autumn G1 Celebration Missions Part 1 (Kikuka Sho),,,,,,,,,0,0,Dropdown,FALSE,,,,,,,,,,,,,,,
,,,,,,,,,,,,,,,,,,,,,,,,,,,,,,,Dantsu Flame,,Almond Eye,Seeking the Pearl,Nishino Flower,Espoir City,Mejiro Ardan,Curren Chan,Ikuno Dictus,Copano Rickey,Symboli Rudolf,Daiwa Scarlet,,,150,Autumn G1 Celebration Missions Part 2 (Tenno Sho (Autumn)),,,,,,,,,Limit Break Crystals,,,,,,,,,,,,,,,,,,
,,,,,,,,,,,,,,,,,,,,,,,,,,,,,,,,,,,,,,,,,,,,,150,Autumn G1 Celebration Missions Part 2 (JBC 2025),,,,,,,,,SSR,SR,,,,,,,,,,,,,,,,,
,,,,,,,,,,,,,,,,,,,,,,,,,,,,,,,,,,,,,,,,,,,,,,,,,,,,,,,,,,,,,,,,,,,,,,,,,
,,,,,,,,,,,,,,,,,,,,,,,,,,JP,,Global,,,,,,,,,,,,,,,,,0,2028-10-02 22:00:00,k1,0,2028-10-13 21:59:59,,,,,,Date Override,,Start Date,End Date,,,,,,,,,,,,,,,
,,,,,,,,,,,,,,,,,,,,,,,,,,Start Date,End Date,Start Date,End Date,,Releases In,,,,,,,,,,,,,,0,First Day,Hours,0,Throughout,,,,,,,,2028-10-02,2028-10-13,,,,,,,,,,,,,,,
,,,,,,,,,,,,,,,,,,,,,,,,,,2025-10-18,2025-10-29,2028-10-02,2028-10-13,,829 Days,,,,,,,,,,,,,,,,,,,,,,,,Banner Type,1,2028-10-02 22:00:00,2028-10-13 21:59:59,Jungle Pocket (Rerun),,,Jungle Pocket (Rerun),,,,,,,,,,,
,,,,,,,,,,,,,,,,,,,,,,,,,,,,,,,,,,,,,,,,,,,,,,,,,,,,,,,JP,,JP Datedif,1697,,,,,,,171,171,231,271,2028-10-02 22:00:00,,,,
,,,,,,,,,,,,,,,,,,,,,,,,,,,,,,,,,,,,,,,,,,,,,,,,,,,,,,,Start Date,End Date,Global Datedif,1194,,,,,,,,,,,,,,,
,,,,,,,,,,,,,,,,,,,,,,,,,,,,,,,,,,,,,,,,,,,,,,,,,,,,,,,2025-10-18,2025-10-29,D-Day,829,,,,,,,,,,,,,,,
,,,,,,,,,,,,,,,,,,,,,,,,,,,,,,,,,,,,,,,,,,,,,0,2028-10-13 21:59:59,k3,,,,,,,,Pull Tickets,,Finals Day,839,,,,,,,,,,,,,,,
,,,,,,,,,,,,,,,,,,,,,,,,,,,,,,,,,,,,,,,,,,,,,0,Last Day,,,,,,,,,Uma,Support,Length,11,,,,,,,,,,,,,,,
,,,,,,,,,,,,,,,,,,,,,,,,,,,,,,,,,,,,,,,,,,,,,,,,,,,,,,,0,0,Dropdown,FALSE,,,,,,,,,,,,,,,
,,,,,,,,,,,,,,,,,,,,,,,,,,,,,,,Jungle Pocket,,,,,,,,,,,,,,,,,,,,,,,,Limit Break Crystals,,,,,,,,,,,,,,,,,,
,,,,,,,,,,,,,,,,,,,,,,,,,,,,,,,(Rerun),,,,,,,,,,,,,,,,,,,,,,,,SSR,SR,,,,,,,,,,,,,,,,,
,,,,,,,,,,,,,,,,,,,,,,,,,,,,,,,,,,,,,,,,,,,,,,,,,,,,,,,,,,,,,,,,,,,,,,,,,
,,,,,,,,,,,,,,,,,,,,,,,,,,,,,,,,,,,,,,,,,,,,,,,,,,,,,,,Date Override,,Start Date,End Date,,,,,,,,,,,,,,,
,,,,,,,,,,,,,,,,,,,,,,,,,,,,,,,,,,,,,,,,,,,,,,,,,,,,,,,,,2028-10-06,2028-10-12,,,,,,,,,,,,,,,
,,,,,,,,,,,,,,,,,,,,,,,,,,,,,,,,,,,,,,,,,,,,,,,,,,,,,,,Banner Type,-1,2028-10-06 22:00:00,2028-10-12 21:59:59,,,,,,,,,,,,,,,
,,,,,,,,,,,,,,,,,,,,,,,,,,,,,,,,,,,,,,,,,,,,,,,,,,,,,,,JP,,JP Datedif,1702,,,,,,,171,171,231,271,2028-10-06 22:00:00,27,2028-10-11 21:59:59,,
,,,,,,,,,,,,,,,,,,,,,,,,,,,,,,,,,,,,,,,,,,,,,,,,,,,,,,,Start Date,End Date,Global Datedif,1198,,,,,,,,,,,,,,,
,,,,,,,,,,,,,,,,,,,,,,,,,,,,,,,,,,,,,,,,,,,,,,,,,,,,,,,2025-10-23,2025-10-29,D-Day,833,,,,,,,,,,,,,,,
,,,,,,,,,,,,,,,,,,,,,,,,,,,,,,,,,,,,,,,,,,,,,,,,,,,,,,,Pull Tickets,,Finals Day,838,,,,,,,,,,,,,,,
,,,,,,,,,,,,,,,,,,,,,,,,,,,,,,,,,,,,,,,,,,,,,,,,,,,,,,,Uma,Support,Length,6,,,,,,,,,,,,,,,
,,,,,,,,,,,,,,,,,,,,,,,,,,,,,,,,,,,,,,,,,,,,,,,,,,,,,,,,,Dropdown,FALSE,,,,,,,,,,,,,,,
,,,,,,,,,,,,,,,,,,,,,,,,,,,,,,,,,,,,,,,,,,,,,,,,,,,,,,,Limit Break Crystals,,,,,,,,,,,,,,,,,,
,,,,,,,,,,,,,,,,,,,,,,,,,,,,,,,,,,,,,,,,,,,,,,,,,,,,,,,SSR,SR,,,,,,,,,,,,,,,,,
,,,,,,,,,,,,,,,,,,,,,,,,,,,,,,,,,,,,,,,,,,,,,,,,,,,,,,,,,,,,,,,,,,,,,,,,,
,,,,,,,,,,,,,,,,,,,,,,,,,,JP,,Global,,,,Free Pulls,,,,Paradise ♪ Yukoma Hot Springs,,,,,,,,,0,2028-10-10 22:00:00,k1,3550,2028-10-31 21:59:59,,,,,,Date Override,,Start Date,End Date,,,,,,,,,,,,,,,
,,,,,,,,,,,,,,,,,,,,,,,,,,Start Date,End Date,Start Date,End Date,,Releases In,Uma,Support,,,,,,,,,,,,0,First Day,Hours,3550,Throughout,,,,,,,,2028-10-10,2028-10-31,,,,,,,,,,,,,,,
,,,,,,,,,,,,,,,,,,,,,,,,,,2025-10-29,2025-11-19,2028-10-10,2028-10-31,,837 Days,0,80,,,,,,,,,,,,,,,1500,Login Bonus,,,,,,Banner Type,1,2028-10-10 22:00:00,2028-10-31 21:59:59,Transcend (Onsen),Kiyoko Hoshina + Tokai Teio,,Transcend (Onsen),Kiyoko Hoshina + Tokai Teio,,,,,,,,,,
,,,,,,,,,,,,,,,,,,,,,,,,,,,,,,,,,,,,,,,,,,,,,,,,,,,,,,,JP,,JP Datedif,1708,,,,,,,175,175,235,276,2028-10-10 22:00:00,,,,
,,,,,,,,,,,,,,,,,,,,,,,,,,,,,,,,,,,,,,,,,,,,,,,,250,Legend Race (Katsuragi Ace),,,,,,Start Date,End Date,Global Datedif,1202,,,,,,,,,,,,,,,
,,,,,,,,,,,,,,,,,,,,,,,,,,,,,,,,,,,,,,,,,,,,,,,,250,Legend Race (Vodka Christmas),,,,,,2025-10-29,2025-11-19,D-Day,837,,,,,,,,,,,,,,,
,,,,,,,,,,,,,,,,,,,,,,,,,,,,,,,,,,,,,,,,,,,,,800,2028-10-31 21:59:59,k3,,,,,,,,Pull Tickets,,Finals Day,857,,,,,,,,,,,,,,,
,,,,,,,,,,,,,,,,,,,,,,,,,,,,,,,,,,,,,,,,,,,,,800,Last Day,,1550,Trainer Skill Test,,,,,,Uma,Support,Length,21,,,,,,,,,,,,,,,
,,,,,,,,,,,,,,,,,,,,,,,,,,,,,,,,,,,,,,,,,,,,,500,New Scenario Release Celebration Missions,,,,,,,,,4,4,Dropdown,FALSE,,,,,,,,,,,,,,,
,,,,,,,,,,,,,,,,,,,,,,,,,,,,,,,Transcend,,Kiyoko Hoshina,Tokai Teio,,,,,,,,,,,150,Autumn G1 Celebration Missions Part 2 (Queen Elizabeth II Cup),,,,,,,,,Limit Break Crystals,,,,,,,,,,,,,,,,,,
,,,,,,,,,,,,,,,,,,,,,,,,,,,,,,,(Onsen),,80x Free Pulls,,,,,,,,,,,,150,Autumn G1 Celebration Missions Part 2 (Mile Championship),,,,,,,,,SSR,SR,,,,,,,,,,,,,,,,,
,,,,,,,,,,,,,,,,,,,,,,,,,,,,,,,,,,,,,,,,,,,,,,,,,,,,,,,4,5,,,,,,,,,,,,,,,,,
,,,,,,,,,,,,,,,,,,,,,,,,,,JP,,Global,,,,,,,,,,,,,,,,,0,2028-10-18 22:00:00,k1,900,2028-10-27 21:59:59,,,,,,Date Override,,Start Date,End Date,,,,,,,,,,,,,,,
,,,,,,,,,,,,,,,,,,,,,,,,,,Start Date,End Date,Start Date,End Date,,Releases In,,,,,,,,,,,,,,0,First Day,Hours,900,Throughout,,,,,,,,2028-10-18,2028-10-27,,,,,,,,,,,,,,,
,,,,,,,,,,,,,,,,,,,,,,,,,,2025-11-10,2025-11-19,2028-10-18,2028-10-27,,845 Days,,,,,,,,,,,,,,,,,900,Agnes Tachyon Factor Study,,,,,,Banner Type,1,2028-10-18 22:00:00,2028-10-27 21:59:59,Wonder Acute (Onsen),Mihono Bourbon,,Wonder Acute (Onsen),Mihono Bourbon,,,,,,,,,,
,,,,,,,,,,,,,,,,,,,,,,,,,,,,,,,,,,,,,,,,,,,,,,,,,,,,,,,JP,,JP Datedif,1720,,,,,,,175,175,236,277,2028-10-18 22:00:00,,,,
,,,,,,,,,,,,,,,,,,,,,,,,,,,,,,,,,,,,,,,,,,,,,,,,,,,,,,,Start Date,End Date,Global Datedif,1210,,,,,,,,,,,,,,,
,,,,,,,,,,,,,,,,,,,,,,,,,,,,,,,,,,,,,,,,,,,,,,,,,,,,,,,2025-11-10,2025-11-19,D-Day,845,,,,,,,,,,,,,,,
,,,,,,,,,,,,,,,,,,,,,,,,,,,,,,,,,,,,,,,,,,,,,0,2028-10-27 21:59:59,k3,,,,,,,,Pull Tickets,,Finals Day,853,,,,,,,,,,,,,,,
,,,,,,,,,,,,,,,,,,,,,,,,,,,,,,,,,,,,,,,,,,,,,0,Last Day,,,,,,,,,Uma,Support,Length,9,,,,,,,,,,,,,,,
,,,,,,,,,,,,,,,,,,,,,,,,,,,,,,,,,,,,,,,,,,,,,,,,,,,,,,,0,0,Dropdown,FALSE,,,,,,,,,,,,,,,
,,,,,,,,,,,,,,,,,,,,,,,,,,,,,,,Wonder Acute,,Mihono Bourbon,,Hokko Tarumae,,,,,,,,,,,,,,,,,,,,Limit Break Crystals,,,,,,,,,,,,,,,,,,
,,,,,,,,,,,,,,,,,,,,,,,,,,,,,,,(Onsen),,,,,,,,,,,,,,,,,,,,,,,,SSR,SR,,,,,,,,,,,,,,,,,
,,,,,,,,,,,,,,,,,,,,,,,,,,,,,,,,,,,,,,,,,,,,,,,,,,,,,,,1,1,,,,,,,,,,,,,,,,,
,,,,,,,,,,,,,,,,,,,,,,,,,,JP,,Global,,,,,,,,,,,,,,,,,80,2028-10-25 22:00:00,k1,0,2028-11-03 21:59:59,,,,,,Date Override,,Start Date,End Date,,,,,,,,,,,,,,,
,,,,,,,,,,,,,,,,,,,,,,,,,,Start Date,End Date,Start Date,End Date,,Releases In,,,,,,,,,,,,,,80,First Day,Hours,0,Throughout,,,,,,,,2028-10-25,2028-11-03,,,,,,,,,,,,,,,
,,,,,,,,,,,,,,,,,,,,,,,,,,2025-11-19,2025-11-28,2028-10-25,2028-11-03,,852 Days,,,,,,,,,,,,,,80,Uma Story Ch 1-4,,,,,,,,,Banner Type,2,2028-10-25 22:00:00,2028-11-03 21:59:59,Buena Vista,Almond Eye + Rhein Kraft + Espoir City + Mejiro Ardan + Transcend + Daring Tact + Ikuno Dictus + Copano Rickey + Symboli Rudolf + Daiwa Scarlet,,Buena Vista,Almond Eye + Rhein Kraft + Espoir City + Mejiro Ardan + Transcend + Daring Tact + Ikuno Dictus + Copano Rickey + Symboli Rudolf + Daiwa Scarlet,,,,,,,,,,
,,,,,,,,,,,,,,,,,,,,,,,,,,,,,,,,,,,,,,,,,,,,,,,,,,,,,,,JP,,JP Datedif,1729,,,,,,,175,175,236,277,2028-10-25 22:00:00,,,,
,,,,,,,,,,,,,,,,,,,,,,,,,,,,,,,,,,,,,,,,,,,,,,,,,,,,,,,Start Date,End Date,Global Datedif,1217,,,,,,,,,,,,,,,
,,,,,,,,,,,,,,,,,,,,,,,,,,,,,,,,,,,,,,,,,,,,,,,,,,,,,,,2025-11-19,2025-11-28,D-Day,852,,,,,,,,,,,,,,,
,,,,,,,,,,,,,,,,,,,,,,,,,,,,,,,,,,,,,,,,,,,,,150,2028-11-03 21:59:59,k3,,,,,,,,Pull Tickets,,Finals Day,860,,,,,,,,,,,,,,,
,,,,,,,,,,,,,,,,,,,,,,,,,,,,,,,,,,,,,,,,,,,,,150,Last Day,,,,,,,,,Uma,Support,Length,9,,,,,,,,,,,,,,,
,,,,,,,,,,,,,,,,,,,,,,,,,,,,,,,,,,,,,,,,,,,,,150,Autumn G1 Celebration Missions Part 2 (Japan Cup),,,,,,,,,0,0,Dropdown,FALSE,,,,,,,,,,,,,,,
,,,,,,,,,,,,,,,,,,,,,,,,,,,,,,,Buena Vista,,Almond Eye,Rhein Kraft,Espoir City,Mejiro Ardan,Transcend,Daring Tact,Ikuno Dictus,Copano Rickey,Symboli Rudolf,Daiwa Scarlet,,,,,,,,,,,,,Limit Break Crystals,,,,,,,,,,,,,,,,,,
,,,,,,,,,,,,,,,,,,,,,,,,,,,,,,,,,,,,,,,,,,,,,,,,,,,,,,,SSR,SR,,,,,,,,,,,,,,,,,
,,,,,,,,,,,,,,,,,,,,,,,,,,,,,,,,,,,,,,,,,,,,,,,,,,,,,,,,,,,,,,,,,,,,,,,,,
,,,,,,,,,,,,,,,,,,,,,,,,,,JP,,Global,,,,,,,,,,,,,,,,,,,,,,,,,,,Date Override,,Start Date,End Date,,,,,,,,,,,,,,,
,,,,,,,,,,,,,,,,,,,,,,,,,,Start Date,End Date,Start Date,End Date,,Starts In,,,,,,,,,,,,,,,,,,,,,,,,,,2028-10-26,2028-11-04,,,,,,,,,,,,,,,
,,,,,,,,,,,,,,,,,,,,,,,,,,2025-11-21,2025-11-30,2028-10-26,2028-11-04,,853 Days,,,,,,,,,,,,,,,,,,,,,,,,Banner Type,-1,2028-10-26 22:00:00,2028-11-04 21:59:59,,,,,,,,,,,,,,,
,,,,,,,,,,,,,,,,,,,,,,,,,,LoH #13,,,,,,,,,,,,,,,,,,,,,,,,,,,,,JP,,JP Datedif,1731,,,,,,,175,175,238,279,2028-10-26 22:00:00,,,13,2028-11-02 21:59:59
,,,,,,,,,,,,,,,,,,,,,,,,,,,,,,,,,,,,,,,,,,,,,,,,,,,,,,,Start Date,End Date,Global Datedif,1218,,,,,,,,,,,,,,,
,,,,,,,,,,,,,,,,,,,,,,,,,,,Dirt,,,,,,,,,,,,,,,,,,,,,,,,,,,,2025-11-21,2025-11-30,D-Day,853,,,,,,,,,,,,,,,
,,,,,,,,,,,,,,,,,,,,,,,,,,1600m,Mile,Left-Handed,,,,,,,,,,,,,,,,,,,,,,,,,,,Pull Tickets,,Finals Day,861,,,,,,,,,,,,,,,
,,,,,,,,,,,,,,,,,,,,,,,,,,,,,,,,,,,,,,,,,,,,,,,,,,,,,,,Uma,Support,Length,9,,,,,,,,,,,,,,,
,,,,,,,,,,,,,,,,,,,,,,,,,,,,,,,,,,,,,,,,,,,,,,,,,,,,,,,,,Dropdown,FALSE,,,,,,,,,,,,,,,
,,,,,,,,,,,,,,,,,,,,,,,,,,,,,,,,,,,,,,,,,,,,,,,,,,,,,,,Limit Break Crystals,,,,,,,,,,,,,,,,,,
,,,,,,,,,,,,,,,,,,,,,,,,,,,,,,,,,,,,,,,,,,,,,,,,,,,,,,,SSR,SR,,,,,,,,,,,,,,,,,
,,,,,,,,,,,,,,,,,,,,,,,,,,,,,,,,,,,,,,,,,,,,,,,,,,,,,,,2,2,,,,,,,,,,,,,,,,,
,,,,,,,,,,,,,,,,,,,,,,,,,,JP,,Global,,,,,,,,,,,,,,,,,0,2028-10-31 22:00:00,k1,7910,2028-11-13 21:59:59,,,,,,Date Override,,Start Date,End Date,,,,,,,,,,,,,,,
,,,,,,,,,,,,,,,,,,,,,,,,,,Start Date,End Date,Start Date,End Date,,Releases In,,,,,,,,,,,,,,0,First Day,Hours,7910,Throughout,,,,,,,,2028-10-31,2028-11-13,,,,,,,,,,,,,,,
,,,,,,,,,,,,,,,,,,,,,,,,,,2025-11-28,2025-12-11,2028-10-31,2028-11-13,,858 Days,,,,,,,,,,,,,,,,,2910,"Event Rewards (Story, Bingo, Event Pt)",,,,,,Banner Type,1,2028-10-31 22:00:00,2028-11-13 21:59:59,Nakayama Festa (Christmas) + Dream Journey (Christmas),Gold Ship + Fenomeno,,Nakayama Festa (Christmas) + Dream Journey (Christmas),Gold Ship + Fenomeno,,,,,,,,,,
,,,,,,,,,,,,,,,,,,,,,,,,,,,,,,,,,,,,,,,,,,,,,,,,,,,,,,,JP,,JP Datedif,1738,,,,,,,177,177,242,284,2028-10-31 22:00:00,,,,
,,,,,,,,,,,,,,,,,,,,,,,,,,,,,,,,,,,,,,,,,,,,,,,,250,Legend Race (Narita Brian Blaze),,,,,,Start Date,End Date,Global Datedif,1223,,,,,,,,,,,,,,,
,,,,,,,,,,,,,,,,,,,,,,,,,,,,,,,,,,,,,,,,,,,,,,,,250,Legend Race (Dream Journey),,,,,,2025-11-28,2025-12-11,D-Day,858,,,,,,,,,,,,,,,
,,,,,,,,,,,,,,,,,,,,,,,,,,,,,,,,,,,,,,,,,,,,,300,2028-11-13 21:59:59,k3,,,,,,,,Pull Tickets,,Finals Day,870,,,,,,,,,,,,,,,
,,,,,,,,,,,,,,,,,,,,,,,,,,,,,,,,,,,,,,,,,,,,,300,Last Day,,4500,Masters Challenge,,,,,,Uma,Support,Length,13,,,,,,,,,,,,,,,
,,,,,,,,,,,,,,,,,,,,,,,,,,,,,,,,,,,,,,,,,,,,,150,Autumn G1 Celebration Missions Part 3 (Champions Cup),,,,,,,,,2,2,Dropdown,FALSE,,,,,,,,,,,,,,,
,,,,,,,,,,,,,,,,,,,,,,,,,,,,,,,Nakayama Festa,Dream Journey,Gold Ship,Fenomeno,,,,,,Orfevre,,,,,150,Autumn G1 Celebration Missions Part 3 (Hanshin Juvenile Fillies),,,,,,,,,Limit Break Crystals,,,,,,,,,,,,,,,,,,
,,,,,,,,,,,,,,,,,,,,,,,,,,,,,,,(Christmas),(Christmas),,,,,,,,,,,,,,,,,,,,,,,SSR,SR,,,,,,,,,,,,,,,,,
,,,,,,,,,,,,,,,,,,,,,,,,,,,,,,,,,,,,,,,,,,,,,,,,,,,,,,,4,5,,,,,,,,,,,,,,,,,
,,,,,,,,,,,,,,,,,,,,,,,,,,JP,,Global,,,,,,,,,,,,,,,,,500,2028-11-09 22:00:00,k1,900,2028-12-07 21:59:59,,,,,,Date Override,,Start Date,End Date,,,,,,,,,,,,,,,
,,,,,,,,,,,,,,,,,,,,,,,,,,Start Date,End Date,Start Date,End Date,,Releases In,,,,,,,,,,,,,,500,First Day,Hours,900,Throughout,,,,,,,,2028-11-09,2028-12-07,,,,,,,,,,,,,,,
,,,,,,,,,,,,,,,,,,,,,,,,,,2025-12-11,2026-01-08,2028-11-09,2028-12-07,,867 Days,,,,,,,,,,,,,,500,Christmas Gift,,,,,,,,,Banner Type,1,2028-11-09 22:00:00,2028-12-07 21:59:59,Oguri Cap (Anime Collab),Inari One,,Oguri Cap (Anime Collab),Inari One,,,,,,,,,,
,,,,,,,,,,,,,,,,,,,,,,,,,,,,,,,,,,,,,,,,,,,,,,,,,,,,,,,JP,,JP Datedif,1751,,,,,,,177,177,243,285,2028-11-09 22:00:00,,,,
,,,,,,,,,,,,,,,,,,,,,,,,,,,,,,,,,,,,,,,,,,,,,,,,900,Agnes Tachyon Factor Study,,,,,,Start Date,End Date,Global Datedif,1232,,,,,,,,,,,,,,,
,,,,,,,,,,,,,,,,,,,,,,,,,,,,,,,,,,,,,,,,,,,,,,,,,,,,,,,2025-12-11,2026-01-08,D-Day,867,,,,,,,,,,,,,,,
,,,,,,,,,,,,,,,,,,,,,,,,,,,,,,,,,,,,,,,,,,,,,450,2028-12-07 21:59:59,k3,,,,,,,,Pull Tickets,,Finals Day,894,,,,,,,,,,,,,,,
,,,,,,,,,,,,,,,,,,,,,,,,,,,,,,,,,,,,,,,,,,,,,450,Last Day,,,,,,,,,Uma,Support,Length,28,,,,,,,,,,,,,,,
,,,,,,,,,,,,,,,,,,,,,,,,,,,,,,,,,,,,,,,,,,,,,150,Autumn G1 Celebration Missions Part 3 (Zen-Nippon Junior Yushun),,,,,,,,,0,0,Dropdown,FALSE,,,,,,,,,,,,,,,
,,,,,,,,,,,,,,,,,,,,,,,,,,,,,,,Oguri Cap,,Inari One,,Mejiro Dober,,,,,,,,,,150,Autumn G1 Celebration Missions Part 3 (Asahi Hai Futurity Stakes),,,,,,,,,Limit Break Crystals,,,,,,,,,,,,,,,,,,
,,,,,,,,,,,,,,,,,,,,,,,,,,,,,,,(Anime Collab),,,,,,,,,,,,,,150,Autumn G1 Celebration Missions Part 3 (Arima Kinen),,,,,,,,,SSR,SR,,,,,,,,,,,,,,,,,
,,,,,,,,,,,,,,,,,,,,,,,,,,,,,,,,,,,,,,,,,,,,,,,,,,,,,,,1,1,,,,,,,,,,,,,,,,,
,,,,,,,,,,,,,,,,,,,,,,,,,,JP,,Global,,,,,,,,,,,,,,,,,80,2028-11-16 22:00:00,k1,0,2028-12-15 21:59:59,,,,,,Date Override,,Start Date,End Date,,,,,,,,,,,,,,,
,,,,,,,,,,,,,,,,,,,,,,,,,,Start Date,End Date,Start Date,End Date,,Releases In,,,,,,,,,,,,,,80,First Day,Hours,0,Throughout,,,,,,,,2028-11-16,2028-12-15,,,,,,,,,,,,,,,
,,,,,,,,,,,,,,,,,,,,,,,,,,2025-12-21,2026-01-19,2028-11-16,2028-12-15,,874 Days,,,,,,,,,,,,,,80,Uma Story Ch 1-4,,,,,,,,,Banner Type,2,2028-11-16 22:00:00,2028-12-15 21:59:59,Stay Gold,Almond Eye + Rhein Kraft + Dream Journey + Air Shakur + Mejiro Bright + Tamamo Cross + Daring Tact + Ikuno Dictus + Daring Heart + Daiwa Scarlet,,Stay Gold,Almond Eye + Rhein Kraft + Dream Journey + Air Shakur + Mejiro Bright + Tamamo Cross + Daring Tact + Ikuno Dictus + Daring Heart + Daiwa Scarlet,,,,,,,,,,
,,,,,,,,,,,,,,,,,,,,,,,,,,,,,,,,,,,,,,,,,,,,,,,,,,,,,,,JP,,JP Datedif,1761,,,,,,,177,177,243,285,2028-11-16 22:00:00,,,,
,,,,,,,,,,,,,,,,,,,,,,,,,,,,,,,,,,,,,,,,,,,,,,,,,,,,,,,Start Date,End Date,Global Datedif,1239,,,,,,,,,,,,,,,
,,,,,,,,,,,,,,,,,,,,,,,,,,,,,,,,,,,,,,,,,,,,,,,,,,,,,,,2025-12-21,2026-01-19,D-Day,874,,,,,,,,,,,,,,,
,,,,,,,,,,,,,,,,,,,,,,,,,,,,,,,,,,,,,,,,,,,,,0,2028-12-15 21:59:59,k3,,,,,,,,Pull Tickets,,Finals Day,902,,,,,,,,,,,,,,,
,,,,,,,,,,,,,,,,,,,,,,,,,,,,,,,,,,,,,,,,,,,,,0,Last Day,,,,,,,,,Uma,Support,Length,29,,,,,,,,,,,,,,,
,,,,,,,,,,,,,,,,,,,,,,,,,,,,,,,,,,,,,,,,,,,,,,,,,,,,,,,0,0,Dropdown,FALSE,,,,,,,,,,,,,,,
,,,,,,,,,,,,,,,,,,,,,,,,,,,,,,,Stay Gold,,Almond Eye,Rhein Kraft,Dream Journey,Air Shakur,Mejiro Bright,Tamamo Cross,Daring Tact,Ikuno Dictus,Daring Heart,Daiwa Scarlet,,,,,,,,,,,,,Limit Break Crystals,,,,,,,,,,,,,,,,,,
,,,,,,,,,,,,,,,,,,,,,,,,,,,,,,,,,,,,,,,,,,,,,,,,,,,,,,,SSR,SR,,,,,,,,,,,,,,,,,
,,,,,,,,,,,,,,,,,,,,,,,,,,,,,,,,,,,,,,,,,,,,,,,,,,,,,,,,,,,,,,,,,,,,,,,,,
,,,,,,,,,,,,,,,,,,,,,,,,,,,,,,,,,,,,,,,,,,,,,,,,,,,,,,,Date Override,,Start Date,End Date,,,,,,,,,,,,,,,
,,,,,,,,,,,,,,,,,,,,,,,,,,,,,,,,,,,,,,,,,,,,,,,,,,,,,,,,,2028-11-16,2028-11-22,,,,,,,,,,,,,,,
,,,,,,,,,,,,,,,,,,,,,,,,,,,,,,,,,,,,,,,,,,,,,,,,,,,,,,,Banner Type,-1,2028-11-16 22:00:00,2028-11-22 21:59:59,,,,,,,,,,,,,,,
,,,,,,,,,,,,,,,,,,,,,,,,,,,,,,,,,,,,,,,,,,,,,,,,,,,,,,,JP,,JP Datedif,1761,,,,,,,177,177,243,285,2028-11-16 22:00:00,28,2028-11-21 21:59:59,,
,,,,,,,,,,,,,,,,,,,,,,,,,,,,,,,,,,,,,,,,,,,,,,,,,,,,,,,Start Date,End Date,Global Datedif,1239,,,,,,,,,,,,,,,
,,,,,,,,,,,,,,,,,,,,,,,,,,,,,,,,,,,,,,,,,,,,,,,,,,,,,,,2025-12-21,2025-12-27,D-Day,874,,,,,,,,,,,,,,,
,,,,,,,,,,,,,,,,,,,,,,,,,,,,,,,,,,,,,,,,,,,,,,,,,,,,,,,Pull Tickets,,Finals Day,879,,,,,,,,,,,,,,,
,,,,,,,,,,,,,,,,,,,,,,,,,,,,,,,,,,,,,,,,,,,,,,,,,,,,,,,Uma,Support,Length,6,,,,,,,,,,,,,,,
,,,,,,,,,,,,,,,,,,,,,,,,,,,,,,,,,,,,,,,,,,,,,,,,,,,,,,,,,Dropdown,FALSE,,,,,,,,,,,,,,,
,,,,,,,,,,,,,,,,,,,,,,,,,,,,,,,,,,,,,,,,,,,,,,,,,,,,,,,Limit Break Crystals,,,,,,,,,,,,,,,,,,
,,,,,,,,,,,,,,,,,,,,,,,,,,,,,,,,,,,,,,,,,,,,,,,,,,,,,,,SSR,SR,,,,,,,,,,,,,,,,,
,,,,,,,,,,,,,,,,,,,,,,,,,,,,,,,,,,,,,,,,,,,,,,,,,,,,,,,,,,,,,,,,,,,,,,,,,
,,,,,,,,,,,,,,,,,,,,,,,,,,JP,,Global,,,,Free Pulls,,,,,,,,,,,,,1500,2028-11-20 22:00:00,k1,7010,2028-12-03 21:59:59,,,,,,Date Override,,Start Date,End Date,,,,,,,,,,,,,,,
,,,,,,,,,,,,,,,,,,,,,,,,,,Start Date,End Date,Start Date,End Date,,Releases In,Uma,Support,,,,,,,,,,,,1500,First Day,Hours,7010,Throughout,,,,,,,,2028-11-20,2028-12-03,,,,,,,,,,,,,,,
,,,,,,,,,,,,,,,,,,,,,,,,,,2025-12-26,2026-01-08,2028-11-20,2028-12-03,,878 Days,4,100,,,,,,,,,,,,1500,New Years Login Bonus,,2910,"Event Rewards (Story, Bingo, Event Pt)",,,,,,Banner Type,1,2028-11-20 22:00:00,2028-12-03 21:59:59,Ikuno Dictus (New Year) + Sakura Laurel (New Year),Fine Motion + Air Groove,,Ikuno Dictus (New Year) + Sakura Laurel (New Year),Fine Motion + Air Groove,,,,,,,,,,
,,,,,,,,,,,,,,,,,,,,,,,,,,,,,,,,,,,,,,,,,,,,,,,,2700,New Years Login Bonus,,,,,,JP,,JP Datedif,1766,,,,,,,179,179,247,290,2028-11-20 22:00:00,,,,
,,,,,,,,,,,,,,,,,,,,,,,,,,,,,,,,,,,,,,,,,,,,,,,,900,Years End Login Bonus,,,,,,Start Date,End Date,Global Datedif,1243,,,,,,,,,,,,,,,
,,,,,,,,,,,,,,,,,,,,,,,,,,,,,,,,,,,,,,,,,,,,,,,,,,,,,,,2025-12-26,2026-01-08,D-Day,878,,,,,,,,,,,,,,,
,,,,,,,,,,,,,,,,,,,,,,,,,,,,,,,,,,,,,,,,,,,,,300,2028-12-03 21:59:59,k3,250,Legend Race (Maruzensky Summer),,,,,,Pull Tickets,,Finals Day,890,,,,,,,,,,,,,,,
,,,,,,,,,,,,,,,,,,,,,,,,,,,,,,,,,,,,,,,,,,,,,300,Last Day,,250,Legend Race (Bumble Gum Fellow),,,,,,Uma,Support,Length,13,,,,,,,,,,,,,,,
,,,,,,,,,,,,,,,,,,,,,,,,,,,,,,,,,,,,,,,,,,,,,150,Autumn G1 Celebration Missions Part 3 (Hopeful Stakes),,,,,,,,,2,2,Dropdown,FALSE,,,,,,,,,,,,,,,
,,,,,,,,,,,,,,,,,,,,,,,,,,,,,,,Ikuno Dictus,Sakura Laurel,Fine Motion,Air Groove,,,,,,Bubble Gum Fellow,,,,,150,Autumn G1 Celebration Missions Part 3 (Tokyo Daishoten),,,,,,,,,Limit Break Crystals,,,,,,,,,,,,,,,,,,
,,,,,,,,,,,,,,,,,,,,,,,,,,,,,,,(New Year),(New Year),,,,,,,,,,,,,,,,,,,,,,,SSR,SR,,,,,,,,,,,,,,,,,
,,,,,,,,,,,,,,,,,,,,,,,,,,,,,,,4x Free Pulls,,100x Free Pulls,,,,,,,,,,,,,,,,,,,,,,4,5,,,,,,,,,,,,,,,,,
,,,,,,,,,,,,,,,,,,,,,,,,,,JP,,Global,,,,,,,,,,,,,,,,,0,2028-11-24 22:00:00,k1,0,2028-12-12 21:59:59,,,,,,Date Override,,Start Date,End Date,,,,,,,,,,,,,,,
,,,,,,,,,,,,,,,,,,,,,,,,,,Start Date,End Date,Start Date,End Date,,Releases In,,,,,,,,,,,,,,0,First Day,Hours,0,Throughout,,,,,,,,2028-11-24,2028-12-12,,,,,,,,,,,,,,,
,,,,,,,,,,,,,,,,,,,,,,,,,,2026-01-01,2026-01-19,2028-11-24,2028-12-12,,882 Days,,,,,,,,,,,,,,,,,,,,,,,,Banner Type,0,2028-11-24 22:00:00,2028-12-12 21:59:59,Gentildonna (Rerun),,,Gentildonna (Rerun),,,,,,,,,,,
,,,,,,,,,,,,,,,,,,,,,,,,,,,,,,,,,,,,,,,,,,,,,,,,,,,,,,,JP,,JP Datedif,1772,,,,,,,179,179,247,290,2028-11-24 22:00:00,,,,
,,,,,,,,,,,,,,,,,,,,,,,,,,,,,,,,,,,,,,,,,,,,,,,,,,,,,,,Start Date,End Date,Global Datedif,1247,,,,,,,,,,,,,,,
,,,,,,,,,,,,,,,,,,,,,,,,,,,,,,,,,,,,,,,,,,,,,,,,,,,,,,,2026-01-01,2026-01-19,D-Day,882,,,,,,,,,,,,,,,
,,,,,,,,,,,,,,,,,,,,,,,,,,,,,,,,,,,,,,,,,,,,,0,2028-12-12 21:59:59,k3,,,,,,,,Pull Tickets,,Finals Day,899,,,,,,,,,,,,,,,
,,,,,,,,,,,,,,,,,,,,,,,,,,,,,,,,,,,,,,,,,,,,,0,Last Day,,,,,,,,,Uma,Support,Length,18,,,,,,,,,,,,,,,
,,,,,,,,,,,,,,,,,,,,,,,,,,,,,,,,,,,,,,,,,,,,,,,,,,,,,,,0,0,Dropdown,FALSE,,,,,,,,,,,,,,,
,,,,,,,,,,,,,,,,,,,,,,,,,,,,,,,Gentildonna,,,,,,,,,,,,,,,,,,,,,,,,Limit Break Crystals,,,,,,,,,,,,,,,,,,
,,,,,,,,,,,,,,,,,,,,,,,,,,,,,,,(Rerun),,,,,,,,,,,,,,,,,,,,,,,,SSR,SR,,,,,,,,,,,,,,,,,
,,,,,,,,,,,,,,,,,,,,,,,,,,,,,,,,,,,,,,,,,,,,,,,,,,,,,,,,,,,,,,,,,,,,,,,,,
,,,,,,,,,,,,,,,,,,,,,,,,,,JP,,Global,,,,,,,,,,,,,,,,,0,2028-11-24 22:00:00,k1,0,2028-12-12 21:59:59,,,,,,Date Override,,Start Date,End Date,,,,,,,,,,,,,,,
,,,,,,,,,,,,,,,,,,,,,,,,,,Start Date,End Date,Start Date,End Date,,Releases In,,,,,,,,,,,,,,0,First Day,Hours,0,Throughout,,,,,,,,2028-11-24,2028-12-12,,,,,,,,,,,,,,,
,,,,,,,,,,,,,,,,,,,,,,,,,,2026-01-01,2026-01-19,2028-11-24,2028-12-12,,882 Days,,,,,,,,,,,,,,,,,,,,,,,,Banner Type,0,2028-11-24 22:00:00,2028-12-12 21:59:59,Orfevre (Rerun),,,Orfevre (Rerun),,,,,,,,,,,
,,,,,,,,,,,,,,,,,,,,,,,,,,,,,,,,,,,,,,,,,,,,,,,,,,,,,,,JP,,JP Datedif,1772,,,,,,,179,179,247,290,2028-11-24 22:00:00,,,,
,,,,,,,,,,,,,,,,,,,,,,,,,,,,,,,,,,,,,,,,,,,,,,,,,,,,,,,Start Date,End Date,Global Datedif,1247,,,,,,,,,,,,,,,
,,,,,,,,,,,,,,,,,,,,,,,,,,,,,,,,,,,,,,,,,,,,,,,,,,,,,,,2026-01-01,2026-01-19,D-Day,882,,,,,,,,,,,,,,,
,,,,,,,,,,,,,,,,,,,,,,,,,,,,,,,,,,,,,,,,,,,,,0,2028-12-12 21:59:59,k3,,,,,,,,Pull Tickets,,Finals Day,899,,,,,,,,,,,,,,,
,,,,,,,,,,,,,,,,,,,,,,,,,,,,,,,,,,,,,,,,,,,,,0,Last Day,,,,,,,,,Uma,Support,Length,18,,,,,,,,,,,,,,,
,,,,,,,,,,,,,,,,,,,,,,,,,,,,,,,,,,,,,,,,,,,,,,,,,,,,,,,0,0,Dropdown,FALSE,,,,,,,,,,,,,,,
,,,,,,,,,,,,,,,,,,,,,,,,,,,,,,,Orfevre,,,,,,,,,,,,,,,,,,,,,,,,Limit Break Crystals,,,,,,,,,,,,,,,,,,
,,,,,,,,,,,,,,,,,,,,,,,,,,,,,,,(Rerun),,,,,,,,,,,,,,,,,,,,,,,,SSR,SR,,,,,,,,,,,,,,,,,
,,,,,,,,,,,,,,,,,,,,,,,,,,,,,,,,,,,,,,,,,,,,,,,,,,,,,,,,,,,,,,,,,,,,,,,,,
,,,,,,,,,,,,,,,,,,,,,,,,,,JP,,Global,,,,Free Pulls,,,,,,,,,,,,,0,2028-11-29 22:00:00,k1,900,2028-12-10 21:59:59,,,,,,Date Override,,Start Date,End Date,,,,,,,,,,,,,,,
,,,,,,,,,,,,,,,,,,,,,,,,,,Start Date,End Date,Start Date,End Date,,Releases In,Uma,Support,,,,,,,,,,,,0,First Day,Hours,900,Throughout,,,,,,,,2028-11-29,2028-12-10,,,,,,,,,,,,,,,
,,,,,,,,,,,,,,,,,,,,,,,,,,2026-01-08,2026-01-19,2028-11-29,2028-12-10,,887 Days,6,0,,,,,,,,,,,,,,,900,Agnes Tachyon Factor Study,,,,,,Banner Type,1,2028-11-29 22:00:00,2028-12-10 21:59:59,Bubble Gum Fellow (New Year),King Halo,,Bubble Gum Fellow (New Year),King Halo,,,,,,,,,,
,,,,,,,,,,,,,,,,,,,,,,,,,,,,,,,,,,,,,,,,,,,,,,,,,,,,,,,JP,,JP Datedif,1779,,,,,,,179,179,248,291,2028-11-29 22:00:00,,,,
,,,,,,,,,,,,,,,,,,,,,,,,,,,,,,,,,,,,,,,,,,,,,,,,,,,,,,,Start Date,End Date,Global Datedif,1252,,,,,,,,,,,,,,,
,,,,,,,,,,,,,,,,,,,,,,,,,,,,,,,,,,,,,,,,,,,,,,,,,,,,,,,2026-01-08,2026-01-19,D-Day,887,,,,,,,,,,,,,,,
,,,,,,,,,,,,,,,,,,,,,,,,,,,,,,,,,,,,,,,,,,,,,0,2028-12-10 21:59:59,k3,,,,,,,,Pull Tickets,,Finals Day,897,,,,,,,,,,,,,,,
,,,,,,,,,,,,,,,,,,,,,,,,,,,,,,,,,,,,,,,,,,,,,0,Last Day,,,,,,,,,Uma,Support,Length,11,,,,,,,,,,,,,,,
,,,,,,,,,,,,,,,,,,,,,,,,,,,,,,,,,,,,,,,,,,,,,,,,,,,,,,,0,0,Dropdown,FALSE,,,,,,,,,,,,,,,
,,,,,,,,,,,,,,,,,,,,,,,,,,,,,,,Bubble Gum Fellow,,King Halo,,Satono Diamond,,,,,,,,,,,,,,,,,,,,Limit Break Crystals,,,,,,,,,,,,,,,,,,
,,,,,,,,,,,,,,,,,,,,,,,,,,,,,,,(New Year),,,,,,,,,,,,,,,,,,,,,,,,SSR,SR,,,,,,,,,,,,,,,,,
,,,,,,,,,,,,,,,,,,,,,,,,,,,,,,,6x Free Pulls,,,,,,,,,,,,,,,,,,,,,,,,1,1,,,,,,,,,,,,,,,,,
,,,,,,,,,,,,,,,,,,,,,,,,,,JP,,Global,,,,,,,,,,,,,,,,,80,2028-12-06 22:00:00,k1,0,2028-12-17 21:59:59,,,,,,Date Override,,Start Date,End Date,,,,,,,,,,,,,,,
,,,,,,,,,,,,,,,,,,,,,,,,,,Start Date,End Date,Start Date,End Date,,Releases In,,,,,,,,,,,,,,80,First Day,Hours,0,Throughout,,,,,,,,2028-12-06,2028-12-17,,,,,,,,,,,,,,,
,,,,,,,,,,,,,,,,,,,,,,,,,,2026-01-19,2026-01-30,2028-12-06,2028-12-17,,894 Days,,,,,,,,,,,,,,80,Uma Story Ch 1-4,,,,,,,,,Banner Type,2,2028-12-06 22:00:00,2028-12-17 21:59:59,Kiseki,Almond Eye + Rhein Kraft + Dream Journey + Air Shakur + Tamamo Cross + Fuji Kiseki + Daring Tact + Daring Heart + Win Variation + Daiwa Scarlet,,Kiseki,Almond Eye + Rhein Kraft + Dream Journey + Air Shakur + Tamamo Cross + Fuji Kiseki + Daring Tact + Daring Heart + Win Variation + Daiwa Scarlet,,,,,,,,,,
,,,,,,,,,,,,,,,,,,,,,,,,,,,,,,,,,,,,,,,,,,,,,,,,,,,,,,,JP,,JP Datedif,1790,,,,,,,179,179,248,291,2028-12-06 22:00:00,,,,
,,,,,,,,,,,,,,,,,,,,,,,,,,,,,,,,,,,,,,,,,,,,,,,,,,,,,,,Start Date,End Date,Global Datedif,1259,,,,,,,,,,,,,,,
,,,,,,,,,,,,,,,,,,,,,,,,,,,,,,,,,,,,,,,,,,,,,,,,,,,,,,,2026-01-19,2026-01-30,D-Day,894,,,,,,,,,,,,,,,
,,,,,,,,,,,,,,,,,,,,,,,,,,,,,,,,,,,,,,,,,,,,,0,2028-12-17 21:59:59,k3,,,,,,,,Pull Tickets,,Finals Day,904,,,,,,,,,,,,,,,
,,,,,,,,,,,,,,,,,,,,,,,,,,,,,,,,,,,,,,,,,,,,,0,Last Day,,,,,,,,,Uma,Support,Length,11,,,,,,,,,,,,,,,
,,,,,,,,,,,,,,,,,,,,,,,,,,,,,,,,,,,,,,,,,,,,,,,,,,,,,,,0,0,Dropdown,FALSE,,,,,,,,,,,,,,,
,,,,,,,,,,,,,,,,,,,,,,,,,,,,,,,Kiseki,,Almond Eye,Rhein Kraft,Dream Journey,Air Shakur,Tamamo Cross,Fuji Kiseki,Daring Tact,Daring Heart,Win Variation,Daiwa Scarlet,,,,,,,,,,,,,Limit Break Crystals,,,,,,,,,,,,,,,,,,
,,,,,,,,,,,,,,,,,,,,,,,,,,,,,,,,,,,,,,,,,,,,,,,,,,,,,,,SSR,SR,,,,,,,,,,,,,,,,,
,,,,,,,,,,,,,,,,,,,,,,,,,,,,,,,,,,,,,,,,,,,,,,,,,,,,,,,,,,,,,,,,,,,,,,,,,
,,,,,,,,,,,,,,,,,,,,,,,,,,,,,,,,,,,,,,,,,,,,,,,,,,,,,,,Date Override,,Start Date,End Date,,,,,,,,,,,,,,,
,,,,,,,,,,,,,,,,,,,,,,,,,,,,,,,,,,,,,,,,,,,,,,,,,,,,,,,,,2028-12-08,2028-12-17,,,,,,,,,,,,,,,
,,,,,,,,,,,,,,,,,,,,,,,,,,,,,,,,,,,,,,,,,,,,,,,,,,,,,,,Banner Type,-1,2028-12-08 22:00:00,2028-12-17 21:59:59,,,,,,,,,,,,,,,
,,,,,,,,,,,,,,,,,,,,,,,,,,,,,,,,,,,,,,,,,,,,,,,,,,,,,,,JP,,JP Datedif,1793,,,,,,,,,248,291,2028-12-08 22:00:00,29,2028-12-16 21:59:59,,
,,,,,,,,,,,,,,,,,,,,,,,,,,,,,,,,,,,,,,,,,,,,,,,,,,,,,,,Start Date,End Date,Global Datedif,1261,,,,,,,,,,,,,,,
,,,,,,,,,,,,,,,,,,,,,,,,,,,,,,,,,,,,,,,,,,,,,,,,,,,,,,,2026-01-22,2026-01-31,D-Day,896,,,,,,,,,,,,,,,
,,,,,,,,,,,,,,,,,,,,,,,,,,,,,,,,,,,,,,,,,,,,,,,,,,,,,,,Pull Tickets,,Finals Day,904,,,,,,,,,,,,,,,
,,,,,,,,,,,,,,,,,,,,,,,,,,,,,,,,,,,,,,,,,,,,,,,,,,,,,,,Uma,Support,Length,9,,,,,,,,,,,,,,,
,,,,,,,,,,,,,,,,,,,,,,,,,,,,,,,,,,,,,,,,,,,,,,,,,,,,,,,0,0,Dropdown,FALSE,,,,,,,,,,,,,,,
,,,,,,,,,,,,,,,,,,,,,,,,,,,,,,,,,,,,,,,,,,,,,,,,,,,,,,,Limit Break Crystals,,,,,,,,,,,,,,,,,,
,,,,,,,,,,,,,,,,,,,,,,,,,,,,,,,,,,,,,,,,,,,,,,,,,,,,,,,SSR,SR,,,,,,,,,,,,,,,,,
,,,,,,,,,,,,,,,,,,,,,,,,,,,,,,,,,,,,,,,,,,,,,,,,,,,,,,,,,,,,,,,,,,,,,,,,,
,,,,,,,,,,,,,,,,,,,,,,,,,,JP,,Global,,,,,,,,,,,,,,,,,0,2028-12-14 22:00:00,k1,3410,2028-12-29 21:59:59,,,,,,Date Override,,Start Date,End Date,,,,,,,,,,,,,,,
,,,,,,,,,,,,,,,,,,,,,,,,,,Start Date,End Date,Start Date,End Date,,Releases In,,,,,,,,,,,,,,0,First Day,Hours,3410,Throughout,,,,,,,,2028-12-14,2028-12-29,,,,,,,,,,,,,,,
,,,,,,,,,,,,,,,,,,,,,,,,,,2026-01-30,2026-02-14,2028-12-14,2028-12-29,,902 Days,,,,,,,,,,,,,,,,,2910,"Event Rewards (Story, Bingo, Event Pt)",,,,,,Banner Type,1,2028-12-14 22:00:00,2028-12-29 21:59:59,Taiki Shuttle (Valentine) + Sounds of Earth (Valentine),Matikanefukukitaru + Neo Universe,,Taiki Shuttle (Valentine) + Sounds of Earth (Valentine),Matikanefukukitaru + Neo Universe,,,,,,,,,,
,,,,,,,,,,,,,,,,,,,,,,,,,,,,,,,,,,,,,,,,,,,,,,,,,,,,,,,JP,,JP Datedif,1801,,,,,,,181,181,252,296,2028-12-14 22:00:00,,,,
,,,,,,,,,,,,,,,,,,,,,,,,,,,,,,,,,,,,,,,,,,,,,,,,250,Legend Race (Shinko Windy),,,,,,Start Date,End Date,Global Datedif,1267,,,,,,,,,,,,,,,
,,,,,,,,,,,,,,,,,,,,,,,,,,,,,,,,,,,,,,,,,,,,,,,,250,Legend Race (Transcend),,,,,,2026-01-30,2026-02-14,D-Day,902,,,,,,,,,,,,,,,
,,,,,,,,,,,,,,,,,,,,,,,,,,,,,,,,,,,,,,,,,,,,,0,2028-12-29 21:59:59,k3,,,,,,,,Pull Tickets,,Finals Day,916,,,,,,,,,,,,,,,
,,,,,,,,,,,,,,,,,,,,,,,,,,,,,,,,,,,,,,,,,,,,,0,Last Day,,,,,,,,,Uma,Support,Length,15,,,,,,,,,,,,,,,
,,,,,,,,,,,,,,,,,,,,,,,,,,,,,,,,,,,,,,,,,,,,,,,,,,,,,,,2,2,Dropdown,FALSE,,,,,,,,,,,,,,,
,,,,,,,,,,,,,,,,,,,,,,,,,,,,,,,Taiki Shuttle,Sounds of Earth,Matikanefukukitaru,Neo Universe,,,,,,Silence Suzuka,,,,,,,,,,,,,,,Limit Break Crystals,,,,,,,,,,,,,,,,,,
,,,,,,,,,,,,,,,,,,,,,,,,,,,,,,,(Valentine),(Valentine),,,,,,,,,,,,,,,,,,,,,,,SSR,SR,,,,,,,,,,,,,,,,,
,,,,,,,,,,,,,,,,,,,,,,,,,,,,,,,,,,,,,,,,,,,,,,,,,,,,,,,4,5,,,,,,,,,,,,,,,,,
,,,,,,,,,,,,,,,,,,,,,,,,,,JP,,Global,,,,Free Pulls,,,,,,,,,,,,,80,2028-12-25 22:00:00,k1,1500,2029-01-04 21:59:59,,,,,,Date Override,,Start Date,End Date,,,,,,,,,,,,,,,
,,,,,,,,,,,,,,,,,,,,,,,,,,Start Date,End Date,Start Date,End Date,,Releases In,Uma,Support,,,,,,,,,,,,80,First Day,Hours,1500,Throughout,,,,,,,,2028-12-25,2029-01-04,,,,,,,,,,,,,,,
,,,,,,,,,,,,,,,,,,,,,,,,,,2026-02-14,2026-02-24,2028-12-25,2029-01-04,,913 Days,5,6,,,,,,,,,,,,80,Uma Story Ch 1-4,,1500,5th Anniversary Countdown,,,,,,Banner Type,2,2028-12-25 22:00:00,2029-01-04 21:59:59,Royce and Royce,Admire Groove + Almond Eye + Rhein Kraft + Dream Journey + Air Shakur + Tamamo Cross + Fuji Kiseki + Stay Gold + Daring Tact + Durandal,,Royce and Royce,Admire Groove + Almond Eye + Rhein Kraft + Dream Journey + Air Shakur + Tamamo Cross + Fuji Kiseki + Stay Gold + Daring Tact + Durandal,,,,,,,,,,
,,,,,,,,,,,,,,,,,,,,,,,,,,,,,,,,,,,,,,,,,,,,,,,,,,,,,,,JP,,JP Datedif,1816,,,,,,,184,184,252,296,2028-12-25 22:00:00,,,,
,,,,,,,,,,,,,,,,,,,,,,,,,,,,,,,,,,,,,,,,,,,,,,,,,,,,,,,Start Date,End Date,Global Datedif,1278,,,,,,,,,,,,,,,
,,,,,,,,,,,,,,,,,,,,,,,,,,,,,,,,,,,,,,,,,,,,,,,,,,,,,,,2026-02-14,2026-02-24,D-Day,913,,,,,,,,,,,,,,,
,,,,,,,,,,,,,,,,,,,,,,,,,,,,,,,,,,,,,,,,,,,,,650,2029-01-04 21:59:59,k3,,,,,,,,Pull Tickets,,Finals Day,922,,,,,,,,,,,,,,,
,,,,,,,,,,,,,,,,,,,,,,,,,,,,,,,,,,,,,,,,,,,,,650,Last Day,,,,,,,,,Uma,Support,Length,10,,,,,,,,,,,,,,,
,,,,,,,,,,,,,,,,,,,,,,,,,,,,,,,,,,,,,,,,,,,,,500,5th Anniversary Celebration Missions Part 1,,,,,,,,,3,3,Dropdown,FALSE,,,,,,,,,,,,,,,
,,,,,,,,,,,,,,,,,,,,,,,,,,,,,,,Royce and Royce,,Admire Groove,Almond Eye,Rhein Kraft,Dream Journey,Air Shakur,Tamamo Cross,Fuji Kiseki,Stay Gold,Daring Tact,Durandal,,,150,G1 Celebration Missions (February Stakes),,,,,,,,,Limit Break Crystals,,,,,,,,,,,,,,,,,,
,,,,,,,,,,,,,,,,,,,,,,,,,,,,,,,"5x Free Pulls
Pity to Select Any Character
 up to New Years",,6x Free Pulls,,,,,,,,,,,,,,,,,,,,,,SSR,SR,,,,,,,,,,,,,,,,,
,,,,,,,,,,,,,,,,,,,,,,,,,,,,,,,,,,,,,,,,,,,,,,,,,,,,,,,0,0,,,,,,,,,,,,,,,,,
,,,,,,,,,,,,,,,,,,,,,,,,,,JP,,Global,,,,,,,,,,,,,,,,,,,,,,,,,,,Date Override,,Start Date,End Date,,,,,,,,,,,,,,,
,,,,,,,,,,,,,,,,,,,,,,,,,,Start Date,End Date,Start Date,End Date,,Starts In,,,,,,,,,,,,,,,,,,,,,,,,,,2028-12-25,2029-01-03,,,,,,,,,,,,,,,
,,,,,,,,,,,,,,,,,,,,,,,,,,2026-02-15,2026-02-24,2028-12-25,2029-01-03,,913 Days,,,,,,,,,,,,,,,,,,,,,,,,Banner Type,-1,2028-12-25 22:00:00,2029-01-03 21:59:59,,,,,,,,,,,,,,,
,,,,,,,,,,,,,,,,,,,,,,,,,,LoH #14,,,,,,,,,,,,,,,,,,,,,,,,,,,,,JP,,JP Datedif,1817,,,,,,,,,254,298,2028-12-25 22:00:00,,,14,2029-01-01 21:59:59
,,,,,,,,,,,,,,,,,,,,,,,,,,League of Heroes,,,,,,,,,,,,,,,,,,,,,,,,,,,,,Start Date,End Date,Global Datedif,1278,,,,,,,,,,,,,,,
,,,,,,,,,,,,,,,,,,,,,,,,,,,,,,,,,,,,,,,,,,,,,,,,,,,,,,,2026-02-15,2026-02-24,D-Day,913,,,,,,,,,,,,,,,
,,,,,,,,,,,,,,,,,,,,,,,,,,,Sprint,,,,,,,,,,,,,,,,,,,,,,,,,,,,Pull Tickets,,Finals Day,921,,,,,,,,,,,,,,,
,,,,,,,,,,,,,,,,,,,,,,,,,,,,,,,,,,,,,,,,,,,,,,,,,,,,,,,Uma,Support,Length,9,,,,,,,,,,,,,,,
,,,,,,,,,,,,,,,,,,,,,,,,,,,,,,,,,,,,,,,,,,,,,,,,,,,,,,,0,0,Dropdown,FALSE,,,,,,,,,,,,,,,
,,,,,,,,,,,,,,,,,,,,,,,,,,,,,,,,,,,,,,,,,,,,,,,,,,,,,,,Limit Break Crystals,,,,,,,,,,,,,,,,,,
,,,,,,,,,,,,,,,,,,,,,,,,,,,,,,,,,,,,,,,,,,,,,,,,,,,,,,,SSR,SR,,,,,,,,,,,,,,,,,
,,,,,,,,,,,,,,,,,,,,,,,,,,,,,,,,,,,,Beyond Dreams,,,,,,,,,,,,,,,,,,,2,2,,,,,,,,,,,,,,,,,
,,,,,,,,,,,,,,,,,,,,,,,,,,JP,,Global,,,,Free Pulls,,,,,,,,,,,,,3080,2029-01-01 22:00:00,k1,5050,2029-02-04 21:59:59,,,,,,Date Override,,Start Date,End Date,,,,,,,,,,,,,,,
,,,,,,,,,,,,,,,,,,,,,,,,,,Start Date,End Date,Start Date,End Date,,Releases In,Uma,Support,,,5th Anniversary: January 2029,,,,,,,,,3080,First Day,Hours,5050,Throughout,,,,,,,,2029-01-01,2029-02-04,,,,,,,,,,,,,,,
,,,,,,,,,,,,,,,,,,,,,,,,,,2026-02-24,2026-03-30,2029-01-01,2029-02-04,,920 Days,0,120,,,,,,,,,,,,80,Uma Story Ch 1-4,,3000,5th Anniversary Login Bonus,,,,,,Banner Type,1,2029-01-01 22:00:00,2029-02-04 21:59:59,Almond Eye,Forever Young + Casino Drive,5th Anniversary,Almond Eye,Forever Young + Casino Drive,5th Anniversary,,,,,,,,,
,,,,,,,,,,,,,,,,,,,,,,,,,,,,,,,,,,,,,,,,,,,,,3000,5th Anniversary Login Gift,,,,,,,,,JP,,JP Datedif,1826,,,,,,,187,187,255,299,2029-01-01 22:00:00,,,,
,,,,,,,,,,,,,,,,,,,,,,,,,,,,,,,,,,,,,,,,,,,,,,,,,,,,,,,Start Date,End Date,Global Datedif,1285,,,,,,,,,,,,,,,
,,,,,,,,,,,,,,,,,,,,,,,,,,,,,,,,,,,,,,,,,,,,,,,,,,,,,,,2026-02-24,2026-03-30,D-Day,920,,,,,,,,,,,,,,,
,,,,,,,,,,,,,,,,,,,,,,,,,,,,,,,,,,,,,,,,,,,,,500,2029-02-04 21:59:59,k3,,,,,,,,Pull Tickets,,Finals Day,953,,,,,,,,,,,,,,,
,,,,,,,,,,,,,,,,,,,,,,,,,,,,,,,,,,,,,,,,,,,,,500,Last Day,,,,,,,,,Uma,Support,Length,34,,,,,,,,,,,,,,,
,,,,,,,,,,,,,,,,,,,,,,,,,,,,,,,,,,,,,,,,,,,,,500,5th Anniversary Celebration Missions Part 2,,,,,,,,,3,3,Dropdown,FALSE,,,,,,,,,,,,,,,
,,,,,,,,,,,,,,,,,,,,,,,,,,,,,,,Almond Eye,,Forever Young,Casino Drive,,Red Desire,Taiki Shuttle,3* Uma Selector,SSR Selector,Victoire Pisa,,,,,,,,1550,Trainer Skill Test,,,,,,Limit Break Crystals,,,,,,,,,,,,,,,,,,
,,,,,,,,,,,,,,,,,,,,,,,,,,,,,,,,,120x Free Pulls,,,,,"1 Paid ($21),&($70)","1 Paid ($21),&($70)",,,,,,,,,250,Legend Race (Inari One Festival),,,,,,SSR,SR,,,,,,,,,,,,,,,,,
,,,,,,,,,,,,,,,,,,,,,,,,,,,,,,,,,,,,,,Up to Valentines,,,,,,,,,,250,Legend Race (Biwa Hayaahide Christmas),,,,,,1,1,,,,,,,,,,,,,,,,,
,,,,,,,,,,,,,,,,,,,,,,,,,,JP,,Global,,,,Free Pulls,,,,,,,,,,,,,0,2029-01-11 22:00:00,k1,3150,2029-01-19 21:59:59,,,,,,Date Override,,Start Date,End Date,,,,,,,,,,,,,,,
,,,,,,,,,,,,,,,,,,,,,,,,,,Start Date,End Date,Start Date,End Date,,Releases In,Uma,Support,,,,,,,,,,,,0,First Day,Hours,3150,Throughout,,,,,,,,2029-01-11,2029-01-19,,,,,,,,,,,,,,,
,,,,,,,,,,,,,,,,,,,,,,,,,,2026-03-11,2026-03-19,2029-01-11,2029-01-19,,930 Days,9,0,,,,,,,,,,,,,,,900,Agnes Tachyon Factor Study,,,,,,Banner Type,1,2029-01-11 22:00:00,2029-01-19 21:59:59,Loves Only You (Beyond Dreams),Marche Lorraine,,Loves Only You (Beyond Dreams),Marche Lorraine,,,,,,,,,,
,,,,,,,,,,,,,,,,,,,,,,,,,,,,,,,,,,,,,,,,,,,,,,,,2250,5th Anniversary Login Bonus,,,,,,JP,,JP Datedif,1841,,,,,,,188,188,256,301,2029-01-11 22:00:00,,,,
,,,,,,,,,,,,,,,,,,,,,,,,,,,,,,,,,,,,,,,,,,,,,,,,,,,,,,,Start Date,End Date,Global Datedif,1295,,,,,,,,,,,,,,,
,,,,,,,,,,,,,,,,,,,,,,,,,,,,,,,,,,,,,,,,,,,,,,,,,,,,,,,2026-03-11,2026-03-19,D-Day,930,,,,,,,,,,,,,,,
,,,,,,,,,,,,,,,,,,,,,,,,,,,,,,,,,,,,,,,,,,,,,500,2029-01-19 21:59:59,k3,,,,,,,,Pull Tickets,,Finals Day,937,,,,,,,,,,,,,,,
,,,,,,,,,,,,,,,,,,,,,,,,,,,,,,,,,,,,,,,,,,,,,500,Last Day,,,,,,,,,Uma,Support,Length,8,,,,,,,,,,,,,,,
,,,,,,,,,,,,,,,,,,,,,,,,,,,,,,,,,,,,,,,,,,,,,500,5th Anniversary Celebration Missions Part 3,,,,,,,,,1,1,Dropdown,FALSE,,,,,,,,,,,,,,,
,,,,,,,,,,,,,,,,,,,,,,,,,,,,,,,Loves Only You,,Marche Lorraine,,Super Creek,,,,SSR Selector,,,,,,,,,,,,,,,,Limit Break Crystals,,,,,,,,,,,,,,,,,,
,,,,,,,,,,,,,,,,,,,,,,,,,,,,,,,(Beyond Dreams),,,,,,,,Free,,,,,,,,,,,,,,,,SSR,SR,,,,,,,,,,,,,,,,,
,,,,,,,,,,,,,,,,,,,,,,,,,,,,,,,9x Free Pulls,,,,,,,,Up to Valentines,,,,,,,,,,,,,,,,1,2,,,,,,,,,,,,,,,,,
,,,,,,,,,,,,,,,,,,,,,,,,,,JP,,Global,,,,Free Pulls,,,,,,,,,,,,,80,2029-01-17 22:00:00,k1,0,2029-01-28 21:59:59,,,,,,Date Override,,Start Date,End Date,,,,,,,,,,,,,,,
,,,,,,,,,,,,,,,,,,,,,,,,,,Start Date,End Date,Start Date,End Date,,Releases In,Uma,Support,,,,,,,,,,,,80,First Day,Hours,0,Throughout,,,,,,,,2029-01-17,2029-01-28,,,,,,,,,,,,,,,
,,,,,,,,,,,,,,,,,,,,,,,,,,2026-03-19,2026-03-30,2029-01-17,2029-01-28,,936 Days,2,11,,,,,,,,,,,,80,Uma Story Ch 1-4,,,,,,,,,Banner Type,2,2029-01-17 22:00:00,2029-01-28 21:59:59,Victoire Pisa,Tokai Teio + Admire Groove + Dream Journey + Calstone Light O + Fenomeno + Curren Bouquetd'or + Tamano Cross + Fine Motion + Mihono Bourbon + Stay Gold,,Victoire Pisa,Tokai Teio + Admire Groove + Dream Journey + Calstone Light O + Fenomeno + Curren Bouquetd'or + Tamano Cross + Fine Motion + Mihono Bourbon + Stay Gold,,,,,,,,,,
,,,,,,,,,,,,,,,,,,,,,,,,,,,,,,,,,,,,,,,,,,,,,,,,,,,,,,,JP,,JP Datedif,1849,,,,,,,188,188,256,301,2029-01-17 22:00:00,,,,
,,,,,,,,,,,,,,,,,,,,,,,,,,,,,,,,,,,,,,,,,,,,,,,,,,,,,,,Start Date,End Date,Global Datedif,1301,,,,,,,,,,,,,,,
,,,,,,,,,,,,,,,,,,,,,,,,,,,,,,,,,,,,,,,,,,,,,,,,,,,,,,,2026-03-19,2026-03-30,D-Day,936,,,,,,,,,,,,,,,
,,,,,,,,,,,,,,,,,,,,,,,,,,,,,,,,,,,,,,,,,,,,,150,2029-01-28 21:59:59,k3,,,,,,,,Pull Tickets,,Finals Day,946,,,,,,,,,,,,,,,
,,,,,,,,,,,,,,,,,,,,,,,,,,,,,,,,,,,,,,,,,,,,,150,Last Day,,,,,,,,,Uma,Support,Length,11,,,,,,,,,,,,,,,
,,,,,,,,,,,,,,,,,,,,,,,,,,,,,,,,,,,,,,,,,,,,,150,Spring G1 Celebration Missions Part 1 (Takamatsunomiya Kinen),,,,,,,,,0,0,Dropdown,FALSE,,,,,,,,,,,,,,,
,,,,,,,,,,,,,,,,,,,,,,,,,,,,,,,Victoire Pisa,,Tokai Teio,Admire Groove,Dream Journey,Calstone Light O,Fenomeno,Curren Bouquetd'or,Tamano Cross,Fine Motion,Mihono Bourbon,Stay Gold,,,,,,,,,,,,,Limit Break Crystals,,,,,,,,,,,,,,,,,,
,,,,,,,,,,,,,,,,,,,,,,,,,,,,,,,2x Free Pulls,,11x Free Pulls,,,,,,,,,,,,,,,,,,,,,,SSR,SR,,,,,,,,,,,,,,,,,
,,,,,,,,,,,,,,,,,,,,,,,,,,,,,,,,,,,,,,,,,,,,,,,,,,,,,,,,,,,,,,,,,,,,,,,,,
,,,,,,,,,,,,,,,,,,,,,,,,,,,,,,,,,,,,,,,,,,,,,,,,,,,,,,,Date Override,,Start Date,End Date,,,,,,,,,,,,,,,
,,,,,,,,,,,,,,,,,,,,,,,,,,,,,,,,,,,,,,,,,,,,,,,,,,,,,,,,,2029-01-19,2029-01-25,,,,,,,,,,,,,,,
,,,,,,,,,,,,,,,,,,,,,,,,,,,,,,,,,,,,,,,,,,,,,,,,,,,,,,,Banner Type,-1,2029-01-19 22:00:00,2029-01-25 21:59:59,,,,,,,,,,,,,,,
,,,,,,,,,,,,,,,,,,,,,,,,,,,,,,,,,,,,,,,,,,,,,,,,,,,,,,,JP,,JP Datedif,1852,,,,,,,188,188,256,301,2029-01-19 22:00:00,,,,
,,,,,,,,,,,,,,,,,,,,,,,,,,,,,,,,,,,,,,,,,,,,,,,,,,,,,,,Start Date,End Date,Global Datedif,1303,,,,,,,,,,,,,,,
,,,,,,,,,,,,,,,,,,,,,,,,,,,,,,,,,,,,,,,,,,,,,,,,,,,,,,,2026-03-22,2026-03-28,D-Day,938,,,,,,,,,,,,,,,
,,,,,,,,,,,,,,,,,,,,,,,,,,,,,,,,,,,,,,,,,,,,,,,,,,,,,,,Pull Tickets,,Finals Day,943,,,,,,,,,,,,,,,
,,,,,,,,,,,,,,,,,,,,,,,,,,,,,,,,,,,,,,,,,,,,,,,,,,,,,,,Uma,Support,Length,6,,,,,,,,,,,,,,,
,,,,,,,,,,,,,,,,,,,,,,,,,,,,,,,,,,,,,,,,,,,,,,,,,,,,,,,0,0,Dropdown,FALSE,,,,,,,,,,,,,,,
,,,,,,,,,,,,,,,,,,,,,,,,,,,,,,,,,,,,,,,,,,,,,,,,,,,,,,,Limit Break Crystals,,,,,,,,,,,,,,,,,,
,,,,,,,,,,,,,,,,,,,,,,,,,,,,,,,,,,,,,,,,,,,,,,,,,,,,,,,SSR,SR,,,,,,,,,,,,,,,,,
,,,,,,,,,,,,,,,,,,,,,,,,,,,,,,,,,,,,,,,,,,,,,,,,,,,,,,,,,,,,,,,,,,,,,,,,,
,,,,,,,,,,,,,,,,,,,,,,,,,,JP,,Global,,,,,,,,,,,,,,,,,0,2029-01-24 22:00:00,k1,7910,2029-02-04 21:59:59,,,,,,Date Override,,Start Date,End Date,,,,,,,,,,,,,,,
,,,,,,,,,,,,,,,,,,,,,,,,,,Start Date,End Date,Start Date,End Date,,Releases In,,,,,,,,,,,,,,0,First Day,Hours,7910,Throughout,,,,,,,,2029-01-24,2029-02-04,,,,,,,,,,,,,,,
,,,,,,,,,,,,,,,,,,,,,,,,,,2026-03-30,2026-04-10,2029-01-24,2029-02-04,,943 Days,,,,,,,,,,,,,,,,,2910,"Event Rewards (Story, Bingo, Event Pt)",,,,,,Banner Type,1,2029-01-24 22:00:00,2029-02-04 21:59:59,Sakura Bakushin O (Ballroom) + North Flight (Ballroom),Daring Tact + Daring Heart,,Sakura Bakushin O (Ballroom) + North Flight (Ballroom),Daring Tact + Daring Heart,,,,,,,,,,
,,,,,,,,,,,,,,,,,,,,,,,,,,,,,,,,,,,,,,,,,,,,,,,,,,,,,,,JP,,JP Datedif,1860,,,,,,,190,190,260,306,2029-01-24 22:00:00,,,,
,,,,,,,,,,,,,,,,,,,,,,,,,,,,,,,,,,,,,,,,,,,,,,,,4500,Masters Challenge,,,,,,Start Date,End Date,Global Datedif,1308,,,,,,,,,,,,,,,
,,,,,,,,,,,,,,,,,,,,,,,,,,,,,,,,,,,,,,,,,,,,,,,,,,,,,,,2026-03-30,2026-04-10,D-Day,943,,,,,,,,,,,,,,,
,,,,,,,,,,,,,,,,,,,,,,,,,,,,,,,,,,,,,,,,,,,,,450,2029-02-04 21:59:59,k3,,,,,,,,Pull Tickets,,Finals Day,953,,,,,,,,,,,,,,,
,,,,,,,,,,,,,,,,,,,,,,,,,,,,,,,,,,,,,,,,,,,,,450,Last Day,,,,,,,,,Uma,Support,Length,11,,,,,,,,,,,,,,,
,,,,,,,,,,,,,,,,,,,,,,,,,,,,,,,,,,,,,,,,,,,,,150,Spring G1 Celebration Missions Part 1 (Osaka Hai),,,,,,,,,2,2,Dropdown,FALSE,,,,,,,,,,,,,,,
,,,,,,,,,,,,,,,,,,,,,,,,,,,,,,,Sakura Bakushin O,North Flight,Daring Tact,Daring Heart,,,,,,Curren Bouquetd'or,,,,,150,Spring G1 Celebration Missions Part 1 (Kawasaki Kinen),,250,Legend Race (Narita Taishin Steampunk),,,,,,Limit Break Crystals,,,,,,,,,,,,,,,,,,
,,,,,,,,,,,,,,,,,,,,,,,,,,,,,,,(Ballroom),(Ballroom),,,,,,,,,,,,,150,Spring G1 Celebration Missions Part 1 (Oka Sho),,250,Legend Race (Duramente),,,,,,SSR,SR,,,,,,,,,,,,,,,,,
,,,,,,,,,,,,,,,,,,,,,,,,,,,,,,,,,,,,,,,,,,,,,,,,,,,,,,,4,5,,,,,,,,,,,,,,,,,
,,,,,,,,,,,,,,,,,,,,,,,,,,JP,,Global,,,,,,,,,,,,,,,,,80,2029-02-01 22:00:00,k1,900,2029-02-11 21:59:59,,,,,,Date Override,,Start Date,End Date,,,,,,,,,,,,,,,
,,,,,,,,,,,,,,,,,,,,,,,,,,Start Date,End Date,Start Date,End Date,,Releases In,,,,,,,,,,,,,,80,First Day,Hours,900,Throughout,,,,,,,,2029-02-01,2029-02-11,,,,,,,,,,,,,,,
,,,,,,,,,,,,,,,,,,,,,,,,,,2026-04-10,2026-04-20,2029-02-01,2029-02-11,,951 Days,,,,,,,,,,,,,,80,Uma Story Ch 1-4,,900,Agnes Tachyon Factor Study,,,,,,Banner Type,1,2029-02-01 22:00:00,2029-02-11 21:59:59,Lucky Lilac,Aston Machan,,Lucky Lilac,Aston Machan,,,,,,,,,,
,,,,,,,,,,,,,,,,,,,,,,,,,,,,,,,,,,,,,,,,,,,,,,,,,,,,,,,JP,,JP Datedif,1871,,,,,,,190,190,261,307,2029-02-01 22:00:00,,,,
,,,,,,,,,,,,,,,,,,,,,,,,,,,,,,,,,,,,,,,,,,,,,,,,,,,,,,,Start Date,End Date,Global Datedif,1316,,,,,,,,,,,,,,,
,,,,,,,,,,,,,,,,,,,,,,,,,,,,,,,,,,,,,,,,,,,,,,,,,,,,,,,2026-04-10,2026-04-20,D-Day,951,,,,,,,,,,,,,,,
,,,,,,,,,,,,,,,,,,,,,,,,,,,,,,,,,,,,,,,,,,,,,150,2029-02-11 21:59:59,k3,,,,,,,,Pull Tickets,,Finals Day,960,,,,,,,,,,,,,,,
,,,,,,,,,,,,,,,,,,,,,,,,,,,,,,,,,,,,,,,,,,,,,150,Last Day,,,,,,,,,Uma,Support,Length,10,,,,,,,,,,,,,,,
,,,,,,,,,,,,,,,,,,,,,,,,,,,,,,,,,,,,,,,,,,,,,150,Spring G1 Celebration Missions Part 1 (Satsuki Sho),,,,,,,,,0,0,Dropdown,FALSE,,,,,,,,,,,,,,,
,,,,,,,,,,,,,,,,,,,,,,,,,,,,,,,Lucky Lilac,,Aston Machan,,Hishi Amazon,,,,,,,,,,,,,,,,,,,,Limit Break Crystals,,,,,,,,,,,,,,,,,,
,,,,,,,,,,,,,,,,,,,,,,,,,,,,,,,,,,,,,,,,,,,,,,,,,,,,,,,SSR,SR,,,,,,,,,,,,,,,,,
,,,,,,,,,,,,,,,,,,,,,,,,,,,,,,,,,,,,,,,,,,,,,,,,,,,,,,,1,1,,,,,,,,,,,,,,,,,
,,,,,,,,,,,,,,,,,,,,,,,,,,JP,,Global,,,,,,,,,,,,,,,,,80,2029-02-08 22:00:00,k1,0,2029-02-18 21:59:59,,,,,,Date Override,,Start Date,End Date,,,,,,,,,,,,,,,
,,,,,,,,,,,,,,,,,,,,,,,,,,Start Date,End Date,Start Date,End Date,,Releases In,,,,,,,,,,,,,,80,First Day,Hours,0,Throughout,,,,,,,,2029-02-08,2029-02-18,,,,,,,,,,,,,,,
,,,,,,,,,,,,,,,,,,,,,,,,,,2026-04-20,2026-04-30,2029-02-08,2029-02-18,,958 Days,,,,,,,,,,,,,,80,Uma Story Ch 1-4,,,,,,,,,Banner Type,2,2029-02-08 22:00:00,2029-02-18 21:59:59,Admire Groove,Tokai Teio + Eishin Flash + Dream Journey + Calstone Light O + Almond Eye + Curren Bouquetd'or + Tamano Cross + Mihono Bourbon + Daiichi Ruby + Stay Gold,,Admire Groove,Tokai Teio + Eishin Flash + Dream Journey + Calstone Light O + Almond Eye + Curren Bouquetd'or + Tamano Cross + Mihono Bourbon + Daiichi Ruby + Stay Gold,,,,,,,,,,
,,,,,,,,,,,,,,,,,,,,,,,,,,,,,,,,,,,,,,,,,,,,,,,,,,,,,,,JP,,JP Datedif,1881,,,,,,,190,190,261,307,2029-02-08 22:00:00,,,,
,,,,,,,,,,,,,,,,,,,,,,,,,,,,,,,,,,,,,,,,,,,,,,,,,,,,,,,Start Date,End Date,Global Datedif,1323,,,,,,,,,,,,,,,
,,,,,,,,,,,,,,,,,,,,,,,,,,,,,,,,,,,,,,,,,,,,,,,,,,,,,,,2026-04-20,2026-04-30,D-Day,958,,,,,,,,,,,,,,,
,,,,,,,,,,,,,,,,,,,,,,,,,,,,,,,,,,,,,,,,,,,,,150,2029-02-18 21:59:59,k3,,,,,,,,Pull Tickets,,Finals Day,967,,,,,,,,,,,,,,,
,,,,,,,,,,,,,,,,,,,,,,,,,,,,,,,,,,,,,,,,,,,,,150,Last Day,,,,,,,,,Uma,Support,Length,10,,,,,,,,,,,,,,,
,,,,,,,,,,,,,,,,,,,,,,,,,,,,,,,,,,,,,,,,,,,,,150,Spring G1 Celebration Missions Part 2 (Tenno Sho (Spring)),,,,,,,,,0,0,Dropdown,FALSE,,,,,,,,,,,,,,,
,,,,,,,,,,,,,,,,,,,,,,,,,,,,,,,Admire Groove,,Tokai Teio,Eishin Flash,Dream Journey,Calstone Light O,Almond Eye,Curren Bouquetd'or,Tamano Cross,Mihono Bourbon,Daiichi Ruby,Stay Gold,,,,,,,,,,,,,Limit Break Crystals,,,,,,,,,,,,,,,,,,
,,,,,,,,,,,,,,,,,,,,,,,,,,,,,,,,,,,Banners Beyond This Point Do not Have Event Data,,,,,,,,,,,,,,,,,,,,SSR,SR,,,,,,,,,,,,,,,,,
,,,,,,,,,,,,,,,,,,,,,,,,,,,,,,,,,,,,,,,,,,,,,,,,,,,,,,,,,,,,,,,,,,,,,,,,,
,,,,,,,,,,,,,,,,,,,,,,,,,,,,,,,,,,,,,,,,,,,,,,,,,,,,,,,Date Override,,Start Date,End Date,,,,,,,,,,,,,,,
,,,,,,,,,,,,,,,,,,,,,,,,,,,,,,,,,,,,,,,,,,,,,,,,,,,,,,,,,2029-02-10 00:00:00,2029-02-16,,,,,,,,,,,,,,,
,,,,,,,,,,,,,,,,,,,,,,,,,,,,,,,,,,,,,,,,,,,,,,,,,,,,,,,Banner Type,1899-12-29,2029-02-10 22:00:00,2029-02-16 21:59:59,,,,,,,,,,,,,,,
,,,,,,,,,,,,,,,,,,,,,,,,,,,,,,,,,,,,,,,,,,,,,,,,,,,,,,,JP,,JP Datedif,1884,,,,,,,,,,,,,,,
,,,,,,,,,,,,,,,,,,,,,,,,,,,,,,,,,,,,,,,,,,,,,,,,,,,,,,,Start Date,End Date,Global Datedif,1325,,,,,,,,,,,,,,,
,,,,,,,,,,,,,,,,,,,,,,,,,,,,,,,,,,,,,,,,,,,,,,,,,,,,,,,2026-04-23,2026-04-29,D-Day,960,,,,,,,,,,,,,,,
,,,,,,,,,,,,,,,,,,,,,,,,,,,,,,,,,,,,,,,,,,,,,,,,,,,,,,,Pull Tickets,,Finals Day,965,,,,,,,,,,,,,,,
,,,,,,,,,,,,,,,,,,,,,,,,,,,,,,,,,,,,,,,,,,,,,,,,,,,,,,,Uma,Support,Length,6,,,,,,,,,,,,,,,
,,,,,,,,,,,,,,,,,,,,,,,,,,,,,,,,,,,,,,,,,,,,,,,,,,,,,,,1899-12-30,1899-12-30,Dropdown,FALSE,,,,,,,,,,,,,,,
,,,,,,,,,,,,,,,,,,,,,,,,,,,,,,,,,,,,,,,,,,,,,,,,,,,,,,,Limit Break Crystals,,,,,,,,,,,,,,,,,,
,,,,,,,,,,,,,,,,,,,,,,,,,,,,,,,,,,,,,,,,,,,,,,,,,,,,,,,SSR,SR,,,,,,,,,,,,,,,,,
,,,,,,,,,,,,,,,,,,,,,,,,,,,,,,,,,,,,,,,,,,,,,,,,,,,,,,,,,,,,,,,,,,,,,,,,,
,,,,,,,,,,,,,,,,,,,,,,,,,,JP,,Global,,,,Free Pulls,,,,,,,,,,,,,0,2029-02-15 22:00:00,k1,2910,2029-02-26 21:59:59,,,,,,Date Override,,Start Date,End Date,,,,,,,,,,,,,,,
,,,,,,,,,,,,,,,,,,,,,,,,,,Start Date,End Date,Start Date,End Date,,Releases In,Uma,Support,,,,,,,,,,,,0,First Day,Hours,2910,Throughout,,,,,,,,2029-02-15,2029-02-26,,,,,,,,,,,,,,,
,,,,,,,,,,,,,,,,,,,,,,,,,,2026-04-30,2026-05-11,2029-02-15,2029-02-26,,965 Days,0,80,,,,,,,,,,,,,,,2910,"Event Rewards (Story, Bingo, Event Pt)",,,,,,Banner Type,1,2029-02-15 22:00:00,2029-02-26 21:59:59,Fuji Kiseki (Cheerleader) + Jungle Pocket (Cheerleader),Tap Dance City + Agnes Digital,,Fuji Kiseki (Cheerleader) + Jungle Pocket (Cheerleader),Tap Dance City + Agnes Digital,,,,,,,,,,
,,,,,,,,,,,,,,,,,,,,,,,,,,,,,,,,,,,,,,,,,,,,,,,,,,,,,,,JP,,JP Datedif,1891,,,,,,,192,192,264,310,2029-02-15 22:00:00,,,,
,,,,,,,,,,,,,,,,,,,,,,,,,,,,,,,,,,,,,,,,,,,,,,,,,,,,,,,Start Date,End Date,Global Datedif,1330,,,,,,,,,,,,,,,
,,,,,,,,,,,,,,,,,,,,,,,,,,,,,,,,,,,,,,,,,,,,,,,,,,,,,,,2026-04-30,2026-05-11,D-Day,965,,,,,,,,,,,,,,,
,,,,,,,,,,,,,,,,,,,,,,,,,,,,,,,,,,,,,,,,,,,,,0,2029-02-26 21:59:59,k3,,,,,,,,Pull Tickets,,Finals Day,975,,,,,,,,,,,,,,,
,,,,,,,,,,,,,,,,,,,,,,,,,,,,,,,,,,,,,,,,,,,,,0,Last Day,,,,,,,,,Uma,Support,Length,11,,,,,,,,,,,,,,,
,,,,,,,,,,,,,,,,,,,,,,,,,,,,,,,,,,,,,,,,,,,,,,,,,,,,,,,2,2,Dropdown,FALSE,,,,,,,,,,,,,,,
,,,,,,,,,,,,,,,,,,,,,,,,,,,,,,,Fuji Kiseki,Jungle Pocket,Tap Dance City,Agnes Digital,,,,,,Agnes Tachyon,,,,,,,,,,,,,,,Limit Break Crystals,,,,,,,,,,,,,,,,,,
,,,,,,,,,,,,,,,,,,,,,,,,,,,,,,,(Cheerleader),(Cheerleader),,,,,,,,,,,,,,,,,,,,,,,SSR,SR,,,,,,,,,,,,,,,,,
,,,,,,,,,,,,,,,,,,,,,,,,,,,,,,,,,,,,,,,,,,,,,,,,,,,,,,,1900-01-02,1900-01-02,,,,,,,,,,,,,,,,,
,,,,,,,,,,,,,,,,,,,,,,,,,,JP,,Global,,,,,,,,,,,,,,,,,0,2029-02-15 22:00:00,k1,0,2029-02-26 21:59:59,,,,,,Date Override,,Start Date,End Date,,,,,,,,,,,,,,,
,,,,,,,,,,,,,,,,,,,,,,,,,,Start Date,End Date,Start Date,End Date,,Releases In,,,,,,,,,,,,,,0,First Day,Hours,0,Throughout,,,,,,,,2029-02-15,2029-02-26,,,,,,,,,,,,,,,
,,,,,,,,,,,,,,,,,,,,,,,,,,2026-04-30,2026-05-11,2029-02-15,2029-02-26,,965 Days,,,,,,,,,,,,,,,,,,,,,,,,Banner Type,-2,2029-02-15 22:00:00,2029-02-26 21:59:59,Fenomeno + Nakayama Festa + (Christmas) + Stay Gold + Dream Journey + (Christmas) + Orfevre + Gold Ship (Summer) + (Project L'Arc),,,Fenomeno + Nakayama Festa + (Christmas) + Stay Gold + Dream Journey + (Christmas) + Orfevre + Gold Ship (Summer) + (Project L'Arc),,,,,,,,,,,
,,,,,,,,,,,,,,,,,,,,,,,,,,,,,,,,,,,,,,,,,,,,,,,,,,,,,,,JP,,JP Datedif,1891,,,,,,,192,192,264,310,2029-02-15 22:00:00,,,,
,,,,,,,,,,,,,,,,,,,,,,,,,,,,,,,,,,,,,,,,,,,,,,,,,,,,,,,Start Date,End Date,Global Datedif,1330,,,,,,,,,,,,,,,
,,,,,,,,,,,,,,,,,,,,,,,,,,,,,,,,,,,,,,,,,,,,,,,,,,,,,,,2026-04-30,2026-05-11,D-Day,965,,,,,,,,,,,,,,,
,,,,,,,,,,,,,,,,,,,,,,,,,,,,,,,,,,,,,,,,,,,,,0,2029-02-26 21:59:59,k3,,,,,,,,Pull Tickets,,Finals Day,975,,,,,,,,,,,,,,,
,,,,,,,,,,,,,,,,,,,,,,,,,,,,,,,,,,,,,,,,,,,,,0,Last Day,,,,,,,,,Uma,Support,Length,11,,,,,,,,,,,,,,,
,,,,,,,,,,,,,,,,,,,,,,,,,,,,,,,,,,,,,,,,,,,,,,,,,,,,,,,0,0,Dropdown,FALSE,,,,,,,,,,,,,,,
,,,,,,,,,,,,,,,,,,,,,,,,,,,,,,,Fenomeno,Nakayama Festa,Stay Gold,Dream Journey,Orfevre,Gold Ship,,,,,,,,,,,,,,,,,,,Limit Break Crystals,,,,,,,,,,,,,,,,,,
,,,,,,,,,,,,,,,,,,,,,,,,,,,,,,,,(Christmas),,(Christmas),,(Summer),,,,,,,,,,,,,,,,,,,SSR,SR,,,,,,,,,,,,,,,,,
,,,,,,,,,,,,,,,,,,,,,,,,,,,,,,,,,,,,(Project L'Arc),,,,,,,,,,,,,Fenomeno + Nakayama Festa + (Christmas) + Stay Gold + Dream Journey + (Christmas) + Orfevre + Gold Ship (Summer) + (Project L'Arc),,,,,,,,,,,,,,,,,,,,,,,,
,,,,,,,,,,,,,,,,,,,,,,,,,,,,,,,,,,,,,,,,,,,,,,,,,,,,,,,,,,,,,,,,,,,,,,,,,
,,,,,,,,,,,,,,,,,,,,,,,,,,,,,,,,,,,,,,,,,,,,,,,,,,,,,,,,,,,,,,,,,,,,,,,,,
,,,,,,,,,,,,,,,,,,,,,,,,,,,,,,,,,,,,,,,,,,,,,,,,,,,,,,,,,,,,,,,,,,,,,,,,,
,,,,,,,,,,,,,,,,,,,,,,,,,,,,,,,,,,,,,,,,,,,,,,,,,,,,,,,,,,,,,,,,,,,,,,,,,
,,,,,,,,,,,,,,,,,,,,,,,,,,,,,,,,,,,,,,,,,,,,,,,,,,,,,,,,,,,,,,,,,,,,,,,,,
,,,,,,,,,,,,,,,,,,,,,,,,,,,,,,,,,,,,,,,,,,,,,,,,,,,,,,,,,,,,,,,,,,,,,,,,,
,,,,,,,,,,,,,,,,,,,,,,,,,,,,,,,,,,,,,,,,,,,,,,,,,,,,,,,,,,,,,,,,,,,,,,,,,
,,,,,,,,,,,,,,,,,,,,,,,,,,,,,,,,,,,,,,,,,,,,,,,,,,,,,,,,,,,,,,,,,,,,,,,,,
,,,,,,,,,,,,,,,,,,,,,,,,,,,,,,,,,,,,,,,,,,,,,,,,,,,,,,,,,,,,,,,,,,,,,,,,,
,,,,,,,,,,,,,,,,,,,,,,,,,,,,,,,,,,,,,,,,,,,,,,,,,,,,,,,,,,,,,,,,,,,,,,,,,
,,,,,,,,,,,,,,,,,,,,,,,,,,,,,,,,,,,,,,,,,,,,,,,,,,,,,,,,,,,,,,,,,,,,,,,,,
,,,,,,,,,,,,,,,,,,,,,,,,,,,,,,,,,,,,,,,,,,,,,,,,,,,,,,,,,,,,,,,,,,,,,,,,,
,,,,,,,,,,,,,,,,,,,,,,,,,,,,,,,,,,,,,,,,,,,,,,,,,,,,,,,,,,,,,,,,,,,,,,,,,
,,,,,,,,,,,,,,,,,,,,,,,,,,,,,,,,,,,,,,,,,,,,,,,,,,,,,,,,,,,,,,,,,,,,,,,,,
,,,,,,,,,,,,,,,,,,,,,,,,,,,,,,,,,,,,,,,,,,,,,,,,,,,,,,,,,,,,,,,,,,,,,,,,,
,,,,,,,,,,,,,,,,,,,,,,,,,,,,,,,,,,,,,,,,,,,,,,,,,,,,,,,,,,,,,,,,,,,,,,,,,
,,,,,,,,,,,,,,,,,,,,,,,,,,,,,,,,,,,,,,,,,,,,,,,,,,,,,,,,,,,,,,,,,,,,,,,,,
,,,,,,,,,,,,,,,,,,,,,,,,,,,,,,,,,,,,,,,,,,,,,,,,,,,,,,,,,,,,,,,,,,,,,,,,,
,,,,,,,,,,,,,,,,,,,,,,,,,,,,,,,,,,,,,,,,,,,,,,,,,,,,,,,,,,,,,,,,,,,,,,,,,
,,,,,,,,,,,,,,,,,,,,,,,,,,,,,,,,,,,,,,,,,,,,,,,,,,,,,,,,,,,,,,,,,,,,,,,,,
,,,,,,,,,,,,,,,,,,,,,,,,,,,,,,,,,,,,,,,,,,,,,,,,,,,,,,,,,,,,,,,,,,,,,,,,,
,,,,,,,,,,,,,,,,,,,,,,,,,,,,,,,,,,,,,,,,,,,,,,,,,,,,,,,,,,,,,,,,,,,,,,,,,
,,,,,,,,,,,,,,,,,,,,,,,,,,,,,,,,,,,,,,,,,,,,,,,,,,,,,,,,,,,,,,,,,,,,,,,,,
,,,,,,,,,,,,,,,,,,,,,,,,,,,,,,,,,,,,,,,,,,,,,,,,,,,,,,,,,,,,,,,,,,,,,,,,,
,,,,,,,,,,,,,,,,,,,,,,,,,,Daily Legend Race Information,,,,,,,,,,,,,,,,,,,,,,,,,,,,,,,,,,,,,,,,,,,,,,,
,,,,,,,,,,,,,,,,,,,,,,,,,,Start Date,End Date,Start Date,End Date,,D-Day,Ani,,,,,,,,,,,,,,,,,,,,,,,,,,,,,,,,,,,,,,,,,
,,,,,,,,,,,,,,,,,,,,,,,,,,2021-08-30,2021-09-10,2025-11-06,2025-11-17,,-233,0.5th,,,,,,,,,,,,,,,,,,,,,,,,,,,,,,,,,,,,,,,,,
,,,,,,,,,,,,,,,,,,,,,,,,,,2022-02-24,2022-03-07,2026-03-12,2026-03-23,,-107,1st,,,,,,,,,,,,,,,,,,,,,,,,,,,,,,,,,,,,,,,,,
,,,,,,,,,,,,,,,,,,,,,,,,,,2022-08-24,2022-09-12,2026-07-12,2026-08-08,,15,1.5th,,,,,,,,,,,,,,,,,,,,,,,,,,,,,,,,,,,,,,,,,
,,,,,,,,,,,,,,,,,,,,,,,,,,2023-02-24,2023-03-20,2026-12-12,2026-12-19,,168,2nd,,,,,,,,,,,,,,,,,,,,,,,,,,,,,,,,,,,,,,,,,
,,,,,,,,,,,,,,,,,,,,,,,,,,2023-08-24,2023-09-11,2027-04-06,2027-04-19,,283,2.5th,,,,,,,,,,,,,,,,,,,,,,,,,,,,,,,,,,,,,,,,,
,,,,,,,,,,,,,,,,,,,,,,,,,,2024-02-24,2024-03-21,2027-08-26,2027-09-03,,425,3rd,,,,,,,,,,,,,,,,,,,,,,,,,,,,,,,,,,,,,,,,,
,,,,,,,,,,,,,,,,,,,,,,,,,,2024-08-24,2024-09-10,2027-12-25,2027-12-30,,546,3.5th,,,,,,,,,,,,,,,,,,,,,,,,,,,,,,,,,,,,,,,,,
,,,,,,,,,,,,,,,,,,,,,,,,,,2025-02-24,2025-03-21,2028-05-08,2028-06-02,,681,4th,,,,,,,,,,,,,,,,,,,,,,,,,,,,,,,,,,,,,,,,,
,,,,,,,,,,,,,,,,,,,,,,,,,,2025-08-24,2025-09-10,2028-09-05,2028-09-22,,801,4.5th,,,,,,,,,,,,,,,,,,,,,,,,,,,,,,,,,,,,,,,,,
,,,,,,,,,,,,,,,,,,,,,,,,,,2026-02-24,2026-03-21,2029-01-01,2029-01-26,,919,5th,,,,,,,,,,,,,,,,,,,,,,,,,,,,,,,,,,,,,,,,,
,,,,,,,,,,,,,,,,,,,,,,,,,,2026-08-24,2026-09-10,2029-05-07,2029-05-24,,1045,5.5th,,,,,,,,,,,,,,,,,,,,,,,,,,,,,,,,,,,,,,,,,
,,,,,,,,,,,,,,,,,,,,,,,,,,2027-02-24,2027-03-21,2029-09-13,2029-10-08,,1174,6th,,,,,,,,,,,,,,,,,,,,,,,,,,,,,,,,,,,,,,,,,
,,,,,,,,,,,,,,,,,,,,,,,,,,2027-08-24,2027-09-10,2030-01-18,2030-02-04,,1301,6.5th,,,,,,,,,,,,,,,,,,,,,,,,,,,,,,,,,,,,,,,,,
,,,,,,,,,,,,,,,,,,,,,,,,,,2028-02-24,2028-03-21,2030-05-27,2030-06-22,,1430,7th,,,,,,,,,,,,,,,,,,,,,,,,,,,,,,,,,,,,,,,,,
,,,,,,,,,,,,,,,,,,,,,,,,,,2028-08-24,2028-09-10,2030-10-01,2030-10-18,,1557,7.5th,,,,,,,,,,,,,,,,,,,,,,,,,,,,,,,,,,,,,,,,,
,,,,,,,,,,,,,,,,,,,,,,,,,,2029-02-24,2029-03-21,2031-02-07,2031-03-04,,1686,8th,,,,,,,,,,,,,,,,,,,,,,,,,,,,,,,,,,,,,,,,,
,,,,,,,,,,,,,,,,,,,,,,,,,,2029-08-24,2029-09-10,2031-06-13,2031-06-30,,1812,8.5th,,,,,,,,,,,,,,,,,,,,,,,,,,,,,,,,,,,,,,,,,
,,,,,,,,,,,,,,,,,,,,,,,,,,2030-02-24,2030-03-21,2031-10-20,2031-11-14,,1941,9th,,,,,,,,,,,,,,,,,,,,,,,,,,,,,,,,,,,,,,,,,
,,,,,,,,,,,,,,,,,,,,,,,,,,2030-08-24,2030-09-10,2032-02-24,2032-03-12,,2068,9.5th,,,,,,,,,,,,,,,,,,,,,,,,,,,,,,,,,,,,,,,,,
,,,,,,,,,,,,,,,,,,,,,,,,,,2031-02-24,2031-03-21,2032-07-02,2032-07-27,,2197,10th,,,,,,,,,,,,,,,,,,,,,,,,,,,,,,,,,,,,,,,,,
,,,,,,,,,,,,,,,,,,,,,,,,,,2031-08-24,2031-09-10,2032-11-05,2032-11-22,,2323,10.5th,,,,,,,,,,,,,,,,,,,,,,,,,,,,,,,,,,,,,,,,,
,,,,,,,,,,,,,,,,,,,,,,,,,,2032-02-24,2032-03-21,2033-03-14,2033-04-09,,2452,11th,,,,,,,,,,,,,,,,,,,,,,,,,,,,,,,,,,,,,,,,,
,,,,,,,,,,,,,,,,,,,,,,,,,,2032-08-24,2032-09-10,2033-07-20,2033-08-06,,2580,11.5th,,,,,,,,,,,,,,,,,,,,,,,,,,,,,,,,,,,,,,,,,
,,,,,,,,,,,,,,,,,,,,,,,,,,2033-02-24,2033-03-21,2033-11-25,2033-12-20,,2708,12th,,,,,,,,,,,,,,,,,,,,,,,,,,,,,,,,,,,,,,,,,
,,,,,,,,,,,,,,,,,,,,,,,,,,2033-08-24,2033-09-10,2034-04-01,2034-04-18,,2835,12.5th,,,,,,,,,,,,,,,,,,,,,,,,,,,,,,,,,,,,,,,,,
,,,,,,,,,,,,,,,,,,,,,,,,,,2034-02-24,2034-03-21,2034-08-08,2034-09-02,,2964,13th,,,,,,,,,,,,,,,,,,,,,,,,,,,,,,,,,,,,,,,,,
,,,,,,,,,,,,,,,,,,,,,,,,,,,,,,,,,,,,,,,,,,,,,,,,,,,,,,,,,,,,,,,,,,,,,,,,,
,,,,,,,,,,,,,,,,,,,,,,,,,,,,,,,,,,,,,,,,,,,,,,,,,,,,,,,,,,,,,,,,,,,,,,,,,
,,,,,,,,,,,,,,,,,,,,,,,,,,,,,,,,,,,,,,,,,,,,,,,,,,,,,,,,,,,,,,,,,,,,,,,,,
,,,,,,,,,,,,,,,,,,,,,,,,,,,,,,,,,,,,,,,,,,,,,,,,,,,,,,,,,,,,,,,,,,,,,,,,,
,,,,,,,,,,,,,,,,,,,,,,,,,,,,,,,,,,,,,,,,,,,,,,,,,,,,,,,,,,,,,,,,,,,,,,,,,
,,,,,,,,,,,,,,,,,,,,,,,,,,,,,,,,,,,,,,,,,,,,,,,,,,,,,,,,,,,,,,,,,,,,,,,,,
,,,,,,,,,,,,,,,,,,,,,,,,,,,,,,,,,,,,,,,,,,,,,,,,,,,,,,,,,,,,,,,,,,,,,,,,,
,,,,,,,,,,,,,,,,,,,,,,,,,,,,,,,,,,,,,,,,,,,,,,,,,,,,,,,,,,,,,,,,,,,,,,,,,
,,,,,,,,,,,,,,,,,,,,,,,,,,,,,,,,,,,,,,,,,,,,,,,,,,,,,,,,,,,,,,,,,,,,,,,,,
,,,,,,,,,,,,,,,,,,,,,,,,,,,,,,,,,,,,,,,,,,,,,,,,,,,,,,,,,,,,,,,,,,,,,,,,,
,,,,,,,,,,,,,,,,,,,,,,,,,,,,,,,,,,,,,,,,,,,,,,,,,,,,,,,,,,,,,,,,,,,,,,,,,
,,,,,,,,,,,,,,,,,,,,,,,,,,,,,,,,,,,,,,,,,,,,,,,,,,,,,,,,,,,,,,,,,,,,,,,,,
,,,,,,,,,,,,,,,,,,,,,,,,,,,,,,,,,,,,,,,,,,,,,,,,,,,,,,,,,,,,,,,,,,,,,,,,,
,,,,,,,,,,,,,,,,,,,,,,,,,,,,,,,,,,,,,,,,,,,,,,,,,,,,,,,,,,,,,,,,,,,,,,,,,
,,,,,,,,,,,,,,,,,,,,,,,,,,,,,,,,,,,,,,,,,,,,,Template,,,,,,,,,,,,,,,,,,,,,,,,,,,,